2025-07-22 17:28:03,661 - INFO - Database initialized successfully
2025-07-22 17:28:03,662 - INFO - SD3 Complete Automation System initialized
2025-07-22 17:28:03,662 - INFO - Starting automated SD3 extraction process
2025-07-22 17:28:03,664 - INFO - Found 579 MIDI patterns to process
2025-07-22 17:28:03,664 - INFO - Waiting for Superior Drummer 3 to be ready...
2025-07-22 17:28:03,666 - INFO - Superior Drummer 3 is ready
2025-07-22 17:28:03,666 - INFO - Processing 1/579: china_china_hard_053.mid
2025-07-22 17:28:03,666 - INFO - Processing MIDI file: china_china_hard_053.mid
2025-07-22 17:28:03,666 - INFO - Loading MIDI file: china_china_hard_053.mid
2025-07-22 17:28:10,040 - INFO - MIDI file loaded: china_china_hard_053.mid
2025-07-22 17:28:10,042 - INFO - Rendering audio: china_china_hard_053
2025-07-22 17:28:44,441 - ERROR - Render timeout for china_china_hard_053
2025-07-22 17:28:44,447 - ERROR - Failed to process china_china_hard_053.mid: Failed to render audio
2025-07-22 17:28:44,447 - INFO - Progress: 0.2% (1/579)
2025-07-22 17:28:44,948 - INFO - Processing 2/579: china_china_medium_052.mid
2025-07-22 17:28:44,948 - INFO - Processing MIDI file: china_china_medium_052.mid
2025-07-22 17:28:44,948 - INFO - Loading MIDI file: china_china_medium_052.mid
2025-07-22 17:28:51,317 - INFO - MIDI file loaded: china_china_medium_052.mid
2025-07-22 17:28:51,317 - INFO - Rendering audio: china_china_medium_052
2025-07-22 17:29:25,702 - ERROR - Render timeout for china_china_medium_052
2025-07-22 17:29:25,708 - ERROR - Failed to process china_china_medium_052.mid: Failed to render audio
2025-07-22 17:29:25,708 - INFO - Progress: 0.3% (2/579)
2025-07-22 17:29:26,208 - INFO - Processing 3/579: china_china_soft_051.mid
2025-07-22 17:29:26,209 - INFO - Processing MIDI file: china_china_soft_051.mid
2025-07-22 17:29:26,209 - INFO - Loading MIDI file: china_china_soft_051.mid
2025-07-22 17:29:32,575 - INFO - MIDI file loaded: china_china_soft_051.mid
2025-07-22 17:29:32,575 - INFO - Rendering audio: china_china_soft_051
2025-07-22 17:30:06,959 - ERROR - Render timeout for china_china_soft_051
2025-07-22 17:30:06,965 - ERROR - Failed to process china_china_soft_051.mid: Failed to render audio
2025-07-22 17:30:06,965 - INFO - Progress: 0.5% (3/579)
2025-07-22 17:30:07,466 - INFO - Processing 4/579: crash_crash_1_hard_044.mid
2025-07-22 17:30:07,466 - INFO - Processing MIDI file: crash_crash_1_hard_044.mid
2025-07-22 17:30:07,467 - INFO - Loading MIDI file: crash_crash_1_hard_044.mid
2025-07-22 17:30:13,835 - INFO - MIDI file loaded: crash_crash_1_hard_044.mid
2025-07-22 17:30:13,836 - INFO - Rendering audio: crash_crash_1_hard_044
2025-07-22 17:30:48,223 - ERROR - Render timeout for crash_crash_1_hard_044
2025-07-22 17:30:48,229 - ERROR - Failed to process crash_crash_1_hard_044.mid: Failed to render audio
2025-07-22 17:30:48,230 - INFO - Progress: 0.7% (4/579)
2025-07-22 17:30:48,730 - INFO - Processing 5/579: crash_crash_1_medium_043.mid
2025-07-22 17:30:48,731 - INFO - Processing MIDI file: crash_crash_1_medium_043.mid
2025-07-22 17:30:48,731 - INFO - Loading MIDI file: crash_crash_1_medium_043.mid
2025-07-22 17:30:55,101 - INFO - MIDI file loaded: crash_crash_1_medium_043.mid
2025-07-22 17:30:55,102 - INFO - Rendering audio: crash_crash_1_medium_043
2025-07-22 17:31:29,487 - ERROR - Render timeout for crash_crash_1_medium_043
2025-07-22 17:31:29,493 - ERROR - Failed to process crash_crash_1_medium_043.mid: Failed to render audio
2025-07-22 17:31:29,494 - INFO - Progress: 0.9% (5/579)
2025-07-22 17:31:29,994 - INFO - Processing 6/579: crash_crash_1_soft_042.mid
2025-07-22 17:31:29,994 - INFO - Processing MIDI file: crash_crash_1_soft_042.mid
2025-07-22 17:31:29,995 - INFO - Loading MIDI file: crash_crash_1_soft_042.mid
2025-07-22 17:31:36,364 - INFO - MIDI file loaded: crash_crash_1_soft_042.mid
2025-07-22 17:31:36,365 - INFO - Rendering audio: crash_crash_1_soft_042
2025-07-22 17:32:10,749 - ERROR - Render timeout for crash_crash_1_soft_042
2025-07-22 17:32:10,755 - ERROR - Failed to process crash_crash_1_soft_042.mid: Failed to render audio
2025-07-22 17:32:10,755 - INFO - Progress: 1.0% (6/579)
2025-07-22 17:32:11,256 - INFO - Processing 7/579: crash_crash_2_hard_047.mid
2025-07-22 17:32:11,256 - INFO - Processing MIDI file: crash_crash_2_hard_047.mid
2025-07-22 17:32:11,257 - INFO - Loading MIDI file: crash_crash_2_hard_047.mid
2025-07-22 17:32:17,625 - INFO - MIDI file loaded: crash_crash_2_hard_047.mid
2025-07-22 17:32:17,626 - INFO - Rendering audio: crash_crash_2_hard_047
2025-07-22 17:32:52,013 - ERROR - Render timeout for crash_crash_2_hard_047
2025-07-22 17:32:52,019 - ERROR - Failed to process crash_crash_2_hard_047.mid: Failed to render audio
2025-07-22 17:32:52,019 - INFO - Progress: 1.2% (7/579)
2025-07-22 17:32:52,520 - INFO - Processing 8/579: crash_crash_2_medium_046.mid
2025-07-22 17:32:52,520 - INFO - Processing MIDI file: crash_crash_2_medium_046.mid
2025-07-22 17:32:52,520 - INFO - Loading MIDI file: crash_crash_2_medium_046.mid
2025-07-22 17:32:58,891 - INFO - MIDI file loaded: crash_crash_2_medium_046.mid
2025-07-22 17:32:58,892 - INFO - Rendering audio: crash_crash_2_medium_046
2025-07-22 17:33:33,279 - ERROR - Render timeout for crash_crash_2_medium_046
2025-07-22 17:33:33,284 - ERROR - Failed to process crash_crash_2_medium_046.mid: Failed to render audio
2025-07-22 17:33:33,285 - INFO - Progress: 1.4% (8/579)
2025-07-22 17:33:33,785 - INFO - Processing 9/579: crash_crash_2_soft_045.mid
2025-07-22 17:33:33,786 - INFO - Processing MIDI file: crash_crash_2_soft_045.mid
2025-07-22 17:33:33,786 - INFO - Loading MIDI file: crash_crash_2_soft_045.mid
2025-07-22 17:33:40,158 - INFO - MIDI file loaded: crash_crash_2_soft_045.mid
2025-07-22 17:33:40,158 - INFO - Rendering audio: crash_crash_2_soft_045
2025-07-22 17:34:14,541 - ERROR - Render timeout for crash_crash_2_soft_045
2025-07-22 17:34:14,546 - ERROR - Failed to process crash_crash_2_soft_045.mid: Failed to render audio
2025-07-22 17:34:14,547 - INFO - Progress: 1.6% (9/579)
2025-07-22 17:34:15,047 - INFO - Processing 10/579: hihat_hihat_closed_edge_accent_closed_078.mid
2025-07-22 17:34:15,047 - INFO - Processing MIDI file: hihat_hihat_closed_edge_accent_closed_078.mid
2025-07-22 17:34:15,048 - INFO - Loading MIDI file: hihat_hihat_closed_edge_accent_closed_078.mid
2025-07-22 17:34:21,434 - INFO - MIDI file loaded: hihat_hihat_closed_edge_accent_closed_078.mid
2025-07-22 17:34:21,434 - INFO - Rendering audio: hihat_hihat_closed_edge_accent_closed_078
2025-07-22 17:34:55,855 - ERROR - Render timeout for hihat_hihat_closed_edge_accent_closed_078
2025-07-22 17:34:55,860 - ERROR - Failed to process hihat_hihat_closed_edge_accent_closed_078.mid: Failed to render audio
2025-07-22 17:34:55,860 - INFO - Progress: 1.7% (10/579)
2025-07-22 17:34:56,361 - INFO - Processing 11/579: hihat_hihat_closed_edge_accent_fully_open_083.mid
2025-07-22 17:34:56,361 - INFO - Processing MIDI file: hihat_hihat_closed_edge_accent_fully_open_083.mid
2025-07-22 17:34:56,361 - INFO - Loading MIDI file: hihat_hihat_closed_edge_accent_fully_open_083.mid
2025-07-22 17:35:02,750 - INFO - MIDI file loaded: hihat_hihat_closed_edge_accent_fully_open_083.mid
2025-07-22 17:35:02,750 - INFO - Rendering audio: hihat_hihat_closed_edge_accent_fully_open_083
2025-07-22 17:35:37,161 - ERROR - Render timeout for hihat_hihat_closed_edge_accent_fully_open_083
2025-07-22 17:35:37,167 - ERROR - Failed to process hihat_hihat_closed_edge_accent_fully_open_083.mid: Failed to render audio
2025-07-22 17:35:37,167 - INFO - Progress: 1.9% (11/579)
2025-07-22 17:35:37,668 - INFO - Processing 12/579: hihat_hihat_closed_edge_accent_half_open_081.mid
2025-07-22 17:35:37,668 - INFO - Processing MIDI file: hihat_hihat_closed_edge_accent_half_open_081.mid
2025-07-22 17:35:37,668 - INFO - Loading MIDI file: hihat_hihat_closed_edge_accent_half_open_081.mid
2025-07-22 17:35:44,056 - INFO - MIDI file loaded: hihat_hihat_closed_edge_accent_half_open_081.mid
2025-07-22 17:35:44,057 - INFO - Rendering audio: hihat_hihat_closed_edge_accent_half_open_081
2025-07-22 17:36:18,463 - ERROR - Render timeout for hihat_hihat_closed_edge_accent_half_open_081
2025-07-22 17:36:18,469 - ERROR - Failed to process hihat_hihat_closed_edge_accent_half_open_081.mid: Failed to render audio
2025-07-22 17:36:18,469 - INFO - Progress: 2.1% (12/579)
2025-07-22 17:36:18,969 - INFO - Processing 13/579: hihat_hihat_closed_edge_accent_quarter_open_080.mid
2025-07-22 17:36:18,970 - INFO - Processing MIDI file: hihat_hihat_closed_edge_accent_quarter_open_080.mid
2025-07-22 17:36:18,970 - INFO - Loading MIDI file: hihat_hihat_closed_edge_accent_quarter_open_080.mid
2025-07-22 17:36:25,359 - INFO - MIDI file loaded: hihat_hihat_closed_edge_accent_quarter_open_080.mid
2025-07-22 17:36:25,360 - INFO - Rendering audio: hihat_hihat_closed_edge_accent_quarter_open_080
2025-07-22 17:36:59,773 - ERROR - Render timeout for hihat_hihat_closed_edge_accent_quarter_open_080
2025-07-22 17:36:59,779 - ERROR - Failed to process hihat_hihat_closed_edge_accent_quarter_open_080.mid: Failed to render audio
2025-07-22 17:36:59,780 - INFO - Progress: 2.2% (13/579)
2025-07-22 17:37:00,281 - INFO - Processing 14/579: hihat_hihat_closed_edge_accent_slightly_open_079.mid
2025-07-22 17:37:00,281 - INFO - Processing MIDI file: hihat_hihat_closed_edge_accent_slightly_open_079.mid
2025-07-22 17:37:00,281 - INFO - Loading MIDI file: hihat_hihat_closed_edge_accent_slightly_open_079.mid
2025-07-22 17:37:06,674 - INFO - MIDI file loaded: hihat_hihat_closed_edge_accent_slightly_open_079.mid
2025-07-22 17:37:06,674 - INFO - Rendering audio: hihat_hihat_closed_edge_accent_slightly_open_079
2025-07-22 17:37:41,083 - ERROR - Render timeout for hihat_hihat_closed_edge_accent_slightly_open_079
2025-07-22 17:37:41,088 - ERROR - Failed to process hihat_hihat_closed_edge_accent_slightly_open_079.mid: Failed to render audio
2025-07-22 17:37:41,088 - INFO - Progress: 2.4% (14/579)
2025-07-22 17:37:41,589 - INFO - Processing 15/579: hihat_hihat_closed_edge_accent_three_quarter_open_082.mid
2025-07-22 17:37:41,589 - INFO - Processing MIDI file: hihat_hihat_closed_edge_accent_three_quarter_open_082.mid
2025-07-22 17:37:41,589 - INFO - Loading MIDI file: hihat_hihat_closed_edge_accent_three_quarter_open_082.mid
2025-07-22 17:37:47,985 - INFO - MIDI file loaded: hihat_hihat_closed_edge_accent_three_quarter_open_082.mid
2025-07-22 17:37:47,985 - INFO - Rendering audio: hihat_hihat_closed_edge_accent_three_quarter_open_082
2025-07-22 17:38:22,396 - ERROR - Render timeout for hihat_hihat_closed_edge_accent_three_quarter_open_082
2025-07-22 17:38:22,402 - ERROR - Failed to process hihat_hihat_closed_edge_accent_three_quarter_open_082.mid: Failed to render audio
2025-07-22 17:38:22,402 - INFO - Progress: 2.6% (15/579)
2025-07-22 17:38:22,902 - INFO - Processing 16/579: hihat_hihat_closed_edge_ghost_closed_042.mid
2025-07-22 17:38:22,903 - INFO - Processing MIDI file: hihat_hihat_closed_edge_ghost_closed_042.mid
2025-07-22 17:38:22,903 - INFO - Loading MIDI file: hihat_hihat_closed_edge_ghost_closed_042.mid
2025-07-22 17:38:29,285 - INFO - MIDI file loaded: hihat_hihat_closed_edge_ghost_closed_042.mid
2025-07-22 17:38:29,285 - INFO - Rendering audio: hihat_hihat_closed_edge_ghost_closed_042
2025-07-22 17:39:03,686 - ERROR - Render timeout for hihat_hihat_closed_edge_ghost_closed_042
2025-07-22 17:39:03,692 - ERROR - Failed to process hihat_hihat_closed_edge_ghost_closed_042.mid: Failed to render audio
2025-07-22 17:39:03,692 - INFO - Progress: 2.8% (16/579)
2025-07-22 17:39:04,192 - INFO - Processing 17/579: hihat_hihat_closed_edge_ghost_fully_open_047.mid
2025-07-22 17:39:04,192 - INFO - Processing MIDI file: hihat_hihat_closed_edge_ghost_fully_open_047.mid
2025-07-22 17:39:04,193 - INFO - Loading MIDI file: hihat_hihat_closed_edge_ghost_fully_open_047.mid
2025-07-22 17:39:10,579 - INFO - MIDI file loaded: hihat_hihat_closed_edge_ghost_fully_open_047.mid
2025-07-22 17:39:10,580 - INFO - Rendering audio: hihat_hihat_closed_edge_ghost_fully_open_047
2025-07-22 17:39:44,982 - ERROR - Render timeout for hihat_hihat_closed_edge_ghost_fully_open_047
2025-07-22 17:39:44,987 - ERROR - Failed to process hihat_hihat_closed_edge_ghost_fully_open_047.mid: Failed to render audio
2025-07-22 17:39:44,988 - INFO - Progress: 2.9% (17/579)
2025-07-22 17:39:45,489 - INFO - Processing 18/579: hihat_hihat_closed_edge_ghost_half_open_045.mid
2025-07-22 17:39:45,489 - INFO - Processing MIDI file: hihat_hihat_closed_edge_ghost_half_open_045.mid
2025-07-22 17:39:45,489 - INFO - Loading MIDI file: hihat_hihat_closed_edge_ghost_half_open_045.mid
2025-07-22 17:39:51,876 - INFO - MIDI file loaded: hihat_hihat_closed_edge_ghost_half_open_045.mid
2025-07-22 17:39:51,876 - INFO - Rendering audio: hihat_hihat_closed_edge_ghost_half_open_045
2025-07-22 17:40:26,282 - ERROR - Render timeout for hihat_hihat_closed_edge_ghost_half_open_045
2025-07-22 17:40:26,287 - ERROR - Failed to process hihat_hihat_closed_edge_ghost_half_open_045.mid: Failed to render audio
2025-07-22 17:40:26,288 - INFO - Progress: 3.1% (18/579)
2025-07-22 17:40:26,788 - INFO - Processing 19/579: hihat_hihat_closed_edge_ghost_quarter_open_044.mid
2025-07-22 17:40:26,788 - INFO - Processing MIDI file: hihat_hihat_closed_edge_ghost_quarter_open_044.mid
2025-07-22 17:40:26,789 - INFO - Loading MIDI file: hihat_hihat_closed_edge_ghost_quarter_open_044.mid
2025-07-22 17:40:33,177 - INFO - MIDI file loaded: hihat_hihat_closed_edge_ghost_quarter_open_044.mid
2025-07-22 17:40:33,177 - INFO - Rendering audio: hihat_hihat_closed_edge_ghost_quarter_open_044
2025-07-22 17:41:07,581 - ERROR - Render timeout for hihat_hihat_closed_edge_ghost_quarter_open_044
2025-07-22 17:41:07,587 - ERROR - Failed to process hihat_hihat_closed_edge_ghost_quarter_open_044.mid: Failed to render audio
2025-07-22 17:41:07,587 - INFO - Progress: 3.3% (19/579)
2025-07-22 17:41:08,088 - INFO - Processing 20/579: hihat_hihat_closed_edge_ghost_slightly_open_043.mid
2025-07-22 17:41:08,089 - INFO - Processing MIDI file: hihat_hihat_closed_edge_ghost_slightly_open_043.mid
2025-07-22 17:41:08,089 - INFO - Loading MIDI file: hihat_hihat_closed_edge_ghost_slightly_open_043.mid
2025-07-22 17:41:14,478 - INFO - MIDI file loaded: hihat_hihat_closed_edge_ghost_slightly_open_043.mid
2025-07-22 17:41:14,478 - INFO - Rendering audio: hihat_hihat_closed_edge_ghost_slightly_open_043
2025-07-22 17:41:48,884 - ERROR - Render timeout for hihat_hihat_closed_edge_ghost_slightly_open_043
2025-07-22 17:41:48,890 - ERROR - Failed to process hihat_hihat_closed_edge_ghost_slightly_open_043.mid: Failed to render audio
2025-07-22 17:41:48,890 - INFO - Progress: 3.5% (20/579)
2025-07-22 17:41:49,391 - INFO - Processing 21/579: hihat_hihat_closed_edge_ghost_three_quarter_open_046.mid
2025-07-22 17:41:49,391 - INFO - Processing MIDI file: hihat_hihat_closed_edge_ghost_three_quarter_open_046.mid
2025-07-22 17:41:49,391 - INFO - Loading MIDI file: hihat_hihat_closed_edge_ghost_three_quarter_open_046.mid
2025-07-22 17:41:55,785 - INFO - MIDI file loaded: hihat_hihat_closed_edge_ghost_three_quarter_open_046.mid
2025-07-22 17:41:55,785 - INFO - Rendering audio: hihat_hihat_closed_edge_ghost_three_quarter_open_046
2025-07-22 17:42:30,194 - ERROR - Render timeout for hihat_hihat_closed_edge_ghost_three_quarter_open_046
2025-07-22 17:42:30,200 - ERROR - Failed to process hihat_hihat_closed_edge_ghost_three_quarter_open_046.mid: Failed to render audio
2025-07-22 17:42:30,200 - INFO - Progress: 3.6% (21/579)
2025-07-22 17:42:30,700 - INFO - Processing 22/579: hihat_hihat_closed_edge_hard_closed_072.mid
2025-07-22 17:42:30,701 - INFO - Processing MIDI file: hihat_hihat_closed_edge_hard_closed_072.mid
2025-07-22 17:42:30,701 - INFO - Loading MIDI file: hihat_hihat_closed_edge_hard_closed_072.mid
2025-07-22 17:42:37,082 - INFO - MIDI file loaded: hihat_hihat_closed_edge_hard_closed_072.mid
2025-07-22 17:42:37,082 - INFO - Rendering audio: hihat_hihat_closed_edge_hard_closed_072
2025-07-22 17:43:11,485 - ERROR - Render timeout for hihat_hihat_closed_edge_hard_closed_072
2025-07-22 17:43:11,491 - ERROR - Failed to process hihat_hihat_closed_edge_hard_closed_072.mid: Failed to render audio
2025-07-22 17:43:11,491 - INFO - Progress: 3.8% (22/579)
2025-07-22 17:43:11,992 - INFO - Processing 23/579: hihat_hihat_closed_edge_hard_fully_open_077.mid
2025-07-22 17:43:11,992 - INFO - Processing MIDI file: hihat_hihat_closed_edge_hard_fully_open_077.mid
2025-07-22 17:43:11,992 - INFO - Loading MIDI file: hihat_hihat_closed_edge_hard_fully_open_077.mid
2025-07-22 17:43:18,378 - INFO - MIDI file loaded: hihat_hihat_closed_edge_hard_fully_open_077.mid
2025-07-22 17:43:18,378 - INFO - Rendering audio: hihat_hihat_closed_edge_hard_fully_open_077
2025-07-22 17:43:52,782 - ERROR - Render timeout for hihat_hihat_closed_edge_hard_fully_open_077
2025-07-22 17:43:52,789 - ERROR - Failed to process hihat_hihat_closed_edge_hard_fully_open_077.mid: Failed to render audio
2025-07-22 17:43:52,789 - INFO - Progress: 4.0% (23/579)
2025-07-22 17:43:53,290 - INFO - Processing 24/579: hihat_hihat_closed_edge_hard_half_open_075.mid
2025-07-22 17:43:53,290 - INFO - Processing MIDI file: hihat_hihat_closed_edge_hard_half_open_075.mid
2025-07-22 17:43:53,290 - INFO - Loading MIDI file: hihat_hihat_closed_edge_hard_half_open_075.mid
2025-07-22 17:43:59,680 - INFO - MIDI file loaded: hihat_hihat_closed_edge_hard_half_open_075.mid
2025-07-22 17:43:59,680 - INFO - Rendering audio: hihat_hihat_closed_edge_hard_half_open_075
2025-07-22 17:44:34,086 - ERROR - Render timeout for hihat_hihat_closed_edge_hard_half_open_075
2025-07-22 17:44:34,092 - ERROR - Failed to process hihat_hihat_closed_edge_hard_half_open_075.mid: Failed to render audio
2025-07-22 17:44:34,092 - INFO - Progress: 4.1% (24/579)
2025-07-22 17:44:34,593 - INFO - Processing 25/579: hihat_hihat_closed_edge_hard_quarter_open_074.mid
2025-07-22 17:44:34,593 - INFO - Processing MIDI file: hihat_hihat_closed_edge_hard_quarter_open_074.mid
2025-07-22 17:44:34,593 - INFO - Loading MIDI file: hihat_hihat_closed_edge_hard_quarter_open_074.mid
2025-07-22 17:44:40,982 - INFO - MIDI file loaded: hihat_hihat_closed_edge_hard_quarter_open_074.mid
2025-07-22 17:44:40,982 - INFO - Rendering audio: hihat_hihat_closed_edge_hard_quarter_open_074
2025-07-22 17:45:15,386 - ERROR - Render timeout for hihat_hihat_closed_edge_hard_quarter_open_074
2025-07-22 17:45:15,392 - ERROR - Failed to process hihat_hihat_closed_edge_hard_quarter_open_074.mid: Failed to render audio
2025-07-22 17:45:15,392 - INFO - Progress: 4.3% (25/579)
2025-07-22 17:45:15,893 - INFO - Processing 26/579: hihat_hihat_closed_edge_hard_slightly_open_073.mid
2025-07-22 17:45:15,893 - INFO - Processing MIDI file: hihat_hihat_closed_edge_hard_slightly_open_073.mid
2025-07-22 17:45:15,894 - INFO - Loading MIDI file: hihat_hihat_closed_edge_hard_slightly_open_073.mid
2025-07-22 17:45:22,282 - INFO - MIDI file loaded: hihat_hihat_closed_edge_hard_slightly_open_073.mid
2025-07-22 17:45:22,283 - INFO - Rendering audio: hihat_hihat_closed_edge_hard_slightly_open_073
2025-07-22 17:45:56,688 - ERROR - Render timeout for hihat_hihat_closed_edge_hard_slightly_open_073
2025-07-22 17:45:56,693 - ERROR - Failed to process hihat_hihat_closed_edge_hard_slightly_open_073.mid: Failed to render audio
2025-07-22 17:45:56,694 - INFO - Progress: 4.5% (26/579)
2025-07-22 17:45:57,194 - INFO - Processing 27/579: hihat_hihat_closed_edge_hard_three_quarter_open_076.mid
2025-07-22 17:45:57,194 - INFO - Processing MIDI file: hihat_hihat_closed_edge_hard_three_quarter_open_076.mid
2025-07-22 17:45:57,195 - INFO - Loading MIDI file: hihat_hihat_closed_edge_hard_three_quarter_open_076.mid
2025-07-22 17:46:03,587 - INFO - MIDI file loaded: hihat_hihat_closed_edge_hard_three_quarter_open_076.mid
2025-07-22 17:46:03,588 - INFO - Rendering audio: hihat_hihat_closed_edge_hard_three_quarter_open_076
2025-07-22 17:46:37,996 - ERROR - Render timeout for hihat_hihat_closed_edge_hard_three_quarter_open_076
2025-07-22 17:46:38,002 - ERROR - Failed to process hihat_hihat_closed_edge_hard_three_quarter_open_076.mid: Failed to render audio
2025-07-22 17:46:38,002 - INFO - Progress: 4.7% (27/579)
2025-07-22 17:46:38,503 - INFO - Processing 28/579: hihat_hihat_closed_edge_medium_closed_060.mid
2025-07-22 17:46:38,503 - INFO - Processing MIDI file: hihat_hihat_closed_edge_medium_closed_060.mid
2025-07-22 17:46:38,503 - INFO - Loading MIDI file: hihat_hihat_closed_edge_medium_closed_060.mid
2025-07-22 17:46:44,885 - INFO - MIDI file loaded: hihat_hihat_closed_edge_medium_closed_060.mid
2025-07-22 17:46:44,885 - INFO - Rendering audio: hihat_hihat_closed_edge_medium_closed_060
2025-07-22 17:47:19,286 - ERROR - Render timeout for hihat_hihat_closed_edge_medium_closed_060
2025-07-22 17:47:19,292 - ERROR - Failed to process hihat_hihat_closed_edge_medium_closed_060.mid: Failed to render audio
2025-07-22 17:47:19,292 - INFO - Progress: 4.8% (28/579)
2025-07-22 17:47:19,793 - INFO - Processing 29/579: hihat_hihat_closed_edge_medium_fully_open_065.mid
2025-07-22 17:47:19,793 - INFO - Processing MIDI file: hihat_hihat_closed_edge_medium_fully_open_065.mid
2025-07-22 17:47:19,793 - INFO - Loading MIDI file: hihat_hihat_closed_edge_medium_fully_open_065.mid
2025-07-22 17:47:26,179 - INFO - MIDI file loaded: hihat_hihat_closed_edge_medium_fully_open_065.mid
2025-07-22 17:47:26,179 - INFO - Rendering audio: hihat_hihat_closed_edge_medium_fully_open_065
2025-07-22 17:48:00,586 - ERROR - Render timeout for hihat_hihat_closed_edge_medium_fully_open_065
2025-07-22 17:48:00,592 - ERROR - Failed to process hihat_hihat_closed_edge_medium_fully_open_065.mid: Failed to render audio
2025-07-22 17:48:00,592 - INFO - Progress: 5.0% (29/579)
2025-07-22 17:48:01,093 - INFO - Processing 30/579: hihat_hihat_closed_edge_medium_half_open_063.mid
2025-07-22 17:48:01,093 - INFO - Processing MIDI file: hihat_hihat_closed_edge_medium_half_open_063.mid
2025-07-22 17:48:01,094 - INFO - Loading MIDI file: hihat_hihat_closed_edge_medium_half_open_063.mid
2025-07-22 17:48:07,478 - INFO - MIDI file loaded: hihat_hihat_closed_edge_medium_half_open_063.mid
2025-07-22 17:48:07,478 - INFO - Rendering audio: hihat_hihat_closed_edge_medium_half_open_063
2025-07-22 17:48:41,883 - ERROR - Render timeout for hihat_hihat_closed_edge_medium_half_open_063
2025-07-22 17:48:41,889 - ERROR - Failed to process hihat_hihat_closed_edge_medium_half_open_063.mid: Failed to render audio
2025-07-22 17:48:41,889 - INFO - Progress: 5.2% (30/579)
2025-07-22 17:48:42,389 - INFO - Processing 31/579: hihat_hihat_closed_edge_medium_hard_closed_066.mid
2025-07-22 17:48:42,389 - INFO - Processing MIDI file: hihat_hihat_closed_edge_medium_hard_closed_066.mid
2025-07-22 17:48:42,390 - INFO - Loading MIDI file: hihat_hihat_closed_edge_medium_hard_closed_066.mid
2025-07-22 17:48:48,777 - INFO - MIDI file loaded: hihat_hihat_closed_edge_medium_hard_closed_066.mid
2025-07-22 17:48:48,777 - INFO - Rendering audio: hihat_hihat_closed_edge_medium_hard_closed_066
2025-07-22 17:49:23,186 - ERROR - Render timeout for hihat_hihat_closed_edge_medium_hard_closed_066
2025-07-22 17:49:23,191 - ERROR - Failed to process hihat_hihat_closed_edge_medium_hard_closed_066.mid: Failed to render audio
2025-07-22 17:49:23,192 - INFO - Progress: 5.4% (31/579)
2025-07-22 17:49:23,692 - INFO - Processing 32/579: hihat_hihat_closed_edge_medium_hard_fully_open_071.mid
2025-07-22 17:49:23,692 - INFO - Processing MIDI file: hihat_hihat_closed_edge_medium_hard_fully_open_071.mid
2025-07-22 17:49:23,693 - INFO - Loading MIDI file: hihat_hihat_closed_edge_medium_hard_fully_open_071.mid
2025-07-22 17:49:30,088 - INFO - MIDI file loaded: hihat_hihat_closed_edge_medium_hard_fully_open_071.mid
2025-07-22 17:49:30,088 - INFO - Rendering audio: hihat_hihat_closed_edge_medium_hard_fully_open_071
2025-07-22 17:50:04,494 - ERROR - Render timeout for hihat_hihat_closed_edge_medium_hard_fully_open_071
2025-07-22 17:50:04,500 - ERROR - Failed to process hihat_hihat_closed_edge_medium_hard_fully_open_071.mid: Failed to render audio
2025-07-22 17:50:04,500 - INFO - Progress: 5.5% (32/579)
2025-07-22 17:50:05,001 - INFO - Processing 33/579: hihat_hihat_closed_edge_medium_hard_half_open_069.mid
2025-07-22 17:50:05,001 - INFO - Processing MIDI file: hihat_hihat_closed_edge_medium_hard_half_open_069.mid
2025-07-22 17:50:05,001 - INFO - Loading MIDI file: hihat_hihat_closed_edge_medium_hard_half_open_069.mid
2025-07-22 17:50:11,391 - INFO - MIDI file loaded: hihat_hihat_closed_edge_medium_hard_half_open_069.mid
2025-07-22 17:50:11,391 - INFO - Rendering audio: hihat_hihat_closed_edge_medium_hard_half_open_069
2025-07-22 17:50:45,799 - ERROR - Render timeout for hihat_hihat_closed_edge_medium_hard_half_open_069
2025-07-22 17:50:45,804 - ERROR - Failed to process hihat_hihat_closed_edge_medium_hard_half_open_069.mid: Failed to render audio
2025-07-22 17:50:45,804 - INFO - Progress: 5.7% (33/579)
2025-07-22 17:50:46,304 - INFO - Processing 34/579: hihat_hihat_closed_edge_medium_hard_quarter_open_068.mid
2025-07-22 17:50:46,305 - INFO - Processing MIDI file: hihat_hihat_closed_edge_medium_hard_quarter_open_068.mid
2025-07-22 17:50:46,305 - INFO - Loading MIDI file: hihat_hihat_closed_edge_medium_hard_quarter_open_068.mid
2025-07-22 17:50:52,702 - INFO - MIDI file loaded: hihat_hihat_closed_edge_medium_hard_quarter_open_068.mid
2025-07-22 17:50:52,703 - INFO - Rendering audio: hihat_hihat_closed_edge_medium_hard_quarter_open_068
2025-07-22 17:51:27,111 - ERROR - Render timeout for hihat_hihat_closed_edge_medium_hard_quarter_open_068
2025-07-22 17:51:27,117 - ERROR - Failed to process hihat_hihat_closed_edge_medium_hard_quarter_open_068.mid: Failed to render audio
2025-07-22 17:51:27,117 - INFO - Progress: 5.9% (34/579)
2025-07-22 17:51:27,617 - INFO - Processing 35/579: hihat_hihat_closed_edge_medium_hard_slightly_open_067.mid
2025-07-22 17:51:27,618 - INFO - Processing MIDI file: hihat_hihat_closed_edge_medium_hard_slightly_open_067.mid
2025-07-22 17:51:27,618 - INFO - Loading MIDI file: hihat_hihat_closed_edge_medium_hard_slightly_open_067.mid
2025-07-22 17:51:34,012 - INFO - MIDI file loaded: hihat_hihat_closed_edge_medium_hard_slightly_open_067.mid
2025-07-22 17:51:34,012 - INFO - Rendering audio: hihat_hihat_closed_edge_medium_hard_slightly_open_067
2025-07-22 17:52:08,424 - ERROR - Render timeout for hihat_hihat_closed_edge_medium_hard_slightly_open_067
2025-07-22 17:52:08,430 - ERROR - Failed to process hihat_hihat_closed_edge_medium_hard_slightly_open_067.mid: Failed to render audio
2025-07-22 17:52:08,430 - INFO - Progress: 6.0% (35/579)
2025-07-22 17:52:08,930 - INFO - Processing 36/579: hihat_hihat_closed_edge_medium_hard_three_quarter_open_070.mid
2025-07-22 17:52:08,931 - INFO - Processing MIDI file: hihat_hihat_closed_edge_medium_hard_three_quarter_open_070.mid
2025-07-22 17:52:08,931 - INFO - Loading MIDI file: hihat_hihat_closed_edge_medium_hard_three_quarter_open_070.mid
2025-07-22 17:52:15,328 - INFO - MIDI file loaded: hihat_hihat_closed_edge_medium_hard_three_quarter_open_070.mid
2025-07-22 17:52:15,328 - INFO - Rendering audio: hihat_hihat_closed_edge_medium_hard_three_quarter_open_070
2025-07-22 17:52:49,743 - ERROR - Render timeout for hihat_hihat_closed_edge_medium_hard_three_quarter_open_070
2025-07-22 17:52:49,748 - ERROR - Failed to process hihat_hihat_closed_edge_medium_hard_three_quarter_open_070.mid: Failed to render audio
2025-07-22 17:52:49,749 - INFO - Progress: 6.2% (36/579)
2025-07-22 17:52:50,249 - INFO - Processing 37/579: hihat_hihat_closed_edge_medium_quarter_open_062.mid
2025-07-22 17:52:50,249 - INFO - Processing MIDI file: hihat_hihat_closed_edge_medium_quarter_open_062.mid
2025-07-22 17:52:50,250 - INFO - Loading MIDI file: hihat_hihat_closed_edge_medium_quarter_open_062.mid
2025-07-22 17:52:56,638 - INFO - MIDI file loaded: hihat_hihat_closed_edge_medium_quarter_open_062.mid
2025-07-22 17:52:56,638 - INFO - Rendering audio: hihat_hihat_closed_edge_medium_quarter_open_062
2025-07-22 17:53:31,043 - ERROR - Render timeout for hihat_hihat_closed_edge_medium_quarter_open_062
2025-07-22 17:53:31,049 - ERROR - Failed to process hihat_hihat_closed_edge_medium_quarter_open_062.mid: Failed to render audio
2025-07-22 17:53:31,049 - INFO - Progress: 6.4% (37/579)
2025-07-22 17:53:31,550 - INFO - Processing 38/579: hihat_hihat_closed_edge_medium_slightly_open_061.mid
2025-07-22 17:53:31,550 - INFO - Processing MIDI file: hihat_hihat_closed_edge_medium_slightly_open_061.mid
2025-07-22 17:53:31,550 - INFO - Loading MIDI file: hihat_hihat_closed_edge_medium_slightly_open_061.mid
2025-07-22 17:53:37,943 - INFO - MIDI file loaded: hihat_hihat_closed_edge_medium_slightly_open_061.mid
2025-07-22 17:53:37,943 - INFO - Rendering audio: hihat_hihat_closed_edge_medium_slightly_open_061
2025-07-22 17:54:12,345 - ERROR - Render timeout for hihat_hihat_closed_edge_medium_slightly_open_061
2025-07-22 17:54:12,351 - ERROR - Failed to process hihat_hihat_closed_edge_medium_slightly_open_061.mid: Failed to render audio
2025-07-22 17:54:12,351 - INFO - Progress: 6.6% (38/579)
2025-07-22 17:54:12,851 - INFO - Processing 39/579: hihat_hihat_closed_edge_medium_soft_closed_054.mid
2025-07-22 17:54:12,852 - INFO - Processing MIDI file: hihat_hihat_closed_edge_medium_soft_closed_054.mid
2025-07-22 17:54:12,852 - INFO - Loading MIDI file: hihat_hihat_closed_edge_medium_soft_closed_054.mid
2025-07-22 17:54:19,249 - INFO - MIDI file loaded: hihat_hihat_closed_edge_medium_soft_closed_054.mid
2025-07-22 17:54:19,249 - INFO - Rendering audio: hihat_hihat_closed_edge_medium_soft_closed_054
2025-07-22 17:54:53,655 - ERROR - Render timeout for hihat_hihat_closed_edge_medium_soft_closed_054
2025-07-22 17:54:53,661 - ERROR - Failed to process hihat_hihat_closed_edge_medium_soft_closed_054.mid: Failed to render audio
2025-07-22 17:54:53,662 - INFO - Progress: 6.7% (39/579)
2025-07-22 17:54:54,163 - INFO - Processing 40/579: hihat_hihat_closed_edge_medium_soft_fully_open_059.mid
2025-07-22 17:54:54,163 - INFO - Processing MIDI file: hihat_hihat_closed_edge_medium_soft_fully_open_059.mid
2025-07-22 17:54:54,163 - INFO - Loading MIDI file: hihat_hihat_closed_edge_medium_soft_fully_open_059.mid
2025-07-22 17:55:00,553 - INFO - MIDI file loaded: hihat_hihat_closed_edge_medium_soft_fully_open_059.mid
2025-07-22 17:55:00,553 - INFO - Rendering audio: hihat_hihat_closed_edge_medium_soft_fully_open_059
2025-07-22 17:55:34,961 - ERROR - Render timeout for hihat_hihat_closed_edge_medium_soft_fully_open_059
2025-07-22 17:55:34,966 - ERROR - Failed to process hihat_hihat_closed_edge_medium_soft_fully_open_059.mid: Failed to render audio
2025-07-22 17:55:34,967 - INFO - Progress: 6.9% (40/579)
2025-07-22 17:55:35,467 - INFO - Processing 41/579: hihat_hihat_closed_edge_medium_soft_half_open_057.mid
2025-07-22 17:55:35,467 - INFO - Processing MIDI file: hihat_hihat_closed_edge_medium_soft_half_open_057.mid
2025-07-22 17:55:35,467 - INFO - Loading MIDI file: hihat_hihat_closed_edge_medium_soft_half_open_057.mid
2025-07-22 17:55:41,857 - INFO - MIDI file loaded: hihat_hihat_closed_edge_medium_soft_half_open_057.mid
2025-07-22 17:55:41,857 - INFO - Rendering audio: hihat_hihat_closed_edge_medium_soft_half_open_057
2025-07-22 17:56:16,266 - ERROR - Render timeout for hihat_hihat_closed_edge_medium_soft_half_open_057
2025-07-22 17:56:16,272 - ERROR - Failed to process hihat_hihat_closed_edge_medium_soft_half_open_057.mid: Failed to render audio
2025-07-22 17:56:16,272 - INFO - Progress: 7.1% (41/579)
2025-07-22 17:56:16,773 - INFO - Processing 42/579: hihat_hihat_closed_edge_medium_soft_quarter_open_056.mid
2025-07-22 17:56:16,773 - INFO - Processing MIDI file: hihat_hihat_closed_edge_medium_soft_quarter_open_056.mid
2025-07-22 17:56:16,773 - INFO - Loading MIDI file: hihat_hihat_closed_edge_medium_soft_quarter_open_056.mid
2025-07-22 17:56:23,166 - INFO - MIDI file loaded: hihat_hihat_closed_edge_medium_soft_quarter_open_056.mid
2025-07-22 17:56:23,166 - INFO - Rendering audio: hihat_hihat_closed_edge_medium_soft_quarter_open_056
2025-07-22 17:56:57,600 - ERROR - Render timeout for hihat_hihat_closed_edge_medium_soft_quarter_open_056
2025-07-22 17:56:57,606 - ERROR - Failed to process hihat_hihat_closed_edge_medium_soft_quarter_open_056.mid: Failed to render audio
2025-07-22 17:56:57,606 - INFO - Progress: 7.3% (42/579)
2025-07-22 17:56:58,107 - INFO - Processing 43/579: hihat_hihat_closed_edge_medium_soft_slightly_open_055.mid
2025-07-22 17:56:58,107 - INFO - Processing MIDI file: hihat_hihat_closed_edge_medium_soft_slightly_open_055.mid
2025-07-22 17:56:58,107 - INFO - Loading MIDI file: hihat_hihat_closed_edge_medium_soft_slightly_open_055.mid
2025-07-22 17:57:04,500 - INFO - MIDI file loaded: hihat_hihat_closed_edge_medium_soft_slightly_open_055.mid
2025-07-22 17:57:04,500 - INFO - Rendering audio: hihat_hihat_closed_edge_medium_soft_slightly_open_055
2025-07-22 17:57:38,909 - ERROR - Render timeout for hihat_hihat_closed_edge_medium_soft_slightly_open_055
2025-07-22 17:57:38,915 - ERROR - Failed to process hihat_hihat_closed_edge_medium_soft_slightly_open_055.mid: Failed to render audio
2025-07-22 17:57:38,915 - INFO - Progress: 7.4% (43/579)
2025-07-22 17:57:39,416 - INFO - Processing 44/579: hihat_hihat_closed_edge_medium_soft_three_quarter_open_058.mid
2025-07-22 17:57:39,417 - INFO - Processing MIDI file: hihat_hihat_closed_edge_medium_soft_three_quarter_open_058.mid
2025-07-22 17:57:39,417 - INFO - Loading MIDI file: hihat_hihat_closed_edge_medium_soft_three_quarter_open_058.mid
2025-07-22 17:57:45,813 - INFO - MIDI file loaded: hihat_hihat_closed_edge_medium_soft_three_quarter_open_058.mid
2025-07-22 17:57:45,814 - INFO - Rendering audio: hihat_hihat_closed_edge_medium_soft_three_quarter_open_058
2025-07-22 17:58:20,230 - ERROR - Render timeout for hihat_hihat_closed_edge_medium_soft_three_quarter_open_058
2025-07-22 17:58:20,235 - ERROR - Failed to process hihat_hihat_closed_edge_medium_soft_three_quarter_open_058.mid: Failed to render audio
2025-07-22 17:58:20,236 - INFO - Progress: 7.6% (44/579)
2025-07-22 17:58:20,736 - INFO - Processing 45/579: hihat_hihat_closed_edge_medium_three_quarter_open_064.mid
2025-07-22 17:58:20,736 - INFO - Processing MIDI file: hihat_hihat_closed_edge_medium_three_quarter_open_064.mid
2025-07-22 17:58:20,737 - INFO - Loading MIDI file: hihat_hihat_closed_edge_medium_three_quarter_open_064.mid
2025-07-22 17:58:27,127 - INFO - MIDI file loaded: hihat_hihat_closed_edge_medium_three_quarter_open_064.mid
2025-07-22 17:58:27,128 - INFO - Rendering audio: hihat_hihat_closed_edge_medium_three_quarter_open_064
2025-07-22 17:59:01,540 - ERROR - Render timeout for hihat_hihat_closed_edge_medium_three_quarter_open_064
2025-07-22 17:59:01,545 - ERROR - Failed to process hihat_hihat_closed_edge_medium_three_quarter_open_064.mid: Failed to render audio
2025-07-22 17:59:01,545 - INFO - Progress: 7.8% (45/579)
2025-07-22 17:59:02,046 - INFO - Processing 46/579: hihat_hihat_closed_edge_soft_closed_048.mid
2025-07-22 17:59:02,046 - INFO - Processing MIDI file: hihat_hihat_closed_edge_soft_closed_048.mid
2025-07-22 17:59:02,047 - INFO - Loading MIDI file: hihat_hihat_closed_edge_soft_closed_048.mid
2025-07-22 17:59:08,426 - INFO - MIDI file loaded: hihat_hihat_closed_edge_soft_closed_048.mid
2025-07-22 17:59:08,427 - INFO - Rendering audio: hihat_hihat_closed_edge_soft_closed_048
2025-07-22 17:59:42,827 - ERROR - Render timeout for hihat_hihat_closed_edge_soft_closed_048
2025-07-22 17:59:42,833 - ERROR - Failed to process hihat_hihat_closed_edge_soft_closed_048.mid: Failed to render audio
2025-07-22 17:59:42,833 - INFO - Progress: 7.9% (46/579)
2025-07-22 17:59:43,334 - INFO - Processing 47/579: hihat_hihat_closed_edge_soft_fully_open_053.mid
2025-07-22 17:59:43,334 - INFO - Processing MIDI file: hihat_hihat_closed_edge_soft_fully_open_053.mid
2025-07-22 17:59:43,335 - INFO - Loading MIDI file: hihat_hihat_closed_edge_soft_fully_open_053.mid
2025-07-22 17:59:49,722 - INFO - MIDI file loaded: hihat_hihat_closed_edge_soft_fully_open_053.mid
2025-07-22 17:59:49,722 - INFO - Rendering audio: hihat_hihat_closed_edge_soft_fully_open_053
2025-07-22 18:00:24,127 - ERROR - Render timeout for hihat_hihat_closed_edge_soft_fully_open_053
2025-07-22 18:00:24,133 - ERROR - Failed to process hihat_hihat_closed_edge_soft_fully_open_053.mid: Failed to render audio
2025-07-22 18:00:24,133 - INFO - Progress: 8.1% (47/579)
2025-07-22 18:00:24,634 - INFO - Processing 48/579: hihat_hihat_closed_edge_soft_half_open_051.mid
2025-07-22 18:00:24,634 - INFO - Processing MIDI file: hihat_hihat_closed_edge_soft_half_open_051.mid
2025-07-22 18:00:24,635 - INFO - Loading MIDI file: hihat_hihat_closed_edge_soft_half_open_051.mid
2025-07-22 18:00:31,019 - INFO - MIDI file loaded: hihat_hihat_closed_edge_soft_half_open_051.mid
2025-07-22 18:00:31,019 - INFO - Rendering audio: hihat_hihat_closed_edge_soft_half_open_051
2025-07-22 18:01:05,421 - ERROR - Render timeout for hihat_hihat_closed_edge_soft_half_open_051
2025-07-22 18:01:05,427 - ERROR - Failed to process hihat_hihat_closed_edge_soft_half_open_051.mid: Failed to render audio
2025-07-22 18:01:05,427 - INFO - Progress: 8.3% (48/579)
2025-07-22 18:01:05,928 - INFO - Processing 49/579: hihat_hihat_closed_edge_soft_quarter_open_050.mid
2025-07-22 18:01:05,928 - INFO - Processing MIDI file: hihat_hihat_closed_edge_soft_quarter_open_050.mid
2025-07-22 18:01:05,928 - INFO - Loading MIDI file: hihat_hihat_closed_edge_soft_quarter_open_050.mid
2025-07-22 18:01:12,314 - INFO - MIDI file loaded: hihat_hihat_closed_edge_soft_quarter_open_050.mid
2025-07-22 18:01:12,314 - INFO - Rendering audio: hihat_hihat_closed_edge_soft_quarter_open_050
2025-07-22 18:01:46,716 - ERROR - Render timeout for hihat_hihat_closed_edge_soft_quarter_open_050
2025-07-22 18:01:46,722 - ERROR - Failed to process hihat_hihat_closed_edge_soft_quarter_open_050.mid: Failed to render audio
2025-07-22 18:01:46,723 - INFO - Progress: 8.5% (49/579)
2025-07-22 18:01:47,223 - INFO - Processing 50/579: hihat_hihat_closed_edge_soft_slightly_open_049.mid
2025-07-22 18:01:47,224 - INFO - Processing MIDI file: hihat_hihat_closed_edge_soft_slightly_open_049.mid
2025-07-22 18:01:47,224 - INFO - Loading MIDI file: hihat_hihat_closed_edge_soft_slightly_open_049.mid
2025-07-22 18:01:53,611 - INFO - MIDI file loaded: hihat_hihat_closed_edge_soft_slightly_open_049.mid
2025-07-22 18:01:53,611 - INFO - Rendering audio: hihat_hihat_closed_edge_soft_slightly_open_049
2025-07-22 18:02:28,015 - ERROR - Render timeout for hihat_hihat_closed_edge_soft_slightly_open_049
2025-07-22 18:02:28,021 - ERROR - Failed to process hihat_hihat_closed_edge_soft_slightly_open_049.mid: Failed to render audio
2025-07-22 18:02:28,021 - INFO - Progress: 8.6% (50/579)
2025-07-22 18:02:28,522 - INFO - Processing 51/579: hihat_hihat_closed_edge_soft_three_quarter_open_052.mid
2025-07-22 18:02:28,522 - INFO - Processing MIDI file: hihat_hihat_closed_edge_soft_three_quarter_open_052.mid
2025-07-22 18:02:28,522 - INFO - Loading MIDI file: hihat_hihat_closed_edge_soft_three_quarter_open_052.mid
2025-07-22 18:02:34,914 - INFO - MIDI file loaded: hihat_hihat_closed_edge_soft_three_quarter_open_052.mid
2025-07-22 18:02:34,914 - INFO - Rendering audio: hihat_hihat_closed_edge_soft_three_quarter_open_052
2025-07-22 18:03:09,326 - ERROR - Render timeout for hihat_hihat_closed_edge_soft_three_quarter_open_052
2025-07-22 18:03:09,331 - ERROR - Failed to process hihat_hihat_closed_edge_soft_three_quarter_open_052.mid: Failed to render audio
2025-07-22 18:03:09,331 - INFO - Progress: 8.8% (51/579)
2025-07-22 18:03:09,832 - INFO - Processing 52/579: hihat_hihat_closed_tip_accent_closed_036.mid
2025-07-22 18:03:09,832 - INFO - Processing MIDI file: hihat_hihat_closed_tip_accent_closed_036.mid
2025-07-22 18:03:09,832 - INFO - Loading MIDI file: hihat_hihat_closed_tip_accent_closed_036.mid
2025-07-22 18:03:16,214 - INFO - MIDI file loaded: hihat_hihat_closed_tip_accent_closed_036.mid
2025-07-22 18:03:16,214 - INFO - Rendering audio: hihat_hihat_closed_tip_accent_closed_036
2025-07-22 18:03:50,612 - ERROR - Render timeout for hihat_hihat_closed_tip_accent_closed_036
2025-07-22 18:03:50,618 - ERROR - Failed to process hihat_hihat_closed_tip_accent_closed_036.mid: Failed to render audio
2025-07-22 18:03:50,618 - INFO - Progress: 9.0% (52/579)
2025-07-22 18:03:51,118 - INFO - Processing 53/579: hihat_hihat_closed_tip_accent_fully_open_041.mid
2025-07-22 18:03:51,119 - INFO - Processing MIDI file: hihat_hihat_closed_tip_accent_fully_open_041.mid
2025-07-22 18:03:51,119 - INFO - Loading MIDI file: hihat_hihat_closed_tip_accent_fully_open_041.mid
2025-07-22 18:03:57,504 - INFO - MIDI file loaded: hihat_hihat_closed_tip_accent_fully_open_041.mid
2025-07-22 18:03:57,505 - INFO - Rendering audio: hihat_hihat_closed_tip_accent_fully_open_041
2025-07-22 18:04:31,909 - ERROR - Render timeout for hihat_hihat_closed_tip_accent_fully_open_041
2025-07-22 18:04:31,914 - ERROR - Failed to process hihat_hihat_closed_tip_accent_fully_open_041.mid: Failed to render audio
2025-07-22 18:04:31,915 - INFO - Progress: 9.2% (53/579)
2025-07-22 18:04:32,415 - INFO - Processing 54/579: hihat_hihat_closed_tip_accent_half_open_039.mid
2025-07-22 18:04:32,415 - INFO - Processing MIDI file: hihat_hihat_closed_tip_accent_half_open_039.mid
2025-07-22 18:04:32,416 - INFO - Loading MIDI file: hihat_hihat_closed_tip_accent_half_open_039.mid
2025-07-22 18:04:38,800 - INFO - MIDI file loaded: hihat_hihat_closed_tip_accent_half_open_039.mid
2025-07-22 18:04:38,800 - INFO - Rendering audio: hihat_hihat_closed_tip_accent_half_open_039
2025-07-22 18:05:13,202 - ERROR - Render timeout for hihat_hihat_closed_tip_accent_half_open_039
2025-07-22 18:05:13,207 - ERROR - Failed to process hihat_hihat_closed_tip_accent_half_open_039.mid: Failed to render audio
2025-07-22 18:05:13,207 - INFO - Progress: 9.3% (54/579)
2025-07-22 18:05:13,708 - INFO - Processing 55/579: hihat_hihat_closed_tip_accent_quarter_open_038.mid
2025-07-22 18:05:13,708 - INFO - Processing MIDI file: hihat_hihat_closed_tip_accent_quarter_open_038.mid
2025-07-22 18:05:13,709 - INFO - Loading MIDI file: hihat_hihat_closed_tip_accent_quarter_open_038.mid
2025-07-22 18:05:20,095 - INFO - MIDI file loaded: hihat_hihat_closed_tip_accent_quarter_open_038.mid
2025-07-22 18:05:20,096 - INFO - Rendering audio: hihat_hihat_closed_tip_accent_quarter_open_038
2025-07-22 18:05:54,499 - ERROR - Render timeout for hihat_hihat_closed_tip_accent_quarter_open_038
2025-07-22 18:05:54,504 - ERROR - Failed to process hihat_hihat_closed_tip_accent_quarter_open_038.mid: Failed to render audio
2025-07-22 18:05:54,504 - INFO - Progress: 9.5% (55/579)
2025-07-22 18:05:55,005 - INFO - Processing 56/579: hihat_hihat_closed_tip_accent_slightly_open_037.mid
2025-07-22 18:05:55,005 - INFO - Processing MIDI file: hihat_hihat_closed_tip_accent_slightly_open_037.mid
2025-07-22 18:05:55,005 - INFO - Loading MIDI file: hihat_hihat_closed_tip_accent_slightly_open_037.mid
2025-07-22 18:06:01,393 - INFO - MIDI file loaded: hihat_hihat_closed_tip_accent_slightly_open_037.mid
2025-07-22 18:06:01,393 - INFO - Rendering audio: hihat_hihat_closed_tip_accent_slightly_open_037
2025-07-22 18:06:35,799 - ERROR - Render timeout for hihat_hihat_closed_tip_accent_slightly_open_037
2025-07-22 18:06:35,804 - ERROR - Failed to process hihat_hihat_closed_tip_accent_slightly_open_037.mid: Failed to render audio
2025-07-22 18:06:35,804 - INFO - Progress: 9.7% (56/579)
2025-07-22 18:06:36,305 - INFO - Processing 57/579: hihat_hihat_closed_tip_accent_three_quarter_open_040.mid
2025-07-22 18:06:36,305 - INFO - Processing MIDI file: hihat_hihat_closed_tip_accent_three_quarter_open_040.mid
2025-07-22 18:06:36,305 - INFO - Loading MIDI file: hihat_hihat_closed_tip_accent_three_quarter_open_040.mid
2025-07-22 18:06:42,698 - INFO - MIDI file loaded: hihat_hihat_closed_tip_accent_three_quarter_open_040.mid
2025-07-22 18:06:42,698 - INFO - Rendering audio: hihat_hihat_closed_tip_accent_three_quarter_open_040
2025-07-22 18:07:17,107 - ERROR - Render timeout for hihat_hihat_closed_tip_accent_three_quarter_open_040
2025-07-22 18:07:17,113 - ERROR - Failed to process hihat_hihat_closed_tip_accent_three_quarter_open_040.mid: Failed to render audio
2025-07-22 18:07:17,113 - INFO - Progress: 9.8% (57/579)
2025-07-22 18:07:17,613 - INFO - Processing 58/579: hihat_hihat_closed_tip_ghost_closed_000.mid
2025-07-22 18:07:17,614 - INFO - Processing MIDI file: hihat_hihat_closed_tip_ghost_closed_000.mid
2025-07-22 18:07:17,614 - INFO - Loading MIDI file: hihat_hihat_closed_tip_ghost_closed_000.mid
2025-07-22 18:07:23,995 - INFO - MIDI file loaded: hihat_hihat_closed_tip_ghost_closed_000.mid
2025-07-22 18:07:23,995 - INFO - Rendering audio: hihat_hihat_closed_tip_ghost_closed_000
2025-07-22 18:07:58,392 - ERROR - Render timeout for hihat_hihat_closed_tip_ghost_closed_000
2025-07-22 18:07:58,397 - ERROR - Failed to process hihat_hihat_closed_tip_ghost_closed_000.mid: Failed to render audio
2025-07-22 18:07:58,397 - INFO - Progress: 10.0% (58/579)
2025-07-22 18:07:58,898 - INFO - Processing 59/579: hihat_hihat_closed_tip_ghost_fully_open_005.mid
2025-07-22 18:07:58,899 - INFO - Processing MIDI file: hihat_hihat_closed_tip_ghost_fully_open_005.mid
2025-07-22 18:07:58,899 - INFO - Loading MIDI file: hihat_hihat_closed_tip_ghost_fully_open_005.mid
2025-07-22 18:08:05,283 - INFO - MIDI file loaded: hihat_hihat_closed_tip_ghost_fully_open_005.mid
2025-07-22 18:08:05,283 - INFO - Rendering audio: hihat_hihat_closed_tip_ghost_fully_open_005
2025-07-22 18:08:39,685 - ERROR - Render timeout for hihat_hihat_closed_tip_ghost_fully_open_005
2025-07-22 18:08:39,690 - ERROR - Failed to process hihat_hihat_closed_tip_ghost_fully_open_005.mid: Failed to render audio
2025-07-22 18:08:39,690 - INFO - Progress: 10.2% (59/579)
2025-07-22 18:08:40,191 - INFO - Processing 60/579: hihat_hihat_closed_tip_ghost_half_open_003.mid
2025-07-22 18:08:40,191 - INFO - Processing MIDI file: hihat_hihat_closed_tip_ghost_half_open_003.mid
2025-07-22 18:08:40,192 - INFO - Loading MIDI file: hihat_hihat_closed_tip_ghost_half_open_003.mid
2025-07-22 18:08:46,575 - INFO - MIDI file loaded: hihat_hihat_closed_tip_ghost_half_open_003.mid
2025-07-22 18:08:46,575 - INFO - Rendering audio: hihat_hihat_closed_tip_ghost_half_open_003
2025-07-22 18:09:20,976 - ERROR - Render timeout for hihat_hihat_closed_tip_ghost_half_open_003
2025-07-22 18:09:20,982 - ERROR - Failed to process hihat_hihat_closed_tip_ghost_half_open_003.mid: Failed to render audio
2025-07-22 18:09:20,982 - INFO - Progress: 10.4% (60/579)
2025-07-22 18:09:21,483 - INFO - Processing 61/579: hihat_hihat_closed_tip_ghost_quarter_open_002.mid
2025-07-22 18:09:21,483 - INFO - Processing MIDI file: hihat_hihat_closed_tip_ghost_quarter_open_002.mid
2025-07-22 18:09:21,483 - INFO - Loading MIDI file: hihat_hihat_closed_tip_ghost_quarter_open_002.mid
2025-07-22 18:09:27,870 - INFO - MIDI file loaded: hihat_hihat_closed_tip_ghost_quarter_open_002.mid
2025-07-22 18:09:27,870 - INFO - Rendering audio: hihat_hihat_closed_tip_ghost_quarter_open_002
2025-07-22 18:10:02,274 - ERROR - Render timeout for hihat_hihat_closed_tip_ghost_quarter_open_002
2025-07-22 18:10:02,280 - ERROR - Failed to process hihat_hihat_closed_tip_ghost_quarter_open_002.mid: Failed to render audio
2025-07-22 18:10:02,280 - INFO - Progress: 10.5% (61/579)
2025-07-22 18:10:02,780 - INFO - Processing 62/579: hihat_hihat_closed_tip_ghost_slightly_open_001.mid
2025-07-22 18:10:02,781 - INFO - Processing MIDI file: hihat_hihat_closed_tip_ghost_slightly_open_001.mid
2025-07-22 18:10:02,781 - INFO - Loading MIDI file: hihat_hihat_closed_tip_ghost_slightly_open_001.mid
2025-07-22 18:10:09,168 - INFO - MIDI file loaded: hihat_hihat_closed_tip_ghost_slightly_open_001.mid
2025-07-22 18:10:09,169 - INFO - Rendering audio: hihat_hihat_closed_tip_ghost_slightly_open_001
2025-07-22 18:10:43,570 - ERROR - Render timeout for hihat_hihat_closed_tip_ghost_slightly_open_001
2025-07-22 18:10:43,576 - ERROR - Failed to process hihat_hihat_closed_tip_ghost_slightly_open_001.mid: Failed to render audio
2025-07-22 18:10:43,577 - INFO - Progress: 10.7% (62/579)
2025-07-22 18:10:44,077 - INFO - Processing 63/579: hihat_hihat_closed_tip_ghost_three_quarter_open_004.mid
2025-07-22 18:10:44,077 - INFO - Processing MIDI file: hihat_hihat_closed_tip_ghost_three_quarter_open_004.mid
2025-07-22 18:10:44,078 - INFO - Loading MIDI file: hihat_hihat_closed_tip_ghost_three_quarter_open_004.mid
2025-07-22 18:10:50,472 - INFO - MIDI file loaded: hihat_hihat_closed_tip_ghost_three_quarter_open_004.mid
2025-07-22 18:10:50,472 - INFO - Rendering audio: hihat_hihat_closed_tip_ghost_three_quarter_open_004
2025-07-22 18:11:24,882 - ERROR - Render timeout for hihat_hihat_closed_tip_ghost_three_quarter_open_004
2025-07-22 18:11:24,888 - ERROR - Failed to process hihat_hihat_closed_tip_ghost_three_quarter_open_004.mid: Failed to render audio
2025-07-22 18:11:24,888 - INFO - Progress: 10.9% (63/579)
2025-07-22 18:11:25,389 - INFO - Processing 64/579: hihat_hihat_closed_tip_hard_closed_030.mid
2025-07-22 18:11:25,389 - INFO - Processing MIDI file: hihat_hihat_closed_tip_hard_closed_030.mid
2025-07-22 18:11:25,389 - INFO - Loading MIDI file: hihat_hihat_closed_tip_hard_closed_030.mid
2025-07-22 18:11:31,771 - INFO - MIDI file loaded: hihat_hihat_closed_tip_hard_closed_030.mid
2025-07-22 18:11:31,772 - INFO - Rendering audio: hihat_hihat_closed_tip_hard_closed_030
2025-07-22 18:12:06,172 - ERROR - Render timeout for hihat_hihat_closed_tip_hard_closed_030
2025-07-22 18:12:06,178 - ERROR - Failed to process hihat_hihat_closed_tip_hard_closed_030.mid: Failed to render audio
2025-07-22 18:12:06,178 - INFO - Progress: 11.1% (64/579)
2025-07-22 18:12:06,679 - INFO - Processing 65/579: hihat_hihat_closed_tip_hard_fully_open_035.mid
2025-07-22 18:12:06,679 - INFO - Processing MIDI file: hihat_hihat_closed_tip_hard_fully_open_035.mid
2025-07-22 18:12:06,679 - INFO - Loading MIDI file: hihat_hihat_closed_tip_hard_fully_open_035.mid
2025-07-22 18:12:13,063 - INFO - MIDI file loaded: hihat_hihat_closed_tip_hard_fully_open_035.mid
2025-07-22 18:12:13,064 - INFO - Rendering audio: hihat_hihat_closed_tip_hard_fully_open_035
2025-07-22 18:12:47,466 - ERROR - Render timeout for hihat_hihat_closed_tip_hard_fully_open_035
2025-07-22 18:12:47,472 - ERROR - Failed to process hihat_hihat_closed_tip_hard_fully_open_035.mid: Failed to render audio
2025-07-22 18:12:47,472 - INFO - Progress: 11.2% (65/579)
2025-07-22 18:12:47,973 - INFO - Processing 66/579: hihat_hihat_closed_tip_hard_half_open_033.mid
2025-07-22 18:12:47,974 - INFO - Processing MIDI file: hihat_hihat_closed_tip_hard_half_open_033.mid
2025-07-22 18:12:47,974 - INFO - Loading MIDI file: hihat_hihat_closed_tip_hard_half_open_033.mid
2025-07-22 18:12:54,359 - INFO - MIDI file loaded: hihat_hihat_closed_tip_hard_half_open_033.mid
2025-07-22 18:12:54,359 - INFO - Rendering audio: hihat_hihat_closed_tip_hard_half_open_033
2025-07-22 18:13:28,762 - ERROR - Render timeout for hihat_hihat_closed_tip_hard_half_open_033
2025-07-22 18:13:28,768 - ERROR - Failed to process hihat_hihat_closed_tip_hard_half_open_033.mid: Failed to render audio
2025-07-22 18:13:28,768 - INFO - Progress: 11.4% (66/579)
2025-07-22 18:13:29,268 - INFO - Processing 67/579: hihat_hihat_closed_tip_hard_quarter_open_032.mid
2025-07-22 18:13:29,268 - INFO - Processing MIDI file: hihat_hihat_closed_tip_hard_quarter_open_032.mid
2025-07-22 18:13:29,269 - INFO - Loading MIDI file: hihat_hihat_closed_tip_hard_quarter_open_032.mid
2025-07-22 18:13:35,656 - INFO - MIDI file loaded: hihat_hihat_closed_tip_hard_quarter_open_032.mid
2025-07-22 18:13:35,657 - INFO - Rendering audio: hihat_hihat_closed_tip_hard_quarter_open_032
2025-07-22 18:14:10,063 - ERROR - Render timeout for hihat_hihat_closed_tip_hard_quarter_open_032
2025-07-22 18:14:10,068 - ERROR - Failed to process hihat_hihat_closed_tip_hard_quarter_open_032.mid: Failed to render audio
2025-07-22 18:14:10,069 - INFO - Progress: 11.6% (67/579)
2025-07-22 18:14:10,569 - INFO - Processing 68/579: hihat_hihat_closed_tip_hard_slightly_open_031.mid
2025-07-22 18:14:10,570 - INFO - Processing MIDI file: hihat_hihat_closed_tip_hard_slightly_open_031.mid
2025-07-22 18:14:10,570 - INFO - Loading MIDI file: hihat_hihat_closed_tip_hard_slightly_open_031.mid
2025-07-22 18:14:16,971 - INFO - MIDI file loaded: hihat_hihat_closed_tip_hard_slightly_open_031.mid
2025-07-22 18:14:16,971 - INFO - Rendering audio: hihat_hihat_closed_tip_hard_slightly_open_031
2025-07-22 18:14:51,379 - ERROR - Render timeout for hihat_hihat_closed_tip_hard_slightly_open_031
2025-07-22 18:14:51,385 - ERROR - Failed to process hihat_hihat_closed_tip_hard_slightly_open_031.mid: Failed to render audio
2025-07-22 18:14:51,385 - INFO - Progress: 11.7% (68/579)
2025-07-22 18:14:51,886 - INFO - Processing 69/579: hihat_hihat_closed_tip_hard_three_quarter_open_034.mid
2025-07-22 18:14:51,886 - INFO - Processing MIDI file: hihat_hihat_closed_tip_hard_three_quarter_open_034.mid
2025-07-22 18:14:51,886 - INFO - Loading MIDI file: hihat_hihat_closed_tip_hard_three_quarter_open_034.mid
2025-07-22 18:14:58,278 - INFO - MIDI file loaded: hihat_hihat_closed_tip_hard_three_quarter_open_034.mid
2025-07-22 18:14:58,278 - INFO - Rendering audio: hihat_hihat_closed_tip_hard_three_quarter_open_034
2025-07-22 18:15:32,684 - ERROR - Render timeout for hihat_hihat_closed_tip_hard_three_quarter_open_034
2025-07-22 18:15:32,690 - ERROR - Failed to process hihat_hihat_closed_tip_hard_three_quarter_open_034.mid: Failed to render audio
2025-07-22 18:15:32,690 - INFO - Progress: 11.9% (69/579)
2025-07-22 18:15:33,191 - INFO - Processing 70/579: hihat_hihat_closed_tip_medium_closed_018.mid
2025-07-22 18:15:33,191 - INFO - Processing MIDI file: hihat_hihat_closed_tip_medium_closed_018.mid
2025-07-22 18:15:33,192 - INFO - Loading MIDI file: hihat_hihat_closed_tip_medium_closed_018.mid
2025-07-22 18:15:39,572 - INFO - MIDI file loaded: hihat_hihat_closed_tip_medium_closed_018.mid
2025-07-22 18:15:39,572 - INFO - Rendering audio: hihat_hihat_closed_tip_medium_closed_018
2025-07-22 18:16:13,972 - ERROR - Render timeout for hihat_hihat_closed_tip_medium_closed_018
2025-07-22 18:16:13,977 - ERROR - Failed to process hihat_hihat_closed_tip_medium_closed_018.mid: Failed to render audio
2025-07-22 18:16:13,978 - INFO - Progress: 12.1% (70/579)
2025-07-22 18:16:14,478 - INFO - Processing 71/579: hihat_hihat_closed_tip_medium_fully_open_023.mid
2025-07-22 18:16:14,478 - INFO - Processing MIDI file: hihat_hihat_closed_tip_medium_fully_open_023.mid
2025-07-22 18:16:14,479 - INFO - Loading MIDI file: hihat_hihat_closed_tip_medium_fully_open_023.mid
2025-07-22 18:16:20,868 - INFO - MIDI file loaded: hihat_hihat_closed_tip_medium_fully_open_023.mid
2025-07-22 18:16:20,868 - INFO - Rendering audio: hihat_hihat_closed_tip_medium_fully_open_023
2025-07-22 18:16:55,272 - ERROR - Render timeout for hihat_hihat_closed_tip_medium_fully_open_023
2025-07-22 18:16:55,278 - ERROR - Failed to process hihat_hihat_closed_tip_medium_fully_open_023.mid: Failed to render audio
2025-07-22 18:16:55,278 - INFO - Progress: 12.3% (71/579)
2025-07-22 18:16:55,779 - INFO - Processing 72/579: hihat_hihat_closed_tip_medium_half_open_021.mid
2025-07-22 18:16:55,779 - INFO - Processing MIDI file: hihat_hihat_closed_tip_medium_half_open_021.mid
2025-07-22 18:16:55,780 - INFO - Loading MIDI file: hihat_hihat_closed_tip_medium_half_open_021.mid
2025-07-22 18:17:02,163 - INFO - MIDI file loaded: hihat_hihat_closed_tip_medium_half_open_021.mid
2025-07-22 18:17:02,164 - INFO - Rendering audio: hihat_hihat_closed_tip_medium_half_open_021
2025-07-22 18:17:36,564 - ERROR - Render timeout for hihat_hihat_closed_tip_medium_half_open_021
2025-07-22 18:17:36,569 - ERROR - Failed to process hihat_hihat_closed_tip_medium_half_open_021.mid: Failed to render audio
2025-07-22 18:17:36,569 - INFO - Progress: 12.4% (72/579)
2025-07-22 18:17:37,070 - INFO - Processing 73/579: hihat_hihat_closed_tip_medium_hard_closed_024.mid
2025-07-22 18:17:37,070 - INFO - Processing MIDI file: hihat_hihat_closed_tip_medium_hard_closed_024.mid
2025-07-22 18:17:37,070 - INFO - Loading MIDI file: hihat_hihat_closed_tip_medium_hard_closed_024.mid
2025-07-22 18:17:43,457 - INFO - MIDI file loaded: hihat_hihat_closed_tip_medium_hard_closed_024.mid
2025-07-22 18:17:43,458 - INFO - Rendering audio: hihat_hihat_closed_tip_medium_hard_closed_024
2025-07-22 18:18:17,861 - ERROR - Render timeout for hihat_hihat_closed_tip_medium_hard_closed_024
2025-07-22 18:18:17,866 - ERROR - Failed to process hihat_hihat_closed_tip_medium_hard_closed_024.mid: Failed to render audio
2025-07-22 18:18:17,866 - INFO - Progress: 12.6% (73/579)
2025-07-22 18:18:18,367 - INFO - Processing 74/579: hihat_hihat_closed_tip_medium_hard_fully_open_029.mid
2025-07-22 18:18:18,367 - INFO - Processing MIDI file: hihat_hihat_closed_tip_medium_hard_fully_open_029.mid
2025-07-22 18:18:18,368 - INFO - Loading MIDI file: hihat_hihat_closed_tip_medium_hard_fully_open_029.mid
2025-07-22 18:18:24,759 - INFO - MIDI file loaded: hihat_hihat_closed_tip_medium_hard_fully_open_029.mid
2025-07-22 18:18:24,759 - INFO - Rendering audio: hihat_hihat_closed_tip_medium_hard_fully_open_029
2025-07-22 18:18:59,166 - ERROR - Render timeout for hihat_hihat_closed_tip_medium_hard_fully_open_029
2025-07-22 18:18:59,172 - ERROR - Failed to process hihat_hihat_closed_tip_medium_hard_fully_open_029.mid: Failed to render audio
2025-07-22 18:18:59,172 - INFO - Progress: 12.8% (74/579)
2025-07-22 18:18:59,673 - INFO - Processing 75/579: hihat_hihat_closed_tip_medium_hard_half_open_027.mid
2025-07-22 18:18:59,673 - INFO - Processing MIDI file: hihat_hihat_closed_tip_medium_hard_half_open_027.mid
2025-07-22 18:18:59,674 - INFO - Loading MIDI file: hihat_hihat_closed_tip_medium_hard_half_open_027.mid
2025-07-22 18:19:06,063 - INFO - MIDI file loaded: hihat_hihat_closed_tip_medium_hard_half_open_027.mid
2025-07-22 18:19:06,063 - INFO - Rendering audio: hihat_hihat_closed_tip_medium_hard_half_open_027
2025-07-22 18:19:40,472 - ERROR - Render timeout for hihat_hihat_closed_tip_medium_hard_half_open_027
2025-07-22 18:19:40,478 - ERROR - Failed to process hihat_hihat_closed_tip_medium_hard_half_open_027.mid: Failed to render audio
2025-07-22 18:19:40,478 - INFO - Progress: 13.0% (75/579)
2025-07-22 18:19:40,978 - INFO - Processing 76/579: hihat_hihat_closed_tip_medium_hard_quarter_open_026.mid
2025-07-22 18:19:40,979 - INFO - Processing MIDI file: hihat_hihat_closed_tip_medium_hard_quarter_open_026.mid
2025-07-22 18:19:40,979 - INFO - Loading MIDI file: hihat_hihat_closed_tip_medium_hard_quarter_open_026.mid
2025-07-22 18:19:47,371 - INFO - MIDI file loaded: hihat_hihat_closed_tip_medium_hard_quarter_open_026.mid
2025-07-22 18:19:47,371 - INFO - Rendering audio: hihat_hihat_closed_tip_medium_hard_quarter_open_026
2025-07-22 18:20:21,783 - ERROR - Render timeout for hihat_hihat_closed_tip_medium_hard_quarter_open_026
2025-07-22 18:20:21,789 - ERROR - Failed to process hihat_hihat_closed_tip_medium_hard_quarter_open_026.mid: Failed to render audio
2025-07-22 18:20:21,790 - INFO - Progress: 13.1% (76/579)
2025-07-22 18:20:22,290 - INFO - Processing 77/579: hihat_hihat_closed_tip_medium_hard_slightly_open_025.mid
2025-07-22 18:20:22,290 - INFO - Processing MIDI file: hihat_hihat_closed_tip_medium_hard_slightly_open_025.mid
2025-07-22 18:20:22,291 - INFO - Loading MIDI file: hihat_hihat_closed_tip_medium_hard_slightly_open_025.mid
2025-07-22 18:20:28,684 - INFO - MIDI file loaded: hihat_hihat_closed_tip_medium_hard_slightly_open_025.mid
2025-07-22 18:20:28,684 - INFO - Rendering audio: hihat_hihat_closed_tip_medium_hard_slightly_open_025
2025-07-22 18:21:03,092 - ERROR - Render timeout for hihat_hihat_closed_tip_medium_hard_slightly_open_025
2025-07-22 18:21:03,098 - ERROR - Failed to process hihat_hihat_closed_tip_medium_hard_slightly_open_025.mid: Failed to render audio
2025-07-22 18:21:03,098 - INFO - Progress: 13.3% (77/579)
2025-07-22 18:21:03,599 - INFO - Processing 78/579: hihat_hihat_closed_tip_medium_hard_three_quarter_open_028.mid
2025-07-22 18:21:03,599 - INFO - Processing MIDI file: hihat_hihat_closed_tip_medium_hard_three_quarter_open_028.mid
2025-07-22 18:21:03,599 - INFO - Loading MIDI file: hihat_hihat_closed_tip_medium_hard_three_quarter_open_028.mid
2025-07-22 18:21:09,997 - INFO - MIDI file loaded: hihat_hihat_closed_tip_medium_hard_three_quarter_open_028.mid
2025-07-22 18:21:09,998 - INFO - Rendering audio: hihat_hihat_closed_tip_medium_hard_three_quarter_open_028
2025-07-22 18:21:44,412 - ERROR - Render timeout for hihat_hihat_closed_tip_medium_hard_three_quarter_open_028
2025-07-22 18:21:44,418 - ERROR - Failed to process hihat_hihat_closed_tip_medium_hard_three_quarter_open_028.mid: Failed to render audio
2025-07-22 18:21:44,418 - INFO - Progress: 13.5% (78/579)
2025-07-22 18:21:44,919 - INFO - Processing 79/579: hihat_hihat_closed_tip_medium_quarter_open_020.mid
2025-07-22 18:21:44,919 - INFO - Processing MIDI file: hihat_hihat_closed_tip_medium_quarter_open_020.mid
2025-07-22 18:21:44,919 - INFO - Loading MIDI file: hihat_hihat_closed_tip_medium_quarter_open_020.mid
2025-07-22 18:21:51,307 - INFO - MIDI file loaded: hihat_hihat_closed_tip_medium_quarter_open_020.mid
2025-07-22 18:21:51,308 - INFO - Rendering audio: hihat_hihat_closed_tip_medium_quarter_open_020
2025-07-22 18:22:25,712 - ERROR - Render timeout for hihat_hihat_closed_tip_medium_quarter_open_020
2025-07-22 18:22:25,718 - ERROR - Failed to process hihat_hihat_closed_tip_medium_quarter_open_020.mid: Failed to render audio
2025-07-22 18:22:25,718 - INFO - Progress: 13.6% (79/579)
2025-07-22 18:22:26,219 - INFO - Processing 80/579: hihat_hihat_closed_tip_medium_slightly_open_019.mid
2025-07-22 18:22:26,219 - INFO - Processing MIDI file: hihat_hihat_closed_tip_medium_slightly_open_019.mid
2025-07-22 18:22:26,220 - INFO - Loading MIDI file: hihat_hihat_closed_tip_medium_slightly_open_019.mid
2025-07-22 18:22:32,607 - INFO - MIDI file loaded: hihat_hihat_closed_tip_medium_slightly_open_019.mid
2025-07-22 18:22:32,608 - INFO - Rendering audio: hihat_hihat_closed_tip_medium_slightly_open_019
2025-07-22 18:23:07,012 - ERROR - Render timeout for hihat_hihat_closed_tip_medium_slightly_open_019
2025-07-22 18:23:07,017 - ERROR - Failed to process hihat_hihat_closed_tip_medium_slightly_open_019.mid: Failed to render audio
2025-07-22 18:23:07,017 - INFO - Progress: 13.8% (80/579)
2025-07-22 18:23:07,518 - INFO - Processing 81/579: hihat_hihat_closed_tip_medium_soft_closed_012.mid
2025-07-22 18:23:07,518 - INFO - Processing MIDI file: hihat_hihat_closed_tip_medium_soft_closed_012.mid
2025-07-22 18:23:07,519 - INFO - Loading MIDI file: hihat_hihat_closed_tip_medium_soft_closed_012.mid
2025-07-22 18:23:13,904 - INFO - MIDI file loaded: hihat_hihat_closed_tip_medium_soft_closed_012.mid
2025-07-22 18:23:13,905 - INFO - Rendering audio: hihat_hihat_closed_tip_medium_soft_closed_012
2025-07-22 18:23:48,305 - ERROR - Render timeout for hihat_hihat_closed_tip_medium_soft_closed_012
2025-07-22 18:23:48,310 - ERROR - Failed to process hihat_hihat_closed_tip_medium_soft_closed_012.mid: Failed to render audio
2025-07-22 18:23:48,310 - INFO - Progress: 14.0% (81/579)
2025-07-22 18:23:48,811 - INFO - Processing 82/579: hihat_hihat_closed_tip_medium_soft_fully_open_017.mid
2025-07-22 18:23:48,811 - INFO - Processing MIDI file: hihat_hihat_closed_tip_medium_soft_fully_open_017.mid
2025-07-22 18:23:48,811 - INFO - Loading MIDI file: hihat_hihat_closed_tip_medium_soft_fully_open_017.mid
2025-07-22 18:23:55,203 - INFO - MIDI file loaded: hihat_hihat_closed_tip_medium_soft_fully_open_017.mid
2025-07-22 18:23:55,203 - INFO - Rendering audio: hihat_hihat_closed_tip_medium_soft_fully_open_017
2025-07-22 18:24:29,611 - ERROR - Render timeout for hihat_hihat_closed_tip_medium_soft_fully_open_017
2025-07-22 18:24:29,617 - ERROR - Failed to process hihat_hihat_closed_tip_medium_soft_fully_open_017.mid: Failed to render audio
2025-07-22 18:24:29,617 - INFO - Progress: 14.2% (82/579)
2025-07-22 18:24:30,118 - INFO - Processing 83/579: hihat_hihat_closed_tip_medium_soft_half_open_015.mid
2025-07-22 18:24:30,119 - INFO - Processing MIDI file: hihat_hihat_closed_tip_medium_soft_half_open_015.mid
2025-07-22 18:24:30,119 - INFO - Loading MIDI file: hihat_hihat_closed_tip_medium_soft_half_open_015.mid
2025-07-22 18:24:36,506 - INFO - MIDI file loaded: hihat_hihat_closed_tip_medium_soft_half_open_015.mid
2025-07-22 18:24:36,506 - INFO - Rendering audio: hihat_hihat_closed_tip_medium_soft_half_open_015
2025-07-22 18:25:10,913 - ERROR - Render timeout for hihat_hihat_closed_tip_medium_soft_half_open_015
2025-07-22 18:25:10,919 - ERROR - Failed to process hihat_hihat_closed_tip_medium_soft_half_open_015.mid: Failed to render audio
2025-07-22 18:25:10,919 - INFO - Progress: 14.3% (83/579)
2025-07-22 18:25:11,419 - INFO - Processing 84/579: hihat_hihat_closed_tip_medium_soft_quarter_open_014.mid
2025-07-22 18:25:11,420 - INFO - Processing MIDI file: hihat_hihat_closed_tip_medium_soft_quarter_open_014.mid
2025-07-22 18:25:11,420 - INFO - Loading MIDI file: hihat_hihat_closed_tip_medium_soft_quarter_open_014.mid
2025-07-22 18:25:17,811 - INFO - MIDI file loaded: hihat_hihat_closed_tip_medium_soft_quarter_open_014.mid
2025-07-22 18:25:17,811 - INFO - Rendering audio: hihat_hihat_closed_tip_medium_soft_quarter_open_014
2025-07-22 18:25:52,224 - ERROR - Render timeout for hihat_hihat_closed_tip_medium_soft_quarter_open_014
2025-07-22 18:25:52,230 - ERROR - Failed to process hihat_hihat_closed_tip_medium_soft_quarter_open_014.mid: Failed to render audio
2025-07-22 18:25:52,230 - INFO - Progress: 14.5% (84/579)
2025-07-22 18:25:52,730 - INFO - Processing 85/579: hihat_hihat_closed_tip_medium_soft_slightly_open_013.mid
2025-07-22 18:25:52,731 - INFO - Processing MIDI file: hihat_hihat_closed_tip_medium_soft_slightly_open_013.mid
2025-07-22 18:25:52,731 - INFO - Loading MIDI file: hihat_hihat_closed_tip_medium_soft_slightly_open_013.mid
2025-07-22 18:25:59,122 - INFO - MIDI file loaded: hihat_hihat_closed_tip_medium_soft_slightly_open_013.mid
2025-07-22 18:25:59,123 - INFO - Rendering audio: hihat_hihat_closed_tip_medium_soft_slightly_open_013
2025-07-22 18:26:33,531 - ERROR - Render timeout for hihat_hihat_closed_tip_medium_soft_slightly_open_013
2025-07-22 18:26:33,537 - ERROR - Failed to process hihat_hihat_closed_tip_medium_soft_slightly_open_013.mid: Failed to render audio
2025-07-22 18:26:33,538 - INFO - Progress: 14.7% (85/579)
2025-07-22 18:26:34,038 - INFO - Processing 86/579: hihat_hihat_closed_tip_medium_soft_three_quarter_open_016.mid
2025-07-22 18:26:34,038 - INFO - Processing MIDI file: hihat_hihat_closed_tip_medium_soft_three_quarter_open_016.mid
2025-07-22 18:26:34,039 - INFO - Loading MIDI file: hihat_hihat_closed_tip_medium_soft_three_quarter_open_016.mid
2025-07-22 18:26:40,436 - INFO - MIDI file loaded: hihat_hihat_closed_tip_medium_soft_three_quarter_open_016.mid
2025-07-22 18:26:40,437 - INFO - Rendering audio: hihat_hihat_closed_tip_medium_soft_three_quarter_open_016
2025-07-22 18:27:14,853 - ERROR - Render timeout for hihat_hihat_closed_tip_medium_soft_three_quarter_open_016
2025-07-22 18:27:14,858 - ERROR - Failed to process hihat_hihat_closed_tip_medium_soft_three_quarter_open_016.mid: Failed to render audio
2025-07-22 18:27:14,858 - INFO - Progress: 14.9% (86/579)
2025-07-22 18:27:15,359 - INFO - Processing 87/579: hihat_hihat_closed_tip_medium_three_quarter_open_022.mid
2025-07-22 18:27:15,359 - INFO - Processing MIDI file: hihat_hihat_closed_tip_medium_three_quarter_open_022.mid
2025-07-22 18:27:15,360 - INFO - Loading MIDI file: hihat_hihat_closed_tip_medium_three_quarter_open_022.mid
2025-07-22 18:27:21,752 - INFO - MIDI file loaded: hihat_hihat_closed_tip_medium_three_quarter_open_022.mid
2025-07-22 18:27:21,752 - INFO - Rendering audio: hihat_hihat_closed_tip_medium_three_quarter_open_022
2025-07-22 18:27:56,162 - ERROR - Render timeout for hihat_hihat_closed_tip_medium_three_quarter_open_022
2025-07-22 18:27:56,168 - ERROR - Failed to process hihat_hihat_closed_tip_medium_three_quarter_open_022.mid: Failed to render audio
2025-07-22 18:27:56,168 - INFO - Progress: 15.0% (87/579)
2025-07-22 18:27:56,669 - INFO - Processing 88/579: hihat_hihat_closed_tip_soft_closed_006.mid
2025-07-22 18:27:56,669 - INFO - Processing MIDI file: hihat_hihat_closed_tip_soft_closed_006.mid
2025-07-22 18:27:56,670 - INFO - Loading MIDI file: hihat_hihat_closed_tip_soft_closed_006.mid
2025-07-22 18:28:03,050 - INFO - MIDI file loaded: hihat_hihat_closed_tip_soft_closed_006.mid
2025-07-22 18:28:03,050 - INFO - Rendering audio: hihat_hihat_closed_tip_soft_closed_006
2025-07-22 18:28:37,446 - ERROR - Render timeout for hihat_hihat_closed_tip_soft_closed_006
2025-07-22 18:28:37,452 - ERROR - Failed to process hihat_hihat_closed_tip_soft_closed_006.mid: Failed to render audio
2025-07-22 18:28:37,452 - INFO - Progress: 15.2% (88/579)
2025-07-22 18:28:37,952 - INFO - Processing 89/579: hihat_hihat_closed_tip_soft_fully_open_011.mid
2025-07-22 18:28:37,953 - INFO - Processing MIDI file: hihat_hihat_closed_tip_soft_fully_open_011.mid
2025-07-22 18:28:37,953 - INFO - Loading MIDI file: hihat_hihat_closed_tip_soft_fully_open_011.mid
2025-07-22 18:28:44,339 - INFO - MIDI file loaded: hihat_hihat_closed_tip_soft_fully_open_011.mid
2025-07-22 18:28:44,340 - INFO - Rendering audio: hihat_hihat_closed_tip_soft_fully_open_011
2025-07-22 18:29:18,741 - ERROR - Render timeout for hihat_hihat_closed_tip_soft_fully_open_011
2025-07-22 18:29:18,746 - ERROR - Failed to process hihat_hihat_closed_tip_soft_fully_open_011.mid: Failed to render audio
2025-07-22 18:29:18,747 - INFO - Progress: 15.4% (89/579)
2025-07-22 18:29:19,248 - INFO - Processing 90/579: hihat_hihat_closed_tip_soft_half_open_009.mid
2025-07-22 18:29:19,248 - INFO - Processing MIDI file: hihat_hihat_closed_tip_soft_half_open_009.mid
2025-07-22 18:29:19,248 - INFO - Loading MIDI file: hihat_hihat_closed_tip_soft_half_open_009.mid
2025-07-22 18:29:25,636 - INFO - MIDI file loaded: hihat_hihat_closed_tip_soft_half_open_009.mid
2025-07-22 18:29:25,636 - INFO - Rendering audio: hihat_hihat_closed_tip_soft_half_open_009
2025-07-22 18:30:00,052 - ERROR - Render timeout for hihat_hihat_closed_tip_soft_half_open_009
2025-07-22 18:30:00,057 - ERROR - Failed to process hihat_hihat_closed_tip_soft_half_open_009.mid: Failed to render audio
2025-07-22 18:30:00,057 - INFO - Progress: 15.5% (90/579)
2025-07-22 18:30:00,558 - INFO - Processing 91/579: hihat_hihat_closed_tip_soft_quarter_open_008.mid
2025-07-22 18:30:00,558 - INFO - Processing MIDI file: hihat_hihat_closed_tip_soft_quarter_open_008.mid
2025-07-22 18:30:00,558 - INFO - Loading MIDI file: hihat_hihat_closed_tip_soft_quarter_open_008.mid
2025-07-22 18:30:06,945 - INFO - MIDI file loaded: hihat_hihat_closed_tip_soft_quarter_open_008.mid
2025-07-22 18:30:06,945 - INFO - Rendering audio: hihat_hihat_closed_tip_soft_quarter_open_008
2025-07-22 18:30:41,348 - ERROR - Render timeout for hihat_hihat_closed_tip_soft_quarter_open_008
2025-07-22 18:30:41,353 - ERROR - Failed to process hihat_hihat_closed_tip_soft_quarter_open_008.mid: Failed to render audio
2025-07-22 18:30:41,353 - INFO - Progress: 15.7% (91/579)
2025-07-22 18:30:41,854 - INFO - Processing 92/579: hihat_hihat_closed_tip_soft_slightly_open_007.mid
2025-07-22 18:30:41,854 - INFO - Processing MIDI file: hihat_hihat_closed_tip_soft_slightly_open_007.mid
2025-07-22 18:30:41,855 - INFO - Loading MIDI file: hihat_hihat_closed_tip_soft_slightly_open_007.mid
2025-07-22 18:30:48,241 - INFO - MIDI file loaded: hihat_hihat_closed_tip_soft_slightly_open_007.mid
2025-07-22 18:30:48,242 - INFO - Rendering audio: hihat_hihat_closed_tip_soft_slightly_open_007
2025-07-22 18:31:22,645 - ERROR - Render timeout for hihat_hihat_closed_tip_soft_slightly_open_007
2025-07-22 18:31:22,651 - ERROR - Failed to process hihat_hihat_closed_tip_soft_slightly_open_007.mid: Failed to render audio
2025-07-22 18:31:22,651 - INFO - Progress: 15.9% (92/579)
2025-07-22 18:31:23,152 - INFO - Processing 93/579: hihat_hihat_closed_tip_soft_three_quarter_open_010.mid
2025-07-22 18:31:23,152 - INFO - Processing MIDI file: hihat_hihat_closed_tip_soft_three_quarter_open_010.mid
2025-07-22 18:31:23,152 - INFO - Loading MIDI file: hihat_hihat_closed_tip_soft_three_quarter_open_010.mid
2025-07-22 18:31:29,544 - INFO - MIDI file loaded: hihat_hihat_closed_tip_soft_three_quarter_open_010.mid
2025-07-22 18:31:29,545 - INFO - Rendering audio: hihat_hihat_closed_tip_soft_three_quarter_open_010
2025-07-22 18:32:03,963 - ERROR - Render timeout for hihat_hihat_closed_tip_soft_three_quarter_open_010
2025-07-22 18:32:03,968 - ERROR - Failed to process hihat_hihat_closed_tip_soft_three_quarter_open_010.mid: Failed to render audio
2025-07-22 18:32:03,969 - INFO - Progress: 16.1% (93/579)
2025-07-22 18:32:04,470 - INFO - Processing 94/579: hihat_hihat_open_1_accent_closed_120.mid
2025-07-22 18:32:04,470 - INFO - Processing MIDI file: hihat_hihat_open_1_accent_closed_120.mid
2025-07-22 18:32:04,470 - INFO - Loading MIDI file: hihat_hihat_open_1_accent_closed_120.mid
2025-07-22 18:32:10,849 - INFO - MIDI file loaded: hihat_hihat_open_1_accent_closed_120.mid
2025-07-22 18:32:10,849 - INFO - Rendering audio: hihat_hihat_open_1_accent_closed_120
2025-07-22 18:32:45,243 - ERROR - Render timeout for hihat_hihat_open_1_accent_closed_120
2025-07-22 18:32:45,248 - ERROR - Failed to process hihat_hihat_open_1_accent_closed_120.mid: Failed to render audio
2025-07-22 18:32:45,249 - INFO - Progress: 16.2% (94/579)
2025-07-22 18:32:45,749 - INFO - Processing 95/579: hihat_hihat_open_1_accent_fully_open_125.mid
2025-07-22 18:32:45,750 - INFO - Processing MIDI file: hihat_hihat_open_1_accent_fully_open_125.mid
2025-07-22 18:32:45,750 - INFO - Loading MIDI file: hihat_hihat_open_1_accent_fully_open_125.mid
2025-07-22 18:32:52,134 - INFO - MIDI file loaded: hihat_hihat_open_1_accent_fully_open_125.mid
2025-07-22 18:32:52,135 - INFO - Rendering audio: hihat_hihat_open_1_accent_fully_open_125
2025-07-22 18:33:26,532 - ERROR - Render timeout for hihat_hihat_open_1_accent_fully_open_125
2025-07-22 18:33:26,537 - ERROR - Failed to process hihat_hihat_open_1_accent_fully_open_125.mid: Failed to render audio
2025-07-22 18:33:26,537 - INFO - Progress: 16.4% (95/579)
2025-07-22 18:33:27,038 - INFO - Processing 96/579: hihat_hihat_open_1_accent_half_open_123.mid
2025-07-22 18:33:27,038 - INFO - Processing MIDI file: hihat_hihat_open_1_accent_half_open_123.mid
2025-07-22 18:33:27,038 - INFO - Loading MIDI file: hihat_hihat_open_1_accent_half_open_123.mid
2025-07-22 18:33:33,420 - INFO - MIDI file loaded: hihat_hihat_open_1_accent_half_open_123.mid
2025-07-22 18:33:33,420 - INFO - Rendering audio: hihat_hihat_open_1_accent_half_open_123
2025-07-22 18:34:07,824 - ERROR - Render timeout for hihat_hihat_open_1_accent_half_open_123
2025-07-22 18:34:07,829 - ERROR - Failed to process hihat_hihat_open_1_accent_half_open_123.mid: Failed to render audio
2025-07-22 18:34:07,829 - INFO - Progress: 16.6% (96/579)
2025-07-22 18:34:08,330 - INFO - Processing 97/579: hihat_hihat_open_1_accent_quarter_open_122.mid
2025-07-22 18:34:08,330 - INFO - Processing MIDI file: hihat_hihat_open_1_accent_quarter_open_122.mid
2025-07-22 18:34:08,330 - INFO - Loading MIDI file: hihat_hihat_open_1_accent_quarter_open_122.mid
2025-07-22 18:34:14,714 - INFO - MIDI file loaded: hihat_hihat_open_1_accent_quarter_open_122.mid
2025-07-22 18:34:14,715 - INFO - Rendering audio: hihat_hihat_open_1_accent_quarter_open_122
2025-07-22 18:34:49,128 - ERROR - Render timeout for hihat_hihat_open_1_accent_quarter_open_122
2025-07-22 18:34:49,134 - ERROR - Failed to process hihat_hihat_open_1_accent_quarter_open_122.mid: Failed to render audio
2025-07-22 18:34:49,134 - INFO - Progress: 16.8% (97/579)
2025-07-22 18:34:49,635 - INFO - Processing 98/579: hihat_hihat_open_1_accent_slightly_open_121.mid
2025-07-22 18:34:49,635 - INFO - Processing MIDI file: hihat_hihat_open_1_accent_slightly_open_121.mid
2025-07-22 18:34:49,635 - INFO - Loading MIDI file: hihat_hihat_open_1_accent_slightly_open_121.mid
2025-07-22 18:34:56,022 - INFO - MIDI file loaded: hihat_hihat_open_1_accent_slightly_open_121.mid
2025-07-22 18:34:56,022 - INFO - Rendering audio: hihat_hihat_open_1_accent_slightly_open_121
2025-07-22 18:35:30,426 - ERROR - Render timeout for hihat_hihat_open_1_accent_slightly_open_121
2025-07-22 18:35:30,431 - ERROR - Failed to process hihat_hihat_open_1_accent_slightly_open_121.mid: Failed to render audio
2025-07-22 18:35:30,431 - INFO - Progress: 16.9% (98/579)
2025-07-22 18:35:30,932 - INFO - Processing 99/579: hihat_hihat_open_1_accent_three_quarter_open_124.mid
2025-07-22 18:35:30,932 - INFO - Processing MIDI file: hihat_hihat_open_1_accent_three_quarter_open_124.mid
2025-07-22 18:35:30,932 - INFO - Loading MIDI file: hihat_hihat_open_1_accent_three_quarter_open_124.mid
2025-07-22 18:35:37,320 - INFO - MIDI file loaded: hihat_hihat_open_1_accent_three_quarter_open_124.mid
2025-07-22 18:35:37,320 - INFO - Rendering audio: hihat_hihat_open_1_accent_three_quarter_open_124
2025-07-22 18:36:11,745 - ERROR - Render timeout for hihat_hihat_open_1_accent_three_quarter_open_124
2025-07-22 18:36:11,751 - ERROR - Failed to process hihat_hihat_open_1_accent_three_quarter_open_124.mid: Failed to render audio
2025-07-22 18:36:11,751 - INFO - Progress: 17.1% (99/579)
2025-07-22 18:36:12,252 - INFO - Processing 100/579: hihat_hihat_open_1_ghost_closed_084.mid
2025-07-22 18:36:12,252 - INFO - Processing MIDI file: hihat_hihat_open_1_ghost_closed_084.mid
2025-07-22 18:36:12,253 - INFO - Loading MIDI file: hihat_hihat_open_1_ghost_closed_084.mid
2025-07-22 18:36:18,630 - INFO - MIDI file loaded: hihat_hihat_open_1_ghost_closed_084.mid
2025-07-22 18:36:18,630 - INFO - Rendering audio: hihat_hihat_open_1_ghost_closed_084
2025-07-22 18:36:53,027 - ERROR - Render timeout for hihat_hihat_open_1_ghost_closed_084
2025-07-22 18:36:53,032 - ERROR - Failed to process hihat_hihat_open_1_ghost_closed_084.mid: Failed to render audio
2025-07-22 18:36:53,032 - INFO - Progress: 17.3% (100/579)
2025-07-22 18:36:53,533 - INFO - Processing 101/579: hihat_hihat_open_1_ghost_fully_open_089.mid
2025-07-22 18:36:53,533 - INFO - Processing MIDI file: hihat_hihat_open_1_ghost_fully_open_089.mid
2025-07-22 18:36:53,533 - INFO - Loading MIDI file: hihat_hihat_open_1_ghost_fully_open_089.mid
2025-07-22 18:36:59,913 - INFO - MIDI file loaded: hihat_hihat_open_1_ghost_fully_open_089.mid
2025-07-22 18:36:59,913 - INFO - Rendering audio: hihat_hihat_open_1_ghost_fully_open_089
2025-07-22 18:37:34,312 - ERROR - Render timeout for hihat_hihat_open_1_ghost_fully_open_089
2025-07-22 18:37:34,318 - ERROR - Failed to process hihat_hihat_open_1_ghost_fully_open_089.mid: Failed to render audio
2025-07-22 18:37:34,318 - INFO - Progress: 17.4% (101/579)
2025-07-22 18:37:34,819 - INFO - Processing 102/579: hihat_hihat_open_1_ghost_half_open_087.mid
2025-07-22 18:37:34,819 - INFO - Processing MIDI file: hihat_hihat_open_1_ghost_half_open_087.mid
2025-07-22 18:37:34,820 - INFO - Loading MIDI file: hihat_hihat_open_1_ghost_half_open_087.mid
2025-07-22 18:37:41,207 - INFO - MIDI file loaded: hihat_hihat_open_1_ghost_half_open_087.mid
2025-07-22 18:37:41,207 - INFO - Rendering audio: hihat_hihat_open_1_ghost_half_open_087
2025-07-22 18:38:15,605 - ERROR - Render timeout for hihat_hihat_open_1_ghost_half_open_087
2025-07-22 18:38:15,611 - ERROR - Failed to process hihat_hihat_open_1_ghost_half_open_087.mid: Failed to render audio
2025-07-22 18:38:15,611 - INFO - Progress: 17.6% (102/579)
2025-07-22 18:38:16,111 - INFO - Processing 103/579: hihat_hihat_open_1_ghost_quarter_open_086.mid
2025-07-22 18:38:16,112 - INFO - Processing MIDI file: hihat_hihat_open_1_ghost_quarter_open_086.mid
2025-07-22 18:38:16,112 - INFO - Loading MIDI file: hihat_hihat_open_1_ghost_quarter_open_086.mid
2025-07-22 18:38:22,492 - INFO - MIDI file loaded: hihat_hihat_open_1_ghost_quarter_open_086.mid
2025-07-22 18:38:22,493 - INFO - Rendering audio: hihat_hihat_open_1_ghost_quarter_open_086
2025-07-22 18:38:56,895 - ERROR - Render timeout for hihat_hihat_open_1_ghost_quarter_open_086
2025-07-22 18:38:56,901 - ERROR - Failed to process hihat_hihat_open_1_ghost_quarter_open_086.mid: Failed to render audio
2025-07-22 18:38:56,901 - INFO - Progress: 17.8% (103/579)
2025-07-22 18:38:57,402 - INFO - Processing 104/579: hihat_hihat_open_1_ghost_slightly_open_085.mid
2025-07-22 18:38:57,402 - INFO - Processing MIDI file: hihat_hihat_open_1_ghost_slightly_open_085.mid
2025-07-22 18:38:57,402 - INFO - Loading MIDI file: hihat_hihat_open_1_ghost_slightly_open_085.mid
2025-07-22 18:39:03,785 - INFO - MIDI file loaded: hihat_hihat_open_1_ghost_slightly_open_085.mid
2025-07-22 18:39:03,786 - INFO - Rendering audio: hihat_hihat_open_1_ghost_slightly_open_085
2025-07-22 18:39:38,186 - ERROR - Render timeout for hihat_hihat_open_1_ghost_slightly_open_085
2025-07-22 18:39:38,192 - ERROR - Failed to process hihat_hihat_open_1_ghost_slightly_open_085.mid: Failed to render audio
2025-07-22 18:39:38,193 - INFO - Progress: 18.0% (104/579)
2025-07-22 18:39:38,693 - INFO - Processing 105/579: hihat_hihat_open_1_ghost_three_quarter_open_088.mid
2025-07-22 18:39:38,694 - INFO - Processing MIDI file: hihat_hihat_open_1_ghost_three_quarter_open_088.mid
2025-07-22 18:39:38,694 - INFO - Loading MIDI file: hihat_hihat_open_1_ghost_three_quarter_open_088.mid
2025-07-22 18:39:45,080 - INFO - MIDI file loaded: hihat_hihat_open_1_ghost_three_quarter_open_088.mid
2025-07-22 18:39:45,080 - INFO - Rendering audio: hihat_hihat_open_1_ghost_three_quarter_open_088
2025-07-22 18:40:19,486 - ERROR - Render timeout for hihat_hihat_open_1_ghost_three_quarter_open_088
2025-07-22 18:40:19,492 - ERROR - Failed to process hihat_hihat_open_1_ghost_three_quarter_open_088.mid: Failed to render audio
2025-07-22 18:40:19,492 - INFO - Progress: 18.1% (105/579)
2025-07-22 18:40:19,992 - INFO - Processing 106/579: hihat_hihat_open_1_hard_closed_114.mid
2025-07-22 18:40:19,993 - INFO - Processing MIDI file: hihat_hihat_open_1_hard_closed_114.mid
2025-07-22 18:40:19,993 - INFO - Loading MIDI file: hihat_hihat_open_1_hard_closed_114.mid
2025-07-22 18:40:26,370 - INFO - MIDI file loaded: hihat_hihat_open_1_hard_closed_114.mid
2025-07-22 18:40:26,370 - INFO - Rendering audio: hihat_hihat_open_1_hard_closed_114
2025-07-22 18:41:00,767 - ERROR - Render timeout for hihat_hihat_open_1_hard_closed_114
2025-07-22 18:41:00,773 - ERROR - Failed to process hihat_hihat_open_1_hard_closed_114.mid: Failed to render audio
2025-07-22 18:41:00,773 - INFO - Progress: 18.3% (106/579)
2025-07-22 18:41:01,274 - INFO - Processing 107/579: hihat_hihat_open_1_hard_fully_open_119.mid
2025-07-22 18:41:01,274 - INFO - Processing MIDI file: hihat_hihat_open_1_hard_fully_open_119.mid
2025-07-22 18:41:01,274 - INFO - Loading MIDI file: hihat_hihat_open_1_hard_fully_open_119.mid
2025-07-22 18:41:07,656 - INFO - MIDI file loaded: hihat_hihat_open_1_hard_fully_open_119.mid
2025-07-22 18:41:07,656 - INFO - Rendering audio: hihat_hihat_open_1_hard_fully_open_119
2025-07-22 18:41:42,055 - ERROR - Render timeout for hihat_hihat_open_1_hard_fully_open_119
2025-07-22 18:41:42,061 - ERROR - Failed to process hihat_hihat_open_1_hard_fully_open_119.mid: Failed to render audio
2025-07-22 18:41:42,061 - INFO - Progress: 18.5% (107/579)
2025-07-22 18:41:42,561 - INFO - Processing 108/579: hihat_hihat_open_1_hard_half_open_117.mid
2025-07-22 18:41:42,562 - INFO - Processing MIDI file: hihat_hihat_open_1_hard_half_open_117.mid
2025-07-22 18:41:42,562 - INFO - Loading MIDI file: hihat_hihat_open_1_hard_half_open_117.mid
2025-07-22 18:41:48,942 - INFO - MIDI file loaded: hihat_hihat_open_1_hard_half_open_117.mid
2025-07-22 18:41:48,942 - INFO - Rendering audio: hihat_hihat_open_1_hard_half_open_117
2025-07-22 18:42:23,342 - ERROR - Render timeout for hihat_hihat_open_1_hard_half_open_117
2025-07-22 18:42:23,347 - ERROR - Failed to process hihat_hihat_open_1_hard_half_open_117.mid: Failed to render audio
2025-07-22 18:42:23,347 - INFO - Progress: 18.7% (108/579)
2025-07-22 18:42:23,848 - INFO - Processing 109/579: hihat_hihat_open_1_hard_quarter_open_116.mid
2025-07-22 18:42:23,848 - INFO - Processing MIDI file: hihat_hihat_open_1_hard_quarter_open_116.mid
2025-07-22 18:42:23,849 - INFO - Loading MIDI file: hihat_hihat_open_1_hard_quarter_open_116.mid
2025-07-22 18:42:30,229 - INFO - MIDI file loaded: hihat_hihat_open_1_hard_quarter_open_116.mid
2025-07-22 18:42:30,230 - INFO - Rendering audio: hihat_hihat_open_1_hard_quarter_open_116
2025-07-22 18:43:04,632 - ERROR - Render timeout for hihat_hihat_open_1_hard_quarter_open_116
2025-07-22 18:43:04,638 - ERROR - Failed to process hihat_hihat_open_1_hard_quarter_open_116.mid: Failed to render audio
2025-07-22 18:43:04,638 - INFO - Progress: 18.8% (109/579)
2025-07-22 18:43:05,139 - INFO - Processing 110/579: hihat_hihat_open_1_hard_slightly_open_115.mid
2025-07-22 18:43:05,139 - INFO - Processing MIDI file: hihat_hihat_open_1_hard_slightly_open_115.mid
2025-07-22 18:43:05,140 - INFO - Loading MIDI file: hihat_hihat_open_1_hard_slightly_open_115.mid
2025-07-22 18:43:11,522 - INFO - MIDI file loaded: hihat_hihat_open_1_hard_slightly_open_115.mid
2025-07-22 18:43:11,522 - INFO - Rendering audio: hihat_hihat_open_1_hard_slightly_open_115
2025-07-22 18:43:45,920 - ERROR - Render timeout for hihat_hihat_open_1_hard_slightly_open_115
2025-07-22 18:43:45,926 - ERROR - Failed to process hihat_hihat_open_1_hard_slightly_open_115.mid: Failed to render audio
2025-07-22 18:43:45,926 - INFO - Progress: 19.0% (110/579)
2025-07-22 18:43:46,427 - INFO - Processing 111/579: hihat_hihat_open_1_hard_three_quarter_open_118.mid
2025-07-22 18:43:46,427 - INFO - Processing MIDI file: hihat_hihat_open_1_hard_three_quarter_open_118.mid
2025-07-22 18:43:46,427 - INFO - Loading MIDI file: hihat_hihat_open_1_hard_three_quarter_open_118.mid
2025-07-22 18:43:52,813 - INFO - MIDI file loaded: hihat_hihat_open_1_hard_three_quarter_open_118.mid
2025-07-22 18:43:52,814 - INFO - Rendering audio: hihat_hihat_open_1_hard_three_quarter_open_118
2025-07-22 18:44:27,222 - ERROR - Render timeout for hihat_hihat_open_1_hard_three_quarter_open_118
2025-07-22 18:44:27,228 - ERROR - Failed to process hihat_hihat_open_1_hard_three_quarter_open_118.mid: Failed to render audio
2025-07-22 18:44:27,228 - INFO - Progress: 19.2% (111/579)
2025-07-22 18:44:27,729 - INFO - Processing 112/579: hihat_hihat_open_1_medium_closed_102.mid
2025-07-22 18:44:27,729 - INFO - Processing MIDI file: hihat_hihat_open_1_medium_closed_102.mid
2025-07-22 18:44:27,729 - INFO - Loading MIDI file: hihat_hihat_open_1_medium_closed_102.mid
2025-07-22 18:44:34,108 - INFO - MIDI file loaded: hihat_hihat_open_1_medium_closed_102.mid
2025-07-22 18:44:34,108 - INFO - Rendering audio: hihat_hihat_open_1_medium_closed_102
2025-07-22 18:45:08,503 - ERROR - Render timeout for hihat_hihat_open_1_medium_closed_102
2025-07-22 18:45:08,509 - ERROR - Failed to process hihat_hihat_open_1_medium_closed_102.mid: Failed to render audio
2025-07-22 18:45:08,509 - INFO - Progress: 19.3% (112/579)
2025-07-22 18:45:09,010 - INFO - Processing 113/579: hihat_hihat_open_1_medium_fully_open_107.mid
2025-07-22 18:45:09,010 - INFO - Processing MIDI file: hihat_hihat_open_1_medium_fully_open_107.mid
2025-07-22 18:45:09,011 - INFO - Loading MIDI file: hihat_hihat_open_1_medium_fully_open_107.mid
2025-07-22 18:45:15,391 - INFO - MIDI file loaded: hihat_hihat_open_1_medium_fully_open_107.mid
2025-07-22 18:45:15,391 - INFO - Rendering audio: hihat_hihat_open_1_medium_fully_open_107
2025-07-22 18:45:49,789 - ERROR - Render timeout for hihat_hihat_open_1_medium_fully_open_107
2025-07-22 18:45:49,794 - ERROR - Failed to process hihat_hihat_open_1_medium_fully_open_107.mid: Failed to render audio
2025-07-22 18:45:49,794 - INFO - Progress: 19.5% (113/579)
2025-07-22 18:45:50,295 - INFO - Processing 114/579: hihat_hihat_open_1_medium_half_open_105.mid
2025-07-22 18:45:50,295 - INFO - Processing MIDI file: hihat_hihat_open_1_medium_half_open_105.mid
2025-07-22 18:45:50,295 - INFO - Loading MIDI file: hihat_hihat_open_1_medium_half_open_105.mid
2025-07-22 18:45:56,677 - INFO - MIDI file loaded: hihat_hihat_open_1_medium_half_open_105.mid
2025-07-22 18:45:56,677 - INFO - Rendering audio: hihat_hihat_open_1_medium_half_open_105
2025-07-22 18:46:31,077 - ERROR - Render timeout for hihat_hihat_open_1_medium_half_open_105
2025-07-22 18:46:31,084 - ERROR - Failed to process hihat_hihat_open_1_medium_half_open_105.mid: Failed to render audio
2025-07-22 18:46:31,085 - INFO - Progress: 19.7% (114/579)
2025-07-22 18:46:31,585 - INFO - Processing 115/579: hihat_hihat_open_1_medium_hard_closed_108.mid
2025-07-22 18:46:31,585 - INFO - Processing MIDI file: hihat_hihat_open_1_medium_hard_closed_108.mid
2025-07-22 18:46:31,586 - INFO - Loading MIDI file: hihat_hihat_open_1_medium_hard_closed_108.mid
2025-07-22 18:46:37,970 - INFO - MIDI file loaded: hihat_hihat_open_1_medium_hard_closed_108.mid
2025-07-22 18:46:37,971 - INFO - Rendering audio: hihat_hihat_open_1_medium_hard_closed_108
2025-07-22 18:47:12,369 - ERROR - Render timeout for hihat_hihat_open_1_medium_hard_closed_108
2025-07-22 18:47:12,375 - ERROR - Failed to process hihat_hihat_open_1_medium_hard_closed_108.mid: Failed to render audio
2025-07-22 18:47:12,375 - INFO - Progress: 19.9% (115/579)
2025-07-22 18:47:12,876 - INFO - Processing 116/579: hihat_hihat_open_1_medium_hard_fully_open_113.mid
2025-07-22 18:47:12,876 - INFO - Processing MIDI file: hihat_hihat_open_1_medium_hard_fully_open_113.mid
2025-07-22 18:47:12,876 - INFO - Loading MIDI file: hihat_hihat_open_1_medium_hard_fully_open_113.mid
2025-07-22 18:47:19,263 - INFO - MIDI file loaded: hihat_hihat_open_1_medium_hard_fully_open_113.mid
2025-07-22 18:47:19,263 - INFO - Rendering audio: hihat_hihat_open_1_medium_hard_fully_open_113
2025-07-22 18:47:53,668 - ERROR - Render timeout for hihat_hihat_open_1_medium_hard_fully_open_113
2025-07-22 18:47:53,673 - ERROR - Failed to process hihat_hihat_open_1_medium_hard_fully_open_113.mid: Failed to render audio
2025-07-22 18:47:53,674 - INFO - Progress: 20.0% (116/579)
2025-07-22 18:47:54,175 - INFO - Processing 117/579: hihat_hihat_open_1_medium_hard_half_open_111.mid
2025-07-22 18:47:54,175 - INFO - Processing MIDI file: hihat_hihat_open_1_medium_hard_half_open_111.mid
2025-07-22 18:47:54,176 - INFO - Loading MIDI file: hihat_hihat_open_1_medium_hard_half_open_111.mid
2025-07-22 18:48:00,561 - INFO - MIDI file loaded: hihat_hihat_open_1_medium_hard_half_open_111.mid
2025-07-22 18:48:00,561 - INFO - Rendering audio: hihat_hihat_open_1_medium_hard_half_open_111
2025-07-22 18:48:34,964 - ERROR - Render timeout for hihat_hihat_open_1_medium_hard_half_open_111
2025-07-22 18:48:34,970 - ERROR - Failed to process hihat_hihat_open_1_medium_hard_half_open_111.mid: Failed to render audio
2025-07-22 18:48:34,971 - INFO - Progress: 20.2% (117/579)
2025-07-22 18:48:35,472 - INFO - Processing 118/579: hihat_hihat_open_1_medium_hard_quarter_open_110.mid
2025-07-22 18:48:35,472 - INFO - Processing MIDI file: hihat_hihat_open_1_medium_hard_quarter_open_110.mid
2025-07-22 18:48:35,473 - INFO - Loading MIDI file: hihat_hihat_open_1_medium_hard_quarter_open_110.mid
2025-07-22 18:48:41,860 - INFO - MIDI file loaded: hihat_hihat_open_1_medium_hard_quarter_open_110.mid
2025-07-22 18:48:41,860 - INFO - Rendering audio: hihat_hihat_open_1_medium_hard_quarter_open_110
2025-07-22 18:49:16,267 - ERROR - Render timeout for hihat_hihat_open_1_medium_hard_quarter_open_110
2025-07-22 18:49:16,273 - ERROR - Failed to process hihat_hihat_open_1_medium_hard_quarter_open_110.mid: Failed to render audio
2025-07-22 18:49:16,273 - INFO - Progress: 20.4% (118/579)
2025-07-22 18:49:16,774 - INFO - Processing 119/579: hihat_hihat_open_1_medium_hard_slightly_open_109.mid
2025-07-22 18:49:16,774 - INFO - Processing MIDI file: hihat_hihat_open_1_medium_hard_slightly_open_109.mid
2025-07-22 18:49:16,774 - INFO - Loading MIDI file: hihat_hihat_open_1_medium_hard_slightly_open_109.mid
2025-07-22 18:49:23,164 - INFO - MIDI file loaded: hihat_hihat_open_1_medium_hard_slightly_open_109.mid
2025-07-22 18:49:23,164 - INFO - Rendering audio: hihat_hihat_open_1_medium_hard_slightly_open_109
2025-07-22 18:49:57,573 - ERROR - Render timeout for hihat_hihat_open_1_medium_hard_slightly_open_109
2025-07-22 18:49:57,579 - ERROR - Failed to process hihat_hihat_open_1_medium_hard_slightly_open_109.mid: Failed to render audio
2025-07-22 18:49:57,579 - INFO - Progress: 20.6% (119/579)
2025-07-22 18:49:58,079 - INFO - Processing 120/579: hihat_hihat_open_1_medium_hard_three_quarter_open_112.mid
2025-07-22 18:49:58,080 - INFO - Processing MIDI file: hihat_hihat_open_1_medium_hard_three_quarter_open_112.mid
2025-07-22 18:49:58,080 - INFO - Loading MIDI file: hihat_hihat_open_1_medium_hard_three_quarter_open_112.mid
2025-07-22 18:50:04,472 - INFO - MIDI file loaded: hihat_hihat_open_1_medium_hard_three_quarter_open_112.mid
2025-07-22 18:50:04,473 - INFO - Rendering audio: hihat_hihat_open_1_medium_hard_three_quarter_open_112
2025-07-22 18:50:38,882 - ERROR - Render timeout for hihat_hihat_open_1_medium_hard_three_quarter_open_112
2025-07-22 18:50:38,888 - ERROR - Failed to process hihat_hihat_open_1_medium_hard_three_quarter_open_112.mid: Failed to render audio
2025-07-22 18:50:38,888 - INFO - Progress: 20.7% (120/579)
2025-07-22 18:50:39,388 - INFO - Processing 121/579: hihat_hihat_open_1_medium_quarter_open_104.mid
2025-07-22 18:50:39,389 - INFO - Processing MIDI file: hihat_hihat_open_1_medium_quarter_open_104.mid
2025-07-22 18:50:39,389 - INFO - Loading MIDI file: hihat_hihat_open_1_medium_quarter_open_104.mid
2025-07-22 18:50:45,774 - INFO - MIDI file loaded: hihat_hihat_open_1_medium_quarter_open_104.mid
2025-07-22 18:50:45,774 - INFO - Rendering audio: hihat_hihat_open_1_medium_quarter_open_104
2025-07-22 18:51:20,175 - ERROR - Render timeout for hihat_hihat_open_1_medium_quarter_open_104
2025-07-22 18:51:20,180 - ERROR - Failed to process hihat_hihat_open_1_medium_quarter_open_104.mid: Failed to render audio
2025-07-22 18:51:20,180 - INFO - Progress: 20.9% (121/579)
2025-07-22 18:51:20,681 - INFO - Processing 122/579: hihat_hihat_open_1_medium_slightly_open_103.mid
2025-07-22 18:51:20,681 - INFO - Processing MIDI file: hihat_hihat_open_1_medium_slightly_open_103.mid
2025-07-22 18:51:20,681 - INFO - Loading MIDI file: hihat_hihat_open_1_medium_slightly_open_103.mid
2025-07-22 18:51:27,064 - INFO - MIDI file loaded: hihat_hihat_open_1_medium_slightly_open_103.mid
2025-07-22 18:51:27,064 - INFO - Rendering audio: hihat_hihat_open_1_medium_slightly_open_103
2025-07-22 18:52:01,466 - ERROR - Render timeout for hihat_hihat_open_1_medium_slightly_open_103
2025-07-22 18:52:01,471 - ERROR - Failed to process hihat_hihat_open_1_medium_slightly_open_103.mid: Failed to render audio
2025-07-22 18:52:01,471 - INFO - Progress: 21.1% (122/579)
2025-07-22 18:52:01,972 - INFO - Processing 123/579: hihat_hihat_open_1_medium_soft_closed_096.mid
2025-07-22 18:52:01,972 - INFO - Processing MIDI file: hihat_hihat_open_1_medium_soft_closed_096.mid
2025-07-22 18:52:01,972 - INFO - Loading MIDI file: hihat_hihat_open_1_medium_soft_closed_096.mid
2025-07-22 18:52:08,354 - INFO - MIDI file loaded: hihat_hihat_open_1_medium_soft_closed_096.mid
2025-07-22 18:52:08,354 - INFO - Rendering audio: hihat_hihat_open_1_medium_soft_closed_096
2025-07-22 18:52:42,759 - ERROR - Render timeout for hihat_hihat_open_1_medium_soft_closed_096
2025-07-22 18:52:42,765 - ERROR - Failed to process hihat_hihat_open_1_medium_soft_closed_096.mid: Failed to render audio
2025-07-22 18:52:42,765 - INFO - Progress: 21.2% (123/579)
2025-07-22 18:52:43,266 - INFO - Processing 124/579: hihat_hihat_open_1_medium_soft_fully_open_101.mid
2025-07-22 18:52:43,266 - INFO - Processing MIDI file: hihat_hihat_open_1_medium_soft_fully_open_101.mid
2025-07-22 18:52:43,267 - INFO - Loading MIDI file: hihat_hihat_open_1_medium_soft_fully_open_101.mid
2025-07-22 18:52:49,653 - INFO - MIDI file loaded: hihat_hihat_open_1_medium_soft_fully_open_101.mid
2025-07-22 18:52:49,653 - INFO - Rendering audio: hihat_hihat_open_1_medium_soft_fully_open_101
2025-07-22 18:53:24,057 - ERROR - Render timeout for hihat_hihat_open_1_medium_soft_fully_open_101
2025-07-22 18:53:24,063 - ERROR - Failed to process hihat_hihat_open_1_medium_soft_fully_open_101.mid: Failed to render audio
2025-07-22 18:53:24,063 - INFO - Progress: 21.4% (124/579)
2025-07-22 18:53:24,564 - INFO - Processing 125/579: hihat_hihat_open_1_medium_soft_half_open_099.mid
2025-07-22 18:53:24,564 - INFO - Processing MIDI file: hihat_hihat_open_1_medium_soft_half_open_099.mid
2025-07-22 18:53:24,564 - INFO - Loading MIDI file: hihat_hihat_open_1_medium_soft_half_open_099.mid
2025-07-22 18:53:30,951 - INFO - MIDI file loaded: hihat_hihat_open_1_medium_soft_half_open_099.mid
2025-07-22 18:53:30,951 - INFO - Rendering audio: hihat_hihat_open_1_medium_soft_half_open_099
2025-07-22 18:54:05,358 - ERROR - Render timeout for hihat_hihat_open_1_medium_soft_half_open_099
2025-07-22 18:54:05,363 - ERROR - Failed to process hihat_hihat_open_1_medium_soft_half_open_099.mid: Failed to render audio
2025-07-22 18:54:05,364 - INFO - Progress: 21.6% (125/579)
2025-07-22 18:54:05,864 - INFO - Processing 126/579: hihat_hihat_open_1_medium_soft_quarter_open_098.mid
2025-07-22 18:54:05,864 - INFO - Processing MIDI file: hihat_hihat_open_1_medium_soft_quarter_open_098.mid
2025-07-22 18:54:05,865 - INFO - Loading MIDI file: hihat_hihat_open_1_medium_soft_quarter_open_098.mid
2025-07-22 18:54:12,251 - INFO - MIDI file loaded: hihat_hihat_open_1_medium_soft_quarter_open_098.mid
2025-07-22 18:54:12,252 - INFO - Rendering audio: hihat_hihat_open_1_medium_soft_quarter_open_098
2025-07-22 18:54:46,661 - ERROR - Render timeout for hihat_hihat_open_1_medium_soft_quarter_open_098
2025-07-22 18:54:46,666 - ERROR - Failed to process hihat_hihat_open_1_medium_soft_quarter_open_098.mid: Failed to render audio
2025-07-22 18:54:46,666 - INFO - Progress: 21.8% (126/579)
2025-07-22 18:54:47,167 - INFO - Processing 127/579: hihat_hihat_open_1_medium_soft_slightly_open_097.mid
2025-07-22 18:54:47,168 - INFO - Processing MIDI file: hihat_hihat_open_1_medium_soft_slightly_open_097.mid
2025-07-22 18:54:47,168 - INFO - Loading MIDI file: hihat_hihat_open_1_medium_soft_slightly_open_097.mid
2025-07-22 18:54:53,559 - INFO - MIDI file loaded: hihat_hihat_open_1_medium_soft_slightly_open_097.mid
2025-07-22 18:54:53,559 - INFO - Rendering audio: hihat_hihat_open_1_medium_soft_slightly_open_097
2025-07-22 18:55:27,965 - ERROR - Render timeout for hihat_hihat_open_1_medium_soft_slightly_open_097
2025-07-22 18:55:27,971 - ERROR - Failed to process hihat_hihat_open_1_medium_soft_slightly_open_097.mid: Failed to render audio
2025-07-22 18:55:27,971 - INFO - Progress: 21.9% (127/579)
2025-07-22 18:55:28,472 - INFO - Processing 128/579: hihat_hihat_open_1_medium_soft_three_quarter_open_100.mid
2025-07-22 18:55:28,473 - INFO - Processing MIDI file: hihat_hihat_open_1_medium_soft_three_quarter_open_100.mid
2025-07-22 18:55:28,473 - INFO - Loading MIDI file: hihat_hihat_open_1_medium_soft_three_quarter_open_100.mid
2025-07-22 18:55:34,867 - INFO - MIDI file loaded: hihat_hihat_open_1_medium_soft_three_quarter_open_100.mid
2025-07-22 18:55:34,868 - INFO - Rendering audio: hihat_hihat_open_1_medium_soft_three_quarter_open_100
2025-07-22 18:56:09,283 - ERROR - Render timeout for hihat_hihat_open_1_medium_soft_three_quarter_open_100
2025-07-22 18:56:09,288 - ERROR - Failed to process hihat_hihat_open_1_medium_soft_three_quarter_open_100.mid: Failed to render audio
2025-07-22 18:56:09,288 - INFO - Progress: 22.1% (128/579)
2025-07-22 18:56:09,788 - INFO - Processing 129/579: hihat_hihat_open_1_medium_three_quarter_open_106.mid
2025-07-22 18:56:09,789 - INFO - Processing MIDI file: hihat_hihat_open_1_medium_three_quarter_open_106.mid
2025-07-22 18:56:09,789 - INFO - Loading MIDI file: hihat_hihat_open_1_medium_three_quarter_open_106.mid
2025-07-22 18:56:16,176 - INFO - MIDI file loaded: hihat_hihat_open_1_medium_three_quarter_open_106.mid
2025-07-22 18:56:16,176 - INFO - Rendering audio: hihat_hihat_open_1_medium_three_quarter_open_106
2025-07-22 18:56:50,580 - ERROR - Render timeout for hihat_hihat_open_1_medium_three_quarter_open_106
2025-07-22 18:56:50,585 - ERROR - Failed to process hihat_hihat_open_1_medium_three_quarter_open_106.mid: Failed to render audio
2025-07-22 18:56:50,586 - INFO - Progress: 22.3% (129/579)
2025-07-22 18:56:51,086 - INFO - Processing 130/579: hihat_hihat_open_1_soft_closed_090.mid
2025-07-22 18:56:51,086 - INFO - Processing MIDI file: hihat_hihat_open_1_soft_closed_090.mid
2025-07-22 18:56:51,087 - INFO - Loading MIDI file: hihat_hihat_open_1_soft_closed_090.mid
2025-07-22 18:56:57,464 - INFO - MIDI file loaded: hihat_hihat_open_1_soft_closed_090.mid
2025-07-22 18:56:57,464 - INFO - Rendering audio: hihat_hihat_open_1_soft_closed_090
2025-07-22 18:57:31,856 - ERROR - Render timeout for hihat_hihat_open_1_soft_closed_090
2025-07-22 18:57:31,862 - ERROR - Failed to process hihat_hihat_open_1_soft_closed_090.mid: Failed to render audio
2025-07-22 18:57:31,862 - INFO - Progress: 22.5% (130/579)
2025-07-22 18:57:32,364 - INFO - Processing 131/579: hihat_hihat_open_1_soft_fully_open_095.mid
2025-07-22 18:57:32,364 - INFO - Processing MIDI file: hihat_hihat_open_1_soft_fully_open_095.mid
2025-07-22 18:57:32,364 - INFO - Loading MIDI file: hihat_hihat_open_1_soft_fully_open_095.mid
2025-07-22 18:57:38,748 - INFO - MIDI file loaded: hihat_hihat_open_1_soft_fully_open_095.mid
2025-07-22 18:57:38,749 - INFO - Rendering audio: hihat_hihat_open_1_soft_fully_open_095
2025-07-22 18:58:13,146 - ERROR - Render timeout for hihat_hihat_open_1_soft_fully_open_095
2025-07-22 18:58:13,152 - ERROR - Failed to process hihat_hihat_open_1_soft_fully_open_095.mid: Failed to render audio
2025-07-22 18:58:13,152 - INFO - Progress: 22.6% (131/579)
2025-07-22 18:58:13,653 - INFO - Processing 132/579: hihat_hihat_open_1_soft_half_open_093.mid
2025-07-22 18:58:13,653 - INFO - Processing MIDI file: hihat_hihat_open_1_soft_half_open_093.mid
2025-07-22 18:58:13,653 - INFO - Loading MIDI file: hihat_hihat_open_1_soft_half_open_093.mid
2025-07-22 18:58:20,034 - INFO - MIDI file loaded: hihat_hihat_open_1_soft_half_open_093.mid
2025-07-22 18:58:20,034 - INFO - Rendering audio: hihat_hihat_open_1_soft_half_open_093
2025-07-22 18:58:54,432 - ERROR - Render timeout for hihat_hihat_open_1_soft_half_open_093
2025-07-22 18:58:54,438 - ERROR - Failed to process hihat_hihat_open_1_soft_half_open_093.mid: Failed to render audio
2025-07-22 18:58:54,438 - INFO - Progress: 22.8% (132/579)
2025-07-22 18:58:54,939 - INFO - Processing 133/579: hihat_hihat_open_1_soft_quarter_open_092.mid
2025-07-22 18:58:54,939 - INFO - Processing MIDI file: hihat_hihat_open_1_soft_quarter_open_092.mid
2025-07-22 18:58:54,939 - INFO - Loading MIDI file: hihat_hihat_open_1_soft_quarter_open_092.mid
2025-07-22 18:59:01,321 - INFO - MIDI file loaded: hihat_hihat_open_1_soft_quarter_open_092.mid
2025-07-22 18:59:01,321 - INFO - Rendering audio: hihat_hihat_open_1_soft_quarter_open_092
2025-07-22 18:59:35,719 - ERROR - Render timeout for hihat_hihat_open_1_soft_quarter_open_092
2025-07-22 18:59:35,725 - ERROR - Failed to process hihat_hihat_open_1_soft_quarter_open_092.mid: Failed to render audio
2025-07-22 18:59:35,725 - INFO - Progress: 23.0% (133/579)
2025-07-22 18:59:36,226 - INFO - Processing 134/579: hihat_hihat_open_1_soft_slightly_open_091.mid
2025-07-22 18:59:36,226 - INFO - Processing MIDI file: hihat_hihat_open_1_soft_slightly_open_091.mid
2025-07-22 18:59:36,226 - INFO - Loading MIDI file: hihat_hihat_open_1_soft_slightly_open_091.mid
2025-07-22 18:59:42,610 - INFO - MIDI file loaded: hihat_hihat_open_1_soft_slightly_open_091.mid
2025-07-22 18:59:42,610 - INFO - Rendering audio: hihat_hihat_open_1_soft_slightly_open_091
2025-07-22 19:00:17,011 - ERROR - Render timeout for hihat_hihat_open_1_soft_slightly_open_091
2025-07-22 19:00:17,017 - ERROR - Failed to process hihat_hihat_open_1_soft_slightly_open_091.mid: Failed to render audio
2025-07-22 19:00:17,017 - INFO - Progress: 23.1% (134/579)
2025-07-22 19:00:17,518 - INFO - Processing 135/579: hihat_hihat_open_1_soft_three_quarter_open_094.mid
2025-07-22 19:00:17,519 - INFO - Processing MIDI file: hihat_hihat_open_1_soft_three_quarter_open_094.mid
2025-07-22 19:00:17,519 - INFO - Loading MIDI file: hihat_hihat_open_1_soft_three_quarter_open_094.mid
2025-07-22 19:00:23,905 - INFO - MIDI file loaded: hihat_hihat_open_1_soft_three_quarter_open_094.mid
2025-07-22 19:00:23,906 - INFO - Rendering audio: hihat_hihat_open_1_soft_three_quarter_open_094
2025-07-22 19:00:58,313 - ERROR - Render timeout for hihat_hihat_open_1_soft_three_quarter_open_094
2025-07-22 19:00:58,319 - ERROR - Failed to process hihat_hihat_open_1_soft_three_quarter_open_094.mid: Failed to render audio
2025-07-22 19:00:58,320 - INFO - Progress: 23.3% (135/579)
2025-07-22 19:00:58,821 - INFO - Processing 136/579: hihat_hihat_open_2_accent_closed_162.mid
2025-07-22 19:00:58,821 - INFO - Processing MIDI file: hihat_hihat_open_2_accent_closed_162.mid
2025-07-22 19:00:58,821 - INFO - Loading MIDI file: hihat_hihat_open_2_accent_closed_162.mid
2025-07-22 19:01:05,200 - INFO - MIDI file loaded: hihat_hihat_open_2_accent_closed_162.mid
2025-07-22 19:01:05,201 - INFO - Rendering audio: hihat_hihat_open_2_accent_closed_162
2025-07-22 19:01:39,595 - ERROR - Render timeout for hihat_hihat_open_2_accent_closed_162
2025-07-22 19:01:39,600 - ERROR - Failed to process hihat_hihat_open_2_accent_closed_162.mid: Failed to render audio
2025-07-22 19:01:39,600 - INFO - Progress: 23.5% (136/579)
2025-07-22 19:01:40,101 - INFO - Processing 137/579: hihat_hihat_open_2_accent_fully_open_167.mid
2025-07-22 19:01:40,101 - INFO - Processing MIDI file: hihat_hihat_open_2_accent_fully_open_167.mid
2025-07-22 19:01:40,101 - INFO - Loading MIDI file: hihat_hihat_open_2_accent_fully_open_167.mid
2025-07-22 19:01:46,487 - INFO - MIDI file loaded: hihat_hihat_open_2_accent_fully_open_167.mid
2025-07-22 19:01:46,487 - INFO - Rendering audio: hihat_hihat_open_2_accent_fully_open_167
2025-07-22 19:02:20,888 - ERROR - Render timeout for hihat_hihat_open_2_accent_fully_open_167
2025-07-22 19:02:20,894 - ERROR - Failed to process hihat_hihat_open_2_accent_fully_open_167.mid: Failed to render audio
2025-07-22 19:02:20,894 - INFO - Progress: 23.7% (137/579)
2025-07-22 19:02:21,394 - INFO - Processing 138/579: hihat_hihat_open_2_accent_half_open_165.mid
2025-07-22 19:02:21,395 - INFO - Processing MIDI file: hihat_hihat_open_2_accent_half_open_165.mid
2025-07-22 19:02:21,395 - INFO - Loading MIDI file: hihat_hihat_open_2_accent_half_open_165.mid
2025-07-22 19:02:27,775 - INFO - MIDI file loaded: hihat_hihat_open_2_accent_half_open_165.mid
2025-07-22 19:02:27,775 - INFO - Rendering audio: hihat_hihat_open_2_accent_half_open_165
2025-07-22 19:03:02,175 - ERROR - Render timeout for hihat_hihat_open_2_accent_half_open_165
2025-07-22 19:03:02,181 - ERROR - Failed to process hihat_hihat_open_2_accent_half_open_165.mid: Failed to render audio
2025-07-22 19:03:02,182 - INFO - Progress: 23.8% (138/579)
2025-07-22 19:03:02,682 - INFO - Processing 139/579: hihat_hihat_open_2_accent_quarter_open_164.mid
2025-07-22 19:03:02,682 - INFO - Processing MIDI file: hihat_hihat_open_2_accent_quarter_open_164.mid
2025-07-22 19:03:02,683 - INFO - Loading MIDI file: hihat_hihat_open_2_accent_quarter_open_164.mid
2025-07-22 19:03:09,067 - INFO - MIDI file loaded: hihat_hihat_open_2_accent_quarter_open_164.mid
2025-07-22 19:03:09,068 - INFO - Rendering audio: hihat_hihat_open_2_accent_quarter_open_164
2025-07-22 19:03:43,471 - ERROR - Render timeout for hihat_hihat_open_2_accent_quarter_open_164
2025-07-22 19:03:43,477 - ERROR - Failed to process hihat_hihat_open_2_accent_quarter_open_164.mid: Failed to render audio
2025-07-22 19:03:43,477 - INFO - Progress: 24.0% (139/579)
2025-07-22 19:03:43,978 - INFO - Processing 140/579: hihat_hihat_open_2_accent_slightly_open_163.mid
2025-07-22 19:03:43,979 - INFO - Processing MIDI file: hihat_hihat_open_2_accent_slightly_open_163.mid
2025-07-22 19:03:43,979 - INFO - Loading MIDI file: hihat_hihat_open_2_accent_slightly_open_163.mid
2025-07-22 19:03:50,363 - INFO - MIDI file loaded: hihat_hihat_open_2_accent_slightly_open_163.mid
2025-07-22 19:03:50,364 - INFO - Rendering audio: hihat_hihat_open_2_accent_slightly_open_163
2025-07-22 19:04:24,770 - ERROR - Render timeout for hihat_hihat_open_2_accent_slightly_open_163
2025-07-22 19:04:24,776 - ERROR - Failed to process hihat_hihat_open_2_accent_slightly_open_163.mid: Failed to render audio
2025-07-22 19:04:24,776 - INFO - Progress: 24.2% (140/579)
2025-07-22 19:04:25,277 - INFO - Processing 141/579: hihat_hihat_open_2_accent_three_quarter_open_166.mid
2025-07-22 19:04:25,278 - INFO - Processing MIDI file: hihat_hihat_open_2_accent_three_quarter_open_166.mid
2025-07-22 19:04:25,278 - INFO - Loading MIDI file: hihat_hihat_open_2_accent_three_quarter_open_166.mid
2025-07-22 19:04:31,683 - INFO - MIDI file loaded: hihat_hihat_open_2_accent_three_quarter_open_166.mid
2025-07-22 19:04:31,683 - INFO - Rendering audio: hihat_hihat_open_2_accent_three_quarter_open_166
2025-07-22 19:05:06,087 - ERROR - Render timeout for hihat_hihat_open_2_accent_three_quarter_open_166
2025-07-22 19:05:06,093 - ERROR - Failed to process hihat_hihat_open_2_accent_three_quarter_open_166.mid: Failed to render audio
2025-07-22 19:05:06,093 - INFO - Progress: 24.4% (141/579)
2025-07-22 19:05:06,594 - INFO - Processing 142/579: hihat_hihat_open_2_ghost_closed_126.mid
2025-07-22 19:05:06,595 - INFO - Processing MIDI file: hihat_hihat_open_2_ghost_closed_126.mid
2025-07-22 19:05:06,595 - INFO - Loading MIDI file: hihat_hihat_open_2_ghost_closed_126.mid
2025-07-22 19:05:12,974 - INFO - MIDI file loaded: hihat_hihat_open_2_ghost_closed_126.mid
2025-07-22 19:05:12,974 - INFO - Rendering audio: hihat_hihat_open_2_ghost_closed_126
2025-07-22 19:05:47,368 - ERROR - Render timeout for hihat_hihat_open_2_ghost_closed_126
2025-07-22 19:05:47,374 - ERROR - Failed to process hihat_hihat_open_2_ghost_closed_126.mid: Failed to render audio
2025-07-22 19:05:47,375 - INFO - Progress: 24.5% (142/579)
2025-07-22 19:05:47,876 - INFO - Processing 143/579: hihat_hihat_open_2_ghost_fully_open_131.mid
2025-07-22 19:05:47,876 - INFO - Processing MIDI file: hihat_hihat_open_2_ghost_fully_open_131.mid
2025-07-22 19:05:47,876 - INFO - Loading MIDI file: hihat_hihat_open_2_ghost_fully_open_131.mid
2025-07-22 19:05:54,258 - INFO - MIDI file loaded: hihat_hihat_open_2_ghost_fully_open_131.mid
2025-07-22 19:05:54,258 - INFO - Rendering audio: hihat_hihat_open_2_ghost_fully_open_131
2025-07-22 19:06:28,655 - ERROR - Render timeout for hihat_hihat_open_2_ghost_fully_open_131
2025-07-22 19:06:28,661 - ERROR - Failed to process hihat_hihat_open_2_ghost_fully_open_131.mid: Failed to render audio
2025-07-22 19:06:28,661 - INFO - Progress: 24.7% (143/579)
2025-07-22 19:06:29,162 - INFO - Processing 144/579: hihat_hihat_open_2_ghost_half_open_129.mid
2025-07-22 19:06:29,162 - INFO - Processing MIDI file: hihat_hihat_open_2_ghost_half_open_129.mid
2025-07-22 19:06:29,162 - INFO - Loading MIDI file: hihat_hihat_open_2_ghost_half_open_129.mid
2025-07-22 19:06:35,541 - INFO - MIDI file loaded: hihat_hihat_open_2_ghost_half_open_129.mid
2025-07-22 19:06:35,542 - INFO - Rendering audio: hihat_hihat_open_2_ghost_half_open_129
2025-07-22 19:07:09,936 - ERROR - Render timeout for hihat_hihat_open_2_ghost_half_open_129
2025-07-22 19:07:09,941 - ERROR - Failed to process hihat_hihat_open_2_ghost_half_open_129.mid: Failed to render audio
2025-07-22 19:07:09,941 - INFO - Progress: 24.9% (144/579)
2025-07-22 19:07:10,442 - INFO - Processing 145/579: hihat_hihat_open_2_ghost_quarter_open_128.mid
2025-07-22 19:07:10,443 - INFO - Processing MIDI file: hihat_hihat_open_2_ghost_quarter_open_128.mid
2025-07-22 19:07:10,443 - INFO - Loading MIDI file: hihat_hihat_open_2_ghost_quarter_open_128.mid
2025-07-22 19:07:16,827 - INFO - MIDI file loaded: hihat_hihat_open_2_ghost_quarter_open_128.mid
2025-07-22 19:07:16,828 - INFO - Rendering audio: hihat_hihat_open_2_ghost_quarter_open_128
2025-07-22 19:07:51,229 - ERROR - Render timeout for hihat_hihat_open_2_ghost_quarter_open_128
2025-07-22 19:07:51,235 - ERROR - Failed to process hihat_hihat_open_2_ghost_quarter_open_128.mid: Failed to render audio
2025-07-22 19:07:51,235 - INFO - Progress: 25.0% (145/579)
2025-07-22 19:07:51,736 - INFO - Processing 146/579: hihat_hihat_open_2_ghost_slightly_open_127.mid
2025-07-22 19:07:51,736 - INFO - Processing MIDI file: hihat_hihat_open_2_ghost_slightly_open_127.mid
2025-07-22 19:07:51,737 - INFO - Loading MIDI file: hihat_hihat_open_2_ghost_slightly_open_127.mid
2025-07-22 19:07:58,117 - INFO - MIDI file loaded: hihat_hihat_open_2_ghost_slightly_open_127.mid
2025-07-22 19:07:58,117 - INFO - Rendering audio: hihat_hihat_open_2_ghost_slightly_open_127
2025-07-22 19:08:32,516 - ERROR - Render timeout for hihat_hihat_open_2_ghost_slightly_open_127
2025-07-22 19:08:32,522 - ERROR - Failed to process hihat_hihat_open_2_ghost_slightly_open_127.mid: Failed to render audio
2025-07-22 19:08:32,522 - INFO - Progress: 25.2% (146/579)
2025-07-22 19:08:33,022 - INFO - Processing 147/579: hihat_hihat_open_2_ghost_three_quarter_open_130.mid
2025-07-22 19:08:33,023 - INFO - Processing MIDI file: hihat_hihat_open_2_ghost_three_quarter_open_130.mid
2025-07-22 19:08:33,023 - INFO - Loading MIDI file: hihat_hihat_open_2_ghost_three_quarter_open_130.mid
2025-07-22 19:08:39,410 - INFO - MIDI file loaded: hihat_hihat_open_2_ghost_three_quarter_open_130.mid
2025-07-22 19:08:39,411 - INFO - Rendering audio: hihat_hihat_open_2_ghost_three_quarter_open_130
2025-07-22 19:09:13,819 - ERROR - Render timeout for hihat_hihat_open_2_ghost_three_quarter_open_130
2025-07-22 19:09:13,825 - ERROR - Failed to process hihat_hihat_open_2_ghost_three_quarter_open_130.mid: Failed to render audio
2025-07-22 19:09:13,825 - INFO - Progress: 25.4% (147/579)
2025-07-22 19:09:14,326 - INFO - Processing 148/579: hihat_hihat_open_2_hard_closed_156.mid
2025-07-22 19:09:14,326 - INFO - Processing MIDI file: hihat_hihat_open_2_hard_closed_156.mid
2025-07-22 19:09:14,327 - INFO - Loading MIDI file: hihat_hihat_open_2_hard_closed_156.mid
2025-07-22 19:09:20,707 - INFO - MIDI file loaded: hihat_hihat_open_2_hard_closed_156.mid
2025-07-22 19:09:20,707 - INFO - Rendering audio: hihat_hihat_open_2_hard_closed_156
2025-07-22 19:09:55,099 - ERROR - Render timeout for hihat_hihat_open_2_hard_closed_156
2025-07-22 19:09:55,106 - ERROR - Failed to process hihat_hihat_open_2_hard_closed_156.mid: Failed to render audio
2025-07-22 19:09:55,106 - INFO - Progress: 25.6% (148/579)
2025-07-22 19:09:55,606 - INFO - Processing 149/579: hihat_hihat_open_2_hard_fully_open_161.mid
2025-07-22 19:09:55,607 - INFO - Processing MIDI file: hihat_hihat_open_2_hard_fully_open_161.mid
2025-07-22 19:09:55,607 - INFO - Loading MIDI file: hihat_hihat_open_2_hard_fully_open_161.mid
2025-07-22 19:10:01,990 - INFO - MIDI file loaded: hihat_hihat_open_2_hard_fully_open_161.mid
2025-07-22 19:10:01,990 - INFO - Rendering audio: hihat_hihat_open_2_hard_fully_open_161
2025-07-22 19:10:36,387 - ERROR - Render timeout for hihat_hihat_open_2_hard_fully_open_161
2025-07-22 19:10:36,392 - ERROR - Failed to process hihat_hihat_open_2_hard_fully_open_161.mid: Failed to render audio
2025-07-22 19:10:36,393 - INFO - Progress: 25.7% (149/579)
2025-07-22 19:10:36,894 - INFO - Processing 150/579: hihat_hihat_open_2_hard_half_open_159.mid
2025-07-22 19:10:36,894 - INFO - Processing MIDI file: hihat_hihat_open_2_hard_half_open_159.mid
2025-07-22 19:10:36,894 - INFO - Loading MIDI file: hihat_hihat_open_2_hard_half_open_159.mid
2025-07-22 19:10:43,277 - INFO - MIDI file loaded: hihat_hihat_open_2_hard_half_open_159.mid
2025-07-22 19:10:43,277 - INFO - Rendering audio: hihat_hihat_open_2_hard_half_open_159
2025-07-22 19:11:17,675 - ERROR - Render timeout for hihat_hihat_open_2_hard_half_open_159
2025-07-22 19:11:17,680 - ERROR - Failed to process hihat_hihat_open_2_hard_half_open_159.mid: Failed to render audio
2025-07-22 19:11:17,680 - INFO - Progress: 25.9% (150/579)
2025-07-22 19:11:18,181 - INFO - Processing 151/579: hihat_hihat_open_2_hard_quarter_open_158.mid
2025-07-22 19:11:18,181 - INFO - Processing MIDI file: hihat_hihat_open_2_hard_quarter_open_158.mid
2025-07-22 19:11:18,181 - INFO - Loading MIDI file: hihat_hihat_open_2_hard_quarter_open_158.mid
2025-07-22 19:11:24,564 - INFO - MIDI file loaded: hihat_hihat_open_2_hard_quarter_open_158.mid
2025-07-22 19:11:24,565 - INFO - Rendering audio: hihat_hihat_open_2_hard_quarter_open_158
2025-07-22 19:11:58,968 - ERROR - Render timeout for hihat_hihat_open_2_hard_quarter_open_158
2025-07-22 19:11:58,974 - ERROR - Failed to process hihat_hihat_open_2_hard_quarter_open_158.mid: Failed to render audio
2025-07-22 19:11:58,974 - INFO - Progress: 26.1% (151/579)
2025-07-22 19:11:59,474 - INFO - Processing 152/579: hihat_hihat_open_2_hard_slightly_open_157.mid
2025-07-22 19:11:59,475 - INFO - Processing MIDI file: hihat_hihat_open_2_hard_slightly_open_157.mid
2025-07-22 19:11:59,475 - INFO - Loading MIDI file: hihat_hihat_open_2_hard_slightly_open_157.mid
2025-07-22 19:12:05,858 - INFO - MIDI file loaded: hihat_hihat_open_2_hard_slightly_open_157.mid
2025-07-22 19:12:05,859 - INFO - Rendering audio: hihat_hihat_open_2_hard_slightly_open_157
2025-07-22 19:12:40,260 - ERROR - Render timeout for hihat_hihat_open_2_hard_slightly_open_157
2025-07-22 19:12:40,266 - ERROR - Failed to process hihat_hihat_open_2_hard_slightly_open_157.mid: Failed to render audio
2025-07-22 19:12:40,267 - INFO - Progress: 26.3% (152/579)
2025-07-22 19:12:40,768 - INFO - Processing 153/579: hihat_hihat_open_2_hard_three_quarter_open_160.mid
2025-07-22 19:12:40,768 - INFO - Processing MIDI file: hihat_hihat_open_2_hard_three_quarter_open_160.mid
2025-07-22 19:12:40,768 - INFO - Loading MIDI file: hihat_hihat_open_2_hard_three_quarter_open_160.mid
2025-07-22 19:12:47,158 - INFO - MIDI file loaded: hihat_hihat_open_2_hard_three_quarter_open_160.mid
2025-07-22 19:12:47,159 - INFO - Rendering audio: hihat_hihat_open_2_hard_three_quarter_open_160
2025-07-22 19:13:21,565 - ERROR - Render timeout for hihat_hihat_open_2_hard_three_quarter_open_160
2025-07-22 19:13:21,571 - ERROR - Failed to process hihat_hihat_open_2_hard_three_quarter_open_160.mid: Failed to render audio
2025-07-22 19:13:21,571 - INFO - Progress: 26.4% (153/579)
2025-07-22 19:13:22,072 - INFO - Processing 154/579: hihat_hihat_open_2_medium_closed_144.mid
2025-07-22 19:13:22,072 - INFO - Processing MIDI file: hihat_hihat_open_2_medium_closed_144.mid
2025-07-22 19:13:22,073 - INFO - Loading MIDI file: hihat_hihat_open_2_medium_closed_144.mid
2025-07-22 19:13:28,453 - INFO - MIDI file loaded: hihat_hihat_open_2_medium_closed_144.mid
2025-07-22 19:13:28,453 - INFO - Rendering audio: hihat_hihat_open_2_medium_closed_144
2025-07-22 19:14:02,854 - ERROR - Render timeout for hihat_hihat_open_2_medium_closed_144
2025-07-22 19:14:02,859 - ERROR - Failed to process hihat_hihat_open_2_medium_closed_144.mid: Failed to render audio
2025-07-22 19:14:02,859 - INFO - Progress: 26.6% (154/579)
2025-07-22 19:14:03,360 - INFO - Processing 155/579: hihat_hihat_open_2_medium_fully_open_149.mid
2025-07-22 19:14:03,360 - INFO - Processing MIDI file: hihat_hihat_open_2_medium_fully_open_149.mid
2025-07-22 19:14:03,360 - INFO - Loading MIDI file: hihat_hihat_open_2_medium_fully_open_149.mid
2025-07-22 19:14:09,746 - INFO - MIDI file loaded: hihat_hihat_open_2_medium_fully_open_149.mid
2025-07-22 19:14:09,746 - INFO - Rendering audio: hihat_hihat_open_2_medium_fully_open_149
2025-07-22 19:14:44,162 - ERROR - Render timeout for hihat_hihat_open_2_medium_fully_open_149
2025-07-22 19:14:44,168 - ERROR - Failed to process hihat_hihat_open_2_medium_fully_open_149.mid: Failed to render audio
2025-07-22 19:14:44,168 - INFO - Progress: 26.8% (155/579)
2025-07-22 19:14:44,669 - INFO - Processing 156/579: hihat_hihat_open_2_medium_half_open_147.mid
2025-07-22 19:14:44,669 - INFO - Processing MIDI file: hihat_hihat_open_2_medium_half_open_147.mid
2025-07-22 19:14:44,670 - INFO - Loading MIDI file: hihat_hihat_open_2_medium_half_open_147.mid
2025-07-22 19:14:51,053 - INFO - MIDI file loaded: hihat_hihat_open_2_medium_half_open_147.mid
2025-07-22 19:14:51,053 - INFO - Rendering audio: hihat_hihat_open_2_medium_half_open_147
2025-07-22 19:15:25,452 - ERROR - Render timeout for hihat_hihat_open_2_medium_half_open_147
2025-07-22 19:15:25,457 - ERROR - Failed to process hihat_hihat_open_2_medium_half_open_147.mid: Failed to render audio
2025-07-22 19:15:25,458 - INFO - Progress: 26.9% (156/579)
2025-07-22 19:15:25,959 - INFO - Processing 157/579: hihat_hihat_open_2_medium_hard_closed_150.mid
2025-07-22 19:15:25,959 - INFO - Processing MIDI file: hihat_hihat_open_2_medium_hard_closed_150.mid
2025-07-22 19:15:25,959 - INFO - Loading MIDI file: hihat_hihat_open_2_medium_hard_closed_150.mid
2025-07-22 19:15:32,345 - INFO - MIDI file loaded: hihat_hihat_open_2_medium_hard_closed_150.mid
2025-07-22 19:15:32,346 - INFO - Rendering audio: hihat_hihat_open_2_medium_hard_closed_150
2025-07-22 19:16:06,745 - ERROR - Render timeout for hihat_hihat_open_2_medium_hard_closed_150
2025-07-22 19:16:06,750 - ERROR - Failed to process hihat_hihat_open_2_medium_hard_closed_150.mid: Failed to render audio
2025-07-22 19:16:06,750 - INFO - Progress: 27.1% (157/579)
2025-07-22 19:16:07,251 - INFO - Processing 158/579: hihat_hihat_open_2_medium_hard_fully_open_155.mid
2025-07-22 19:16:07,251 - INFO - Processing MIDI file: hihat_hihat_open_2_medium_hard_fully_open_155.mid
2025-07-22 19:16:07,252 - INFO - Loading MIDI file: hihat_hihat_open_2_medium_hard_fully_open_155.mid
2025-07-22 19:16:13,639 - INFO - MIDI file loaded: hihat_hihat_open_2_medium_hard_fully_open_155.mid
2025-07-22 19:16:13,639 - INFO - Rendering audio: hihat_hihat_open_2_medium_hard_fully_open_155
2025-07-22 19:16:48,047 - ERROR - Render timeout for hihat_hihat_open_2_medium_hard_fully_open_155
2025-07-22 19:16:48,052 - ERROR - Failed to process hihat_hihat_open_2_medium_hard_fully_open_155.mid: Failed to render audio
2025-07-22 19:16:48,052 - INFO - Progress: 27.3% (158/579)
2025-07-22 19:16:48,553 - INFO - Processing 159/579: hihat_hihat_open_2_medium_hard_half_open_153.mid
2025-07-22 19:16:48,553 - INFO - Processing MIDI file: hihat_hihat_open_2_medium_hard_half_open_153.mid
2025-07-22 19:16:48,553 - INFO - Loading MIDI file: hihat_hihat_open_2_medium_hard_half_open_153.mid
2025-07-22 19:16:54,940 - INFO - MIDI file loaded: hihat_hihat_open_2_medium_hard_half_open_153.mid
2025-07-22 19:16:54,941 - INFO - Rendering audio: hihat_hihat_open_2_medium_hard_half_open_153
2025-07-22 19:17:29,345 - ERROR - Render timeout for hihat_hihat_open_2_medium_hard_half_open_153
2025-07-22 19:17:29,350 - ERROR - Failed to process hihat_hihat_open_2_medium_hard_half_open_153.mid: Failed to render audio
2025-07-22 19:17:29,350 - INFO - Progress: 27.5% (159/579)
2025-07-22 19:17:29,850 - INFO - Processing 160/579: hihat_hihat_open_2_medium_hard_quarter_open_152.mid
2025-07-22 19:17:29,851 - INFO - Processing MIDI file: hihat_hihat_open_2_medium_hard_quarter_open_152.mid
2025-07-22 19:17:29,851 - INFO - Loading MIDI file: hihat_hihat_open_2_medium_hard_quarter_open_152.mid
2025-07-22 19:17:36,240 - INFO - MIDI file loaded: hihat_hihat_open_2_medium_hard_quarter_open_152.mid
2025-07-22 19:17:36,240 - INFO - Rendering audio: hihat_hihat_open_2_medium_hard_quarter_open_152
2025-07-22 19:18:10,648 - ERROR - Render timeout for hihat_hihat_open_2_medium_hard_quarter_open_152
2025-07-22 19:18:10,654 - ERROR - Failed to process hihat_hihat_open_2_medium_hard_quarter_open_152.mid: Failed to render audio
2025-07-22 19:18:10,654 - INFO - Progress: 27.6% (160/579)
2025-07-22 19:18:11,154 - INFO - Processing 161/579: hihat_hihat_open_2_medium_hard_slightly_open_151.mid
2025-07-22 19:18:11,155 - INFO - Processing MIDI file: hihat_hihat_open_2_medium_hard_slightly_open_151.mid
2025-07-22 19:18:11,155 - INFO - Loading MIDI file: hihat_hihat_open_2_medium_hard_slightly_open_151.mid
2025-07-22 19:18:17,544 - INFO - MIDI file loaded: hihat_hihat_open_2_medium_hard_slightly_open_151.mid
2025-07-22 19:18:17,544 - INFO - Rendering audio: hihat_hihat_open_2_medium_hard_slightly_open_151
2025-07-22 19:18:51,951 - ERROR - Render timeout for hihat_hihat_open_2_medium_hard_slightly_open_151
2025-07-22 19:18:51,957 - ERROR - Failed to process hihat_hihat_open_2_medium_hard_slightly_open_151.mid: Failed to render audio
2025-07-22 19:18:51,958 - INFO - Progress: 27.8% (161/579)
2025-07-22 19:18:52,458 - INFO - Processing 162/579: hihat_hihat_open_2_medium_hard_three_quarter_open_154.mid
2025-07-22 19:18:52,459 - INFO - Processing MIDI file: hihat_hihat_open_2_medium_hard_three_quarter_open_154.mid
2025-07-22 19:18:52,459 - INFO - Loading MIDI file: hihat_hihat_open_2_medium_hard_three_quarter_open_154.mid
2025-07-22 19:18:58,853 - INFO - MIDI file loaded: hihat_hihat_open_2_medium_hard_three_quarter_open_154.mid
2025-07-22 19:18:58,854 - INFO - Rendering audio: hihat_hihat_open_2_medium_hard_three_quarter_open_154
2025-07-22 19:19:33,269 - ERROR - Render timeout for hihat_hihat_open_2_medium_hard_three_quarter_open_154
2025-07-22 19:19:33,275 - ERROR - Failed to process hihat_hihat_open_2_medium_hard_three_quarter_open_154.mid: Failed to render audio
2025-07-22 19:19:33,275 - INFO - Progress: 28.0% (162/579)
2025-07-22 19:19:33,776 - INFO - Processing 163/579: hihat_hihat_open_2_medium_quarter_open_146.mid
2025-07-22 19:19:33,776 - INFO - Processing MIDI file: hihat_hihat_open_2_medium_quarter_open_146.mid
2025-07-22 19:19:33,776 - INFO - Loading MIDI file: hihat_hihat_open_2_medium_quarter_open_146.mid
2025-07-22 19:19:40,161 - INFO - MIDI file loaded: hihat_hihat_open_2_medium_quarter_open_146.mid
2025-07-22 19:19:40,161 - INFO - Rendering audio: hihat_hihat_open_2_medium_quarter_open_146
2025-07-22 19:20:14,566 - ERROR - Render timeout for hihat_hihat_open_2_medium_quarter_open_146
2025-07-22 19:20:14,572 - ERROR - Failed to process hihat_hihat_open_2_medium_quarter_open_146.mid: Failed to render audio
2025-07-22 19:20:14,572 - INFO - Progress: 28.2% (163/579)
2025-07-22 19:20:15,073 - INFO - Processing 164/579: hihat_hihat_open_2_medium_slightly_open_145.mid
2025-07-22 19:20:15,074 - INFO - Processing MIDI file: hihat_hihat_open_2_medium_slightly_open_145.mid
2025-07-22 19:20:15,074 - INFO - Loading MIDI file: hihat_hihat_open_2_medium_slightly_open_145.mid
2025-07-22 19:20:21,460 - INFO - MIDI file loaded: hihat_hihat_open_2_medium_slightly_open_145.mid
2025-07-22 19:20:21,460 - INFO - Rendering audio: hihat_hihat_open_2_medium_slightly_open_145
2025-07-22 19:20:55,862 - ERROR - Render timeout for hihat_hihat_open_2_medium_slightly_open_145
2025-07-22 19:20:55,868 - ERROR - Failed to process hihat_hihat_open_2_medium_slightly_open_145.mid: Failed to render audio
2025-07-22 19:20:55,868 - INFO - Progress: 28.3% (164/579)
2025-07-22 19:20:56,369 - INFO - Processing 165/579: hihat_hihat_open_2_medium_soft_closed_138.mid
2025-07-22 19:20:56,369 - INFO - Processing MIDI file: hihat_hihat_open_2_medium_soft_closed_138.mid
2025-07-22 19:20:56,369 - INFO - Loading MIDI file: hihat_hihat_open_2_medium_soft_closed_138.mid
2025-07-22 19:21:02,754 - INFO - MIDI file loaded: hihat_hihat_open_2_medium_soft_closed_138.mid
2025-07-22 19:21:02,754 - INFO - Rendering audio: hihat_hihat_open_2_medium_soft_closed_138
2025-07-22 19:21:37,157 - ERROR - Render timeout for hihat_hihat_open_2_medium_soft_closed_138
2025-07-22 19:21:37,162 - ERROR - Failed to process hihat_hihat_open_2_medium_soft_closed_138.mid: Failed to render audio
2025-07-22 19:21:37,163 - INFO - Progress: 28.5% (165/579)
2025-07-22 19:21:37,663 - INFO - Processing 166/579: hihat_hihat_open_2_medium_soft_fully_open_143.mid
2025-07-22 19:21:37,663 - INFO - Processing MIDI file: hihat_hihat_open_2_medium_soft_fully_open_143.mid
2025-07-22 19:21:37,664 - INFO - Loading MIDI file: hihat_hihat_open_2_medium_soft_fully_open_143.mid
2025-07-22 19:21:44,052 - INFO - MIDI file loaded: hihat_hihat_open_2_medium_soft_fully_open_143.mid
2025-07-22 19:21:44,052 - INFO - Rendering audio: hihat_hihat_open_2_medium_soft_fully_open_143
2025-07-22 19:22:18,461 - ERROR - Render timeout for hihat_hihat_open_2_medium_soft_fully_open_143
2025-07-22 19:22:18,466 - ERROR - Failed to process hihat_hihat_open_2_medium_soft_fully_open_143.mid: Failed to render audio
2025-07-22 19:22:18,466 - INFO - Progress: 28.7% (166/579)
2025-07-22 19:22:18,967 - INFO - Processing 167/579: hihat_hihat_open_2_medium_soft_half_open_141.mid
2025-07-22 19:22:18,967 - INFO - Processing MIDI file: hihat_hihat_open_2_medium_soft_half_open_141.mid
2025-07-22 19:22:18,968 - INFO - Loading MIDI file: hihat_hihat_open_2_medium_soft_half_open_141.mid
2025-07-22 19:22:25,356 - INFO - MIDI file loaded: hihat_hihat_open_2_medium_soft_half_open_141.mid
2025-07-22 19:22:25,356 - INFO - Rendering audio: hihat_hihat_open_2_medium_soft_half_open_141
2025-07-22 19:22:59,762 - ERROR - Render timeout for hihat_hihat_open_2_medium_soft_half_open_141
2025-07-22 19:22:59,768 - ERROR - Failed to process hihat_hihat_open_2_medium_soft_half_open_141.mid: Failed to render audio
2025-07-22 19:22:59,768 - INFO - Progress: 28.8% (167/579)
2025-07-22 19:23:00,269 - INFO - Processing 168/579: hihat_hihat_open_2_medium_soft_quarter_open_140.mid
2025-07-22 19:23:00,269 - INFO - Processing MIDI file: hihat_hihat_open_2_medium_soft_quarter_open_140.mid
2025-07-22 19:23:00,269 - INFO - Loading MIDI file: hihat_hihat_open_2_medium_soft_quarter_open_140.mid
2025-07-22 19:23:06,660 - INFO - MIDI file loaded: hihat_hihat_open_2_medium_soft_quarter_open_140.mid
2025-07-22 19:23:06,660 - INFO - Rendering audio: hihat_hihat_open_2_medium_soft_quarter_open_140
2025-07-22 19:23:41,070 - ERROR - Render timeout for hihat_hihat_open_2_medium_soft_quarter_open_140
2025-07-22 19:23:41,076 - ERROR - Failed to process hihat_hihat_open_2_medium_soft_quarter_open_140.mid: Failed to render audio
2025-07-22 19:23:41,077 - INFO - Progress: 29.0% (168/579)
2025-07-22 19:23:41,577 - INFO - Processing 169/579: hihat_hihat_open_2_medium_soft_slightly_open_139.mid
2025-07-22 19:23:41,578 - INFO - Processing MIDI file: hihat_hihat_open_2_medium_soft_slightly_open_139.mid
2025-07-22 19:23:41,578 - INFO - Loading MIDI file: hihat_hihat_open_2_medium_soft_slightly_open_139.mid
2025-07-22 19:23:47,968 - INFO - MIDI file loaded: hihat_hihat_open_2_medium_soft_slightly_open_139.mid
2025-07-22 19:23:47,968 - INFO - Rendering audio: hihat_hihat_open_2_medium_soft_slightly_open_139
2025-07-22 19:24:22,376 - ERROR - Render timeout for hihat_hihat_open_2_medium_soft_slightly_open_139
2025-07-22 19:24:22,383 - ERROR - Failed to process hihat_hihat_open_2_medium_soft_slightly_open_139.mid: Failed to render audio
2025-07-22 19:24:22,383 - INFO - Progress: 29.2% (169/579)
2025-07-22 19:24:22,883 - INFO - Processing 170/579: hihat_hihat_open_2_medium_soft_three_quarter_open_142.mid
2025-07-22 19:24:22,884 - INFO - Processing MIDI file: hihat_hihat_open_2_medium_soft_three_quarter_open_142.mid
2025-07-22 19:24:22,884 - INFO - Loading MIDI file: hihat_hihat_open_2_medium_soft_three_quarter_open_142.mid
2025-07-22 19:24:29,278 - INFO - MIDI file loaded: hihat_hihat_open_2_medium_soft_three_quarter_open_142.mid
2025-07-22 19:24:29,278 - INFO - Rendering audio: hihat_hihat_open_2_medium_soft_three_quarter_open_142
2025-07-22 19:25:03,692 - ERROR - Render timeout for hihat_hihat_open_2_medium_soft_three_quarter_open_142
2025-07-22 19:25:03,699 - ERROR - Failed to process hihat_hihat_open_2_medium_soft_three_quarter_open_142.mid: Failed to render audio
2025-07-22 19:25:03,699 - INFO - Progress: 29.4% (170/579)
2025-07-22 19:25:04,199 - INFO - Processing 171/579: hihat_hihat_open_2_medium_three_quarter_open_148.mid
2025-07-22 19:25:04,200 - INFO - Processing MIDI file: hihat_hihat_open_2_medium_three_quarter_open_148.mid
2025-07-22 19:25:04,200 - INFO - Loading MIDI file: hihat_hihat_open_2_medium_three_quarter_open_148.mid
2025-07-22 19:25:10,590 - INFO - MIDI file loaded: hihat_hihat_open_2_medium_three_quarter_open_148.mid
2025-07-22 19:25:10,590 - INFO - Rendering audio: hihat_hihat_open_2_medium_three_quarter_open_148
2025-07-22 19:25:44,997 - ERROR - Render timeout for hihat_hihat_open_2_medium_three_quarter_open_148
2025-07-22 19:25:45,003 - ERROR - Failed to process hihat_hihat_open_2_medium_three_quarter_open_148.mid: Failed to render audio
2025-07-22 19:25:45,003 - INFO - Progress: 29.5% (171/579)
2025-07-22 19:25:45,504 - INFO - Processing 172/579: hihat_hihat_open_2_soft_closed_132.mid
2025-07-22 19:25:45,504 - INFO - Processing MIDI file: hihat_hihat_open_2_soft_closed_132.mid
2025-07-22 19:25:45,504 - INFO - Loading MIDI file: hihat_hihat_open_2_soft_closed_132.mid
2025-07-22 19:25:51,884 - INFO - MIDI file loaded: hihat_hihat_open_2_soft_closed_132.mid
2025-07-22 19:25:51,885 - INFO - Rendering audio: hihat_hihat_open_2_soft_closed_132
2025-07-22 19:26:26,284 - ERROR - Render timeout for hihat_hihat_open_2_soft_closed_132
2025-07-22 19:26:26,290 - ERROR - Failed to process hihat_hihat_open_2_soft_closed_132.mid: Failed to render audio
2025-07-22 19:26:26,290 - INFO - Progress: 29.7% (172/579)
2025-07-22 19:26:26,790 - INFO - Processing 173/579: hihat_hihat_open_2_soft_fully_open_137.mid
2025-07-22 19:26:26,791 - INFO - Processing MIDI file: hihat_hihat_open_2_soft_fully_open_137.mid
2025-07-22 19:26:26,791 - INFO - Loading MIDI file: hihat_hihat_open_2_soft_fully_open_137.mid
2025-07-22 19:26:33,176 - INFO - MIDI file loaded: hihat_hihat_open_2_soft_fully_open_137.mid
2025-07-22 19:26:33,176 - INFO - Rendering audio: hihat_hihat_open_2_soft_fully_open_137
2025-07-22 19:27:07,580 - ERROR - Render timeout for hihat_hihat_open_2_soft_fully_open_137
2025-07-22 19:27:07,586 - ERROR - Failed to process hihat_hihat_open_2_soft_fully_open_137.mid: Failed to render audio
2025-07-22 19:27:07,586 - INFO - Progress: 29.9% (173/579)
2025-07-22 19:27:08,087 - INFO - Processing 174/579: hihat_hihat_open_2_soft_half_open_135.mid
2025-07-22 19:27:08,087 - INFO - Processing MIDI file: hihat_hihat_open_2_soft_half_open_135.mid
2025-07-22 19:27:08,087 - INFO - Loading MIDI file: hihat_hihat_open_2_soft_half_open_135.mid
2025-07-22 19:27:14,469 - INFO - MIDI file loaded: hihat_hihat_open_2_soft_half_open_135.mid
2025-07-22 19:27:14,470 - INFO - Rendering audio: hihat_hihat_open_2_soft_half_open_135
2025-07-22 19:27:48,868 - ERROR - Render timeout for hihat_hihat_open_2_soft_half_open_135
2025-07-22 19:27:48,873 - ERROR - Failed to process hihat_hihat_open_2_soft_half_open_135.mid: Failed to render audio
2025-07-22 19:27:48,874 - INFO - Progress: 30.1% (174/579)
2025-07-22 19:27:49,374 - INFO - Processing 175/579: hihat_hihat_open_2_soft_quarter_open_134.mid
2025-07-22 19:27:49,375 - INFO - Processing MIDI file: hihat_hihat_open_2_soft_quarter_open_134.mid
2025-07-22 19:27:49,375 - INFO - Loading MIDI file: hihat_hihat_open_2_soft_quarter_open_134.mid
2025-07-22 19:27:55,761 - INFO - MIDI file loaded: hihat_hihat_open_2_soft_quarter_open_134.mid
2025-07-22 19:27:55,762 - INFO - Rendering audio: hihat_hihat_open_2_soft_quarter_open_134
2025-07-22 19:28:30,162 - ERROR - Render timeout for hihat_hihat_open_2_soft_quarter_open_134
2025-07-22 19:28:30,168 - ERROR - Failed to process hihat_hihat_open_2_soft_quarter_open_134.mid: Failed to render audio
2025-07-22 19:28:30,168 - INFO - Progress: 30.2% (175/579)
2025-07-22 19:28:30,669 - INFO - Processing 176/579: hihat_hihat_open_2_soft_slightly_open_133.mid
2025-07-22 19:28:30,669 - INFO - Processing MIDI file: hihat_hihat_open_2_soft_slightly_open_133.mid
2025-07-22 19:28:30,670 - INFO - Loading MIDI file: hihat_hihat_open_2_soft_slightly_open_133.mid
2025-07-22 19:28:37,053 - INFO - MIDI file loaded: hihat_hihat_open_2_soft_slightly_open_133.mid
2025-07-22 19:28:37,053 - INFO - Rendering audio: hihat_hihat_open_2_soft_slightly_open_133
2025-07-22 19:29:11,453 - ERROR - Render timeout for hihat_hihat_open_2_soft_slightly_open_133
2025-07-22 19:29:11,459 - ERROR - Failed to process hihat_hihat_open_2_soft_slightly_open_133.mid: Failed to render audio
2025-07-22 19:29:11,459 - INFO - Progress: 30.4% (176/579)
2025-07-22 19:29:11,960 - INFO - Processing 177/579: hihat_hihat_open_2_soft_three_quarter_open_136.mid
2025-07-22 19:29:11,961 - INFO - Processing MIDI file: hihat_hihat_open_2_soft_three_quarter_open_136.mid
2025-07-22 19:29:11,961 - INFO - Loading MIDI file: hihat_hihat_open_2_soft_three_quarter_open_136.mid
2025-07-22 19:29:18,352 - INFO - MIDI file loaded: hihat_hihat_open_2_soft_three_quarter_open_136.mid
2025-07-22 19:29:18,352 - INFO - Rendering audio: hihat_hihat_open_2_soft_three_quarter_open_136
2025-07-22 19:29:52,763 - ERROR - Render timeout for hihat_hihat_open_2_soft_three_quarter_open_136
2025-07-22 19:29:52,769 - ERROR - Failed to process hihat_hihat_open_2_soft_three_quarter_open_136.mid: Failed to render audio
2025-07-22 19:29:52,770 - INFO - Progress: 30.6% (177/579)
2025-07-22 19:29:53,271 - INFO - Processing 178/579: hihat_hihat_pedal_accent_closed_246.mid
2025-07-22 19:29:53,271 - INFO - Processing MIDI file: hihat_hihat_pedal_accent_closed_246.mid
2025-07-22 19:29:53,271 - INFO - Loading MIDI file: hihat_hihat_pedal_accent_closed_246.mid
2025-07-22 19:29:59,651 - INFO - MIDI file loaded: hihat_hihat_pedal_accent_closed_246.mid
2025-07-22 19:29:59,651 - INFO - Rendering audio: hihat_hihat_pedal_accent_closed_246
2025-07-22 19:30:34,047 - ERROR - Render timeout for hihat_hihat_pedal_accent_closed_246
2025-07-22 19:30:34,053 - ERROR - Failed to process hihat_hihat_pedal_accent_closed_246.mid: Failed to render audio
2025-07-22 19:30:34,053 - INFO - Progress: 30.7% (178/579)
2025-07-22 19:30:34,553 - INFO - Processing 179/579: hihat_hihat_pedal_accent_fully_open_251.mid
2025-07-22 19:30:34,554 - INFO - Processing MIDI file: hihat_hihat_pedal_accent_fully_open_251.mid
2025-07-22 19:30:34,554 - INFO - Loading MIDI file: hihat_hihat_pedal_accent_fully_open_251.mid
2025-07-22 19:30:40,937 - INFO - MIDI file loaded: hihat_hihat_pedal_accent_fully_open_251.mid
2025-07-22 19:30:40,937 - INFO - Rendering audio: hihat_hihat_pedal_accent_fully_open_251
2025-07-22 19:31:15,337 - ERROR - Render timeout for hihat_hihat_pedal_accent_fully_open_251
2025-07-22 19:31:15,343 - ERROR - Failed to process hihat_hihat_pedal_accent_fully_open_251.mid: Failed to render audio
2025-07-22 19:31:15,343 - INFO - Progress: 30.9% (179/579)
2025-07-22 19:31:15,843 - INFO - Processing 180/579: hihat_hihat_pedal_accent_half_open_249.mid
2025-07-22 19:31:15,844 - INFO - Processing MIDI file: hihat_hihat_pedal_accent_half_open_249.mid
2025-07-22 19:31:15,844 - INFO - Loading MIDI file: hihat_hihat_pedal_accent_half_open_249.mid
2025-07-22 19:31:22,227 - INFO - MIDI file loaded: hihat_hihat_pedal_accent_half_open_249.mid
2025-07-22 19:31:22,227 - INFO - Rendering audio: hihat_hihat_pedal_accent_half_open_249
2025-07-22 19:31:56,630 - ERROR - Render timeout for hihat_hihat_pedal_accent_half_open_249
2025-07-22 19:31:56,635 - ERROR - Failed to process hihat_hihat_pedal_accent_half_open_249.mid: Failed to render audio
2025-07-22 19:31:56,635 - INFO - Progress: 31.1% (180/579)
2025-07-22 19:31:57,136 - INFO - Processing 181/579: hihat_hihat_pedal_accent_quarter_open_248.mid
2025-07-22 19:31:57,136 - INFO - Processing MIDI file: hihat_hihat_pedal_accent_quarter_open_248.mid
2025-07-22 19:31:57,136 - INFO - Loading MIDI file: hihat_hihat_pedal_accent_quarter_open_248.mid
2025-07-22 19:32:03,520 - INFO - MIDI file loaded: hihat_hihat_pedal_accent_quarter_open_248.mid
2025-07-22 19:32:03,520 - INFO - Rendering audio: hihat_hihat_pedal_accent_quarter_open_248
2025-07-22 19:32:37,923 - ERROR - Render timeout for hihat_hihat_pedal_accent_quarter_open_248
2025-07-22 19:32:37,929 - ERROR - Failed to process hihat_hihat_pedal_accent_quarter_open_248.mid: Failed to render audio
2025-07-22 19:32:37,929 - INFO - Progress: 31.3% (181/579)
2025-07-22 19:32:38,430 - INFO - Processing 182/579: hihat_hihat_pedal_accent_slightly_open_247.mid
2025-07-22 19:32:38,430 - INFO - Processing MIDI file: hihat_hihat_pedal_accent_slightly_open_247.mid
2025-07-22 19:32:38,431 - INFO - Loading MIDI file: hihat_hihat_pedal_accent_slightly_open_247.mid
2025-07-22 19:32:44,817 - INFO - MIDI file loaded: hihat_hihat_pedal_accent_slightly_open_247.mid
2025-07-22 19:32:44,817 - INFO - Rendering audio: hihat_hihat_pedal_accent_slightly_open_247
2025-07-22 19:33:19,219 - ERROR - Render timeout for hihat_hihat_pedal_accent_slightly_open_247
2025-07-22 19:33:19,225 - ERROR - Failed to process hihat_hihat_pedal_accent_slightly_open_247.mid: Failed to render audio
2025-07-22 19:33:19,225 - INFO - Progress: 31.4% (182/579)
2025-07-22 19:33:19,725 - INFO - Processing 183/579: hihat_hihat_pedal_accent_three_quarter_open_250.mid
2025-07-22 19:33:19,726 - INFO - Processing MIDI file: hihat_hihat_pedal_accent_three_quarter_open_250.mid
2025-07-22 19:33:19,726 - INFO - Loading MIDI file: hihat_hihat_pedal_accent_three_quarter_open_250.mid
2025-07-22 19:33:26,115 - INFO - MIDI file loaded: hihat_hihat_pedal_accent_three_quarter_open_250.mid
2025-07-22 19:33:26,115 - INFO - Rendering audio: hihat_hihat_pedal_accent_three_quarter_open_250
2025-07-22 19:34:00,520 - ERROR - Render timeout for hihat_hihat_pedal_accent_three_quarter_open_250
2025-07-22 19:34:00,527 - ERROR - Failed to process hihat_hihat_pedal_accent_three_quarter_open_250.mid: Failed to render audio
2025-07-22 19:34:00,527 - INFO - Progress: 31.6% (183/579)
2025-07-22 19:34:01,028 - INFO - Processing 184/579: hihat_hihat_pedal_ghost_closed_210.mid
2025-07-22 19:34:01,028 - INFO - Processing MIDI file: hihat_hihat_pedal_ghost_closed_210.mid
2025-07-22 19:34:01,028 - INFO - Loading MIDI file: hihat_hihat_pedal_ghost_closed_210.mid
2025-07-22 19:34:07,406 - INFO - MIDI file loaded: hihat_hihat_pedal_ghost_closed_210.mid
2025-07-22 19:34:07,407 - INFO - Rendering audio: hihat_hihat_pedal_ghost_closed_210
2025-07-22 19:34:41,804 - ERROR - Render timeout for hihat_hihat_pedal_ghost_closed_210
2025-07-22 19:34:41,810 - ERROR - Failed to process hihat_hihat_pedal_ghost_closed_210.mid: Failed to render audio
2025-07-22 19:34:41,810 - INFO - Progress: 31.8% (184/579)
2025-07-22 19:34:42,311 - INFO - Processing 185/579: hihat_hihat_pedal_ghost_fully_open_215.mid
2025-07-22 19:34:42,311 - INFO - Processing MIDI file: hihat_hihat_pedal_ghost_fully_open_215.mid
2025-07-22 19:34:42,312 - INFO - Loading MIDI file: hihat_hihat_pedal_ghost_fully_open_215.mid
2025-07-22 19:34:48,691 - INFO - MIDI file loaded: hihat_hihat_pedal_ghost_fully_open_215.mid
2025-07-22 19:34:48,692 - INFO - Rendering audio: hihat_hihat_pedal_ghost_fully_open_215
2025-07-22 19:35:23,087 - ERROR - Render timeout for hihat_hihat_pedal_ghost_fully_open_215
2025-07-22 19:35:23,093 - ERROR - Failed to process hihat_hihat_pedal_ghost_fully_open_215.mid: Failed to render audio
2025-07-22 19:35:23,094 - INFO - Progress: 32.0% (185/579)
2025-07-22 19:35:23,594 - INFO - Processing 186/579: hihat_hihat_pedal_ghost_half_open_213.mid
2025-07-22 19:35:23,595 - INFO - Processing MIDI file: hihat_hihat_pedal_ghost_half_open_213.mid
2025-07-22 19:35:23,595 - INFO - Loading MIDI file: hihat_hihat_pedal_ghost_half_open_213.mid
2025-07-22 19:35:29,977 - INFO - MIDI file loaded: hihat_hihat_pedal_ghost_half_open_213.mid
2025-07-22 19:35:29,978 - INFO - Rendering audio: hihat_hihat_pedal_ghost_half_open_213
2025-07-22 19:36:04,377 - ERROR - Render timeout for hihat_hihat_pedal_ghost_half_open_213
2025-07-22 19:36:04,383 - ERROR - Failed to process hihat_hihat_pedal_ghost_half_open_213.mid: Failed to render audio
2025-07-22 19:36:04,383 - INFO - Progress: 32.1% (186/579)
2025-07-22 19:36:04,884 - INFO - Processing 187/579: hihat_hihat_pedal_ghost_quarter_open_212.mid
2025-07-22 19:36:04,884 - INFO - Processing MIDI file: hihat_hihat_pedal_ghost_quarter_open_212.mid
2025-07-22 19:36:04,885 - INFO - Loading MIDI file: hihat_hihat_pedal_ghost_quarter_open_212.mid
2025-07-22 19:36:11,269 - INFO - MIDI file loaded: hihat_hihat_pedal_ghost_quarter_open_212.mid
2025-07-22 19:36:11,269 - INFO - Rendering audio: hihat_hihat_pedal_ghost_quarter_open_212
2025-07-22 19:36:45,672 - ERROR - Render timeout for hihat_hihat_pedal_ghost_quarter_open_212
2025-07-22 19:36:45,677 - ERROR - Failed to process hihat_hihat_pedal_ghost_quarter_open_212.mid: Failed to render audio
2025-07-22 19:36:45,678 - INFO - Progress: 32.3% (187/579)
2025-07-22 19:36:46,178 - INFO - Processing 188/579: hihat_hihat_pedal_ghost_slightly_open_211.mid
2025-07-22 19:36:46,179 - INFO - Processing MIDI file: hihat_hihat_pedal_ghost_slightly_open_211.mid
2025-07-22 19:36:46,179 - INFO - Loading MIDI file: hihat_hihat_pedal_ghost_slightly_open_211.mid
2025-07-22 19:36:52,563 - INFO - MIDI file loaded: hihat_hihat_pedal_ghost_slightly_open_211.mid
2025-07-22 19:36:52,564 - INFO - Rendering audio: hihat_hihat_pedal_ghost_slightly_open_211
2025-07-22 19:37:26,966 - ERROR - Render timeout for hihat_hihat_pedal_ghost_slightly_open_211
2025-07-22 19:37:26,972 - ERROR - Failed to process hihat_hihat_pedal_ghost_slightly_open_211.mid: Failed to render audio
2025-07-22 19:37:26,972 - INFO - Progress: 32.5% (188/579)
2025-07-22 19:37:27,473 - INFO - Processing 189/579: hihat_hihat_pedal_ghost_three_quarter_open_214.mid
2025-07-22 19:37:27,474 - INFO - Processing MIDI file: hihat_hihat_pedal_ghost_three_quarter_open_214.mid
2025-07-22 19:37:27,474 - INFO - Loading MIDI file: hihat_hihat_pedal_ghost_three_quarter_open_214.mid
2025-07-22 19:37:33,863 - INFO - MIDI file loaded: hihat_hihat_pedal_ghost_three_quarter_open_214.mid
2025-07-22 19:37:33,863 - INFO - Rendering audio: hihat_hihat_pedal_ghost_three_quarter_open_214
2025-07-22 19:38:08,265 - ERROR - Render timeout for hihat_hihat_pedal_ghost_three_quarter_open_214
2025-07-22 19:38:08,271 - ERROR - Failed to process hihat_hihat_pedal_ghost_three_quarter_open_214.mid: Failed to render audio
2025-07-22 19:38:08,271 - INFO - Progress: 32.6% (189/579)
2025-07-22 19:38:08,772 - INFO - Processing 190/579: hihat_hihat_pedal_hard_closed_240.mid
2025-07-22 19:38:08,772 - INFO - Processing MIDI file: hihat_hihat_pedal_hard_closed_240.mid
2025-07-22 19:38:08,772 - INFO - Loading MIDI file: hihat_hihat_pedal_hard_closed_240.mid
2025-07-22 19:38:15,150 - INFO - MIDI file loaded: hihat_hihat_pedal_hard_closed_240.mid
2025-07-22 19:38:15,150 - INFO - Rendering audio: hihat_hihat_pedal_hard_closed_240
2025-07-22 19:38:49,543 - ERROR - Render timeout for hihat_hihat_pedal_hard_closed_240
2025-07-22 19:38:49,549 - ERROR - Failed to process hihat_hihat_pedal_hard_closed_240.mid: Failed to render audio
2025-07-22 19:38:49,549 - INFO - Progress: 32.8% (190/579)
2025-07-22 19:38:50,050 - INFO - Processing 191/579: hihat_hihat_pedal_hard_fully_open_245.mid
2025-07-22 19:38:50,050 - INFO - Processing MIDI file: hihat_hihat_pedal_hard_fully_open_245.mid
2025-07-22 19:38:50,051 - INFO - Loading MIDI file: hihat_hihat_pedal_hard_fully_open_245.mid
2025-07-22 19:38:56,436 - INFO - MIDI file loaded: hihat_hihat_pedal_hard_fully_open_245.mid
2025-07-22 19:38:56,437 - INFO - Rendering audio: hihat_hihat_pedal_hard_fully_open_245
2025-07-22 19:39:30,836 - ERROR - Render timeout for hihat_hihat_pedal_hard_fully_open_245
2025-07-22 19:39:30,842 - ERROR - Failed to process hihat_hihat_pedal_hard_fully_open_245.mid: Failed to render audio
2025-07-22 19:39:30,842 - INFO - Progress: 33.0% (191/579)
2025-07-22 19:39:31,342 - INFO - Processing 192/579: hihat_hihat_pedal_hard_half_open_243.mid
2025-07-22 19:39:31,343 - INFO - Processing MIDI file: hihat_hihat_pedal_hard_half_open_243.mid
2025-07-22 19:39:31,343 - INFO - Loading MIDI file: hihat_hihat_pedal_hard_half_open_243.mid
2025-07-22 19:39:37,720 - INFO - MIDI file loaded: hihat_hihat_pedal_hard_half_open_243.mid
2025-07-22 19:39:37,720 - INFO - Rendering audio: hihat_hihat_pedal_hard_half_open_243
2025-07-22 19:40:12,118 - ERROR - Render timeout for hihat_hihat_pedal_hard_half_open_243
2025-07-22 19:40:12,123 - ERROR - Failed to process hihat_hihat_pedal_hard_half_open_243.mid: Failed to render audio
2025-07-22 19:40:12,123 - INFO - Progress: 33.2% (192/579)
2025-07-22 19:40:12,624 - INFO - Processing 193/579: hihat_hihat_pedal_hard_quarter_open_242.mid
2025-07-22 19:40:12,624 - INFO - Processing MIDI file: hihat_hihat_pedal_hard_quarter_open_242.mid
2025-07-22 19:40:12,625 - INFO - Loading MIDI file: hihat_hihat_pedal_hard_quarter_open_242.mid
2025-07-22 19:40:19,009 - INFO - MIDI file loaded: hihat_hihat_pedal_hard_quarter_open_242.mid
2025-07-22 19:40:19,009 - INFO - Rendering audio: hihat_hihat_pedal_hard_quarter_open_242
2025-07-22 19:40:53,409 - ERROR - Render timeout for hihat_hihat_pedal_hard_quarter_open_242
2025-07-22 19:40:53,415 - ERROR - Failed to process hihat_hihat_pedal_hard_quarter_open_242.mid: Failed to render audio
2025-07-22 19:40:53,415 - INFO - Progress: 33.3% (193/579)
2025-07-22 19:40:53,916 - INFO - Processing 194/579: hihat_hihat_pedal_hard_slightly_open_241.mid
2025-07-22 19:40:53,916 - INFO - Processing MIDI file: hihat_hihat_pedal_hard_slightly_open_241.mid
2025-07-22 19:40:53,917 - INFO - Loading MIDI file: hihat_hihat_pedal_hard_slightly_open_241.mid
2025-07-22 19:41:00,299 - INFO - MIDI file loaded: hihat_hihat_pedal_hard_slightly_open_241.mid
2025-07-22 19:41:00,299 - INFO - Rendering audio: hihat_hihat_pedal_hard_slightly_open_241
2025-07-22 19:41:34,699 - ERROR - Render timeout for hihat_hihat_pedal_hard_slightly_open_241
2025-07-22 19:41:34,705 - ERROR - Failed to process hihat_hihat_pedal_hard_slightly_open_241.mid: Failed to render audio
2025-07-22 19:41:34,705 - INFO - Progress: 33.5% (194/579)
2025-07-22 19:41:35,206 - INFO - Processing 195/579: hihat_hihat_pedal_hard_three_quarter_open_244.mid
2025-07-22 19:41:35,206 - INFO - Processing MIDI file: hihat_hihat_pedal_hard_three_quarter_open_244.mid
2025-07-22 19:41:35,207 - INFO - Loading MIDI file: hihat_hihat_pedal_hard_three_quarter_open_244.mid
2025-07-22 19:41:41,594 - INFO - MIDI file loaded: hihat_hihat_pedal_hard_three_quarter_open_244.mid
2025-07-22 19:41:41,594 - INFO - Rendering audio: hihat_hihat_pedal_hard_three_quarter_open_244
2025-07-22 19:42:15,997 - ERROR - Render timeout for hihat_hihat_pedal_hard_three_quarter_open_244
2025-07-22 19:42:16,003 - ERROR - Failed to process hihat_hihat_pedal_hard_three_quarter_open_244.mid: Failed to render audio
2025-07-22 19:42:16,003 - INFO - Progress: 33.7% (195/579)
2025-07-22 19:42:16,503 - INFO - Processing 196/579: hihat_hihat_pedal_medium_closed_228.mid
2025-07-22 19:42:16,504 - INFO - Processing MIDI file: hihat_hihat_pedal_medium_closed_228.mid
2025-07-22 19:42:16,504 - INFO - Loading MIDI file: hihat_hihat_pedal_medium_closed_228.mid
2025-07-22 19:42:22,882 - INFO - MIDI file loaded: hihat_hihat_pedal_medium_closed_228.mid
2025-07-22 19:42:22,883 - INFO - Rendering audio: hihat_hihat_pedal_medium_closed_228
2025-07-22 19:42:57,278 - ERROR - Render timeout for hihat_hihat_pedal_medium_closed_228
2025-07-22 19:42:57,284 - ERROR - Failed to process hihat_hihat_pedal_medium_closed_228.mid: Failed to render audio
2025-07-22 19:42:57,284 - INFO - Progress: 33.9% (196/579)
2025-07-22 19:42:57,785 - INFO - Processing 197/579: hihat_hihat_pedal_medium_fully_open_233.mid
2025-07-22 19:42:57,785 - INFO - Processing MIDI file: hihat_hihat_pedal_medium_fully_open_233.mid
2025-07-22 19:42:57,785 - INFO - Loading MIDI file: hihat_hihat_pedal_medium_fully_open_233.mid
2025-07-22 19:43:04,167 - INFO - MIDI file loaded: hihat_hihat_pedal_medium_fully_open_233.mid
2025-07-22 19:43:04,167 - INFO - Rendering audio: hihat_hihat_pedal_medium_fully_open_233
2025-07-22 19:43:38,566 - ERROR - Render timeout for hihat_hihat_pedal_medium_fully_open_233
2025-07-22 19:43:38,572 - ERROR - Failed to process hihat_hihat_pedal_medium_fully_open_233.mid: Failed to render audio
2025-07-22 19:43:38,572 - INFO - Progress: 34.0% (197/579)
2025-07-22 19:43:39,073 - INFO - Processing 198/579: hihat_hihat_pedal_medium_half_open_231.mid
2025-07-22 19:43:39,074 - INFO - Processing MIDI file: hihat_hihat_pedal_medium_half_open_231.mid
2025-07-22 19:43:39,074 - INFO - Loading MIDI file: hihat_hihat_pedal_medium_half_open_231.mid
2025-07-22 19:43:45,456 - INFO - MIDI file loaded: hihat_hihat_pedal_medium_half_open_231.mid
2025-07-22 19:43:45,456 - INFO - Rendering audio: hihat_hihat_pedal_medium_half_open_231
2025-07-22 19:44:19,854 - ERROR - Render timeout for hihat_hihat_pedal_medium_half_open_231
2025-07-22 19:44:19,859 - ERROR - Failed to process hihat_hihat_pedal_medium_half_open_231.mid: Failed to render audio
2025-07-22 19:44:19,859 - INFO - Progress: 34.2% (198/579)
2025-07-22 19:44:20,361 - INFO - Processing 199/579: hihat_hihat_pedal_medium_hard_closed_234.mid
2025-07-22 19:44:20,361 - INFO - Processing MIDI file: hihat_hihat_pedal_medium_hard_closed_234.mid
2025-07-22 19:44:20,361 - INFO - Loading MIDI file: hihat_hihat_pedal_medium_hard_closed_234.mid
2025-07-22 19:44:26,745 - INFO - MIDI file loaded: hihat_hihat_pedal_medium_hard_closed_234.mid
2025-07-22 19:44:26,745 - INFO - Rendering audio: hihat_hihat_pedal_medium_hard_closed_234
2025-07-22 19:45:01,144 - ERROR - Render timeout for hihat_hihat_pedal_medium_hard_closed_234
2025-07-22 19:45:01,149 - ERROR - Failed to process hihat_hihat_pedal_medium_hard_closed_234.mid: Failed to render audio
2025-07-22 19:45:01,149 - INFO - Progress: 34.4% (199/579)
2025-07-22 19:45:01,649 - INFO - Processing 200/579: hihat_hihat_pedal_medium_hard_fully_open_239.mid
2025-07-22 19:45:01,650 - INFO - Processing MIDI file: hihat_hihat_pedal_medium_hard_fully_open_239.mid
2025-07-22 19:45:01,650 - INFO - Loading MIDI file: hihat_hihat_pedal_medium_hard_fully_open_239.mid
2025-07-22 19:45:08,036 - INFO - MIDI file loaded: hihat_hihat_pedal_medium_hard_fully_open_239.mid
2025-07-22 19:45:08,036 - INFO - Rendering audio: hihat_hihat_pedal_medium_hard_fully_open_239
2025-07-22 19:45:42,440 - ERROR - Render timeout for hihat_hihat_pedal_medium_hard_fully_open_239
2025-07-22 19:45:42,446 - ERROR - Failed to process hihat_hihat_pedal_medium_hard_fully_open_239.mid: Failed to render audio
2025-07-22 19:45:42,446 - INFO - Progress: 34.5% (200/579)
2025-07-22 19:45:42,946 - INFO - Processing 201/579: hihat_hihat_pedal_medium_hard_half_open_237.mid
2025-07-22 19:45:42,947 - INFO - Processing MIDI file: hihat_hihat_pedal_medium_hard_half_open_237.mid
2025-07-22 19:45:42,947 - INFO - Loading MIDI file: hihat_hihat_pedal_medium_hard_half_open_237.mid
2025-07-22 19:45:49,333 - INFO - MIDI file loaded: hihat_hihat_pedal_medium_hard_half_open_237.mid
2025-07-22 19:45:49,333 - INFO - Rendering audio: hihat_hihat_pedal_medium_hard_half_open_237
2025-07-22 19:46:23,736 - ERROR - Render timeout for hihat_hihat_pedal_medium_hard_half_open_237
2025-07-22 19:46:23,741 - ERROR - Failed to process hihat_hihat_pedal_medium_hard_half_open_237.mid: Failed to render audio
2025-07-22 19:46:23,742 - INFO - Progress: 34.7% (201/579)
2025-07-22 19:46:24,242 - INFO - Processing 202/579: hihat_hihat_pedal_medium_hard_quarter_open_236.mid
2025-07-22 19:46:24,242 - INFO - Processing MIDI file: hihat_hihat_pedal_medium_hard_quarter_open_236.mid
2025-07-22 19:46:24,243 - INFO - Loading MIDI file: hihat_hihat_pedal_medium_hard_quarter_open_236.mid
2025-07-22 19:46:30,631 - INFO - MIDI file loaded: hihat_hihat_pedal_medium_hard_quarter_open_236.mid
2025-07-22 19:46:30,632 - INFO - Rendering audio: hihat_hihat_pedal_medium_hard_quarter_open_236
2025-07-22 19:47:05,036 - ERROR - Render timeout for hihat_hihat_pedal_medium_hard_quarter_open_236
2025-07-22 19:47:05,041 - ERROR - Failed to process hihat_hihat_pedal_medium_hard_quarter_open_236.mid: Failed to render audio
2025-07-22 19:47:05,041 - INFO - Progress: 34.9% (202/579)
2025-07-22 19:47:05,542 - INFO - Processing 203/579: hihat_hihat_pedal_medium_hard_slightly_open_235.mid
2025-07-22 19:47:05,543 - INFO - Processing MIDI file: hihat_hihat_pedal_medium_hard_slightly_open_235.mid
2025-07-22 19:47:05,543 - INFO - Loading MIDI file: hihat_hihat_pedal_medium_hard_slightly_open_235.mid
2025-07-22 19:47:11,934 - INFO - MIDI file loaded: hihat_hihat_pedal_medium_hard_slightly_open_235.mid
2025-07-22 19:47:11,934 - INFO - Rendering audio: hihat_hihat_pedal_medium_hard_slightly_open_235
2025-07-22 19:47:46,339 - ERROR - Render timeout for hihat_hihat_pedal_medium_hard_slightly_open_235
2025-07-22 19:47:46,344 - ERROR - Failed to process hihat_hihat_pedal_medium_hard_slightly_open_235.mid: Failed to render audio
2025-07-22 19:47:46,344 - INFO - Progress: 35.1% (203/579)
2025-07-22 19:47:46,845 - INFO - Processing 204/579: hihat_hihat_pedal_medium_hard_three_quarter_open_238.mid
2025-07-22 19:47:46,845 - INFO - Processing MIDI file: hihat_hihat_pedal_medium_hard_three_quarter_open_238.mid
2025-07-22 19:47:46,845 - INFO - Loading MIDI file: hihat_hihat_pedal_medium_hard_three_quarter_open_238.mid
2025-07-22 19:47:53,243 - INFO - MIDI file loaded: hihat_hihat_pedal_medium_hard_three_quarter_open_238.mid
2025-07-22 19:47:53,243 - INFO - Rendering audio: hihat_hihat_pedal_medium_hard_three_quarter_open_238
2025-07-22 19:48:27,652 - ERROR - Render timeout for hihat_hihat_pedal_medium_hard_three_quarter_open_238
2025-07-22 19:48:27,657 - ERROR - Failed to process hihat_hihat_pedal_medium_hard_three_quarter_open_238.mid: Failed to render audio
2025-07-22 19:48:27,657 - INFO - Progress: 35.2% (204/579)
2025-07-22 19:48:28,157 - INFO - Processing 205/579: hihat_hihat_pedal_medium_quarter_open_230.mid
2025-07-22 19:48:28,158 - INFO - Processing MIDI file: hihat_hihat_pedal_medium_quarter_open_230.mid
2025-07-22 19:48:28,158 - INFO - Loading MIDI file: hihat_hihat_pedal_medium_quarter_open_230.mid
2025-07-22 19:48:34,542 - INFO - MIDI file loaded: hihat_hihat_pedal_medium_quarter_open_230.mid
2025-07-22 19:48:34,542 - INFO - Rendering audio: hihat_hihat_pedal_medium_quarter_open_230
2025-07-22 19:49:08,942 - ERROR - Render timeout for hihat_hihat_pedal_medium_quarter_open_230
2025-07-22 19:49:08,948 - ERROR - Failed to process hihat_hihat_pedal_medium_quarter_open_230.mid: Failed to render audio
2025-07-22 19:49:08,948 - INFO - Progress: 35.4% (205/579)
2025-07-22 19:49:09,448 - INFO - Processing 206/579: hihat_hihat_pedal_medium_slightly_open_229.mid
2025-07-22 19:49:09,449 - INFO - Processing MIDI file: hihat_hihat_pedal_medium_slightly_open_229.mid
2025-07-22 19:49:09,449 - INFO - Loading MIDI file: hihat_hihat_pedal_medium_slightly_open_229.mid
2025-07-22 19:49:15,834 - INFO - MIDI file loaded: hihat_hihat_pedal_medium_slightly_open_229.mid
2025-07-22 19:49:15,834 - INFO - Rendering audio: hihat_hihat_pedal_medium_slightly_open_229
2025-07-22 19:49:50,233 - ERROR - Render timeout for hihat_hihat_pedal_medium_slightly_open_229
2025-07-22 19:49:50,238 - ERROR - Failed to process hihat_hihat_pedal_medium_slightly_open_229.mid: Failed to render audio
2025-07-22 19:49:50,238 - INFO - Progress: 35.6% (206/579)
2025-07-22 19:49:50,739 - INFO - Processing 207/579: hihat_hihat_pedal_medium_soft_closed_222.mid
2025-07-22 19:49:50,739 - INFO - Processing MIDI file: hihat_hihat_pedal_medium_soft_closed_222.mid
2025-07-22 19:49:50,740 - INFO - Loading MIDI file: hihat_hihat_pedal_medium_soft_closed_222.mid
2025-07-22 19:49:57,121 - INFO - MIDI file loaded: hihat_hihat_pedal_medium_soft_closed_222.mid
2025-07-22 19:49:57,122 - INFO - Rendering audio: hihat_hihat_pedal_medium_soft_closed_222
2025-07-22 19:50:31,520 - ERROR - Render timeout for hihat_hihat_pedal_medium_soft_closed_222
2025-07-22 19:50:31,526 - ERROR - Failed to process hihat_hihat_pedal_medium_soft_closed_222.mid: Failed to render audio
2025-07-22 19:50:31,527 - INFO - Progress: 35.8% (207/579)
2025-07-22 19:50:32,027 - INFO - Processing 208/579: hihat_hihat_pedal_medium_soft_fully_open_227.mid
2025-07-22 19:50:32,028 - INFO - Processing MIDI file: hihat_hihat_pedal_medium_soft_fully_open_227.mid
2025-07-22 19:50:32,028 - INFO - Loading MIDI file: hihat_hihat_pedal_medium_soft_fully_open_227.mid
2025-07-22 19:50:38,414 - INFO - MIDI file loaded: hihat_hihat_pedal_medium_soft_fully_open_227.mid
2025-07-22 19:50:38,414 - INFO - Rendering audio: hihat_hihat_pedal_medium_soft_fully_open_227
2025-07-22 19:51:12,826 - ERROR - Render timeout for hihat_hihat_pedal_medium_soft_fully_open_227
2025-07-22 19:51:12,832 - ERROR - Failed to process hihat_hihat_pedal_medium_soft_fully_open_227.mid: Failed to render audio
2025-07-22 19:51:12,832 - INFO - Progress: 35.9% (208/579)
2025-07-22 19:51:13,333 - INFO - Processing 209/579: hihat_hihat_pedal_medium_soft_half_open_225.mid
2025-07-22 19:51:13,333 - INFO - Processing MIDI file: hihat_hihat_pedal_medium_soft_half_open_225.mid
2025-07-22 19:51:13,334 - INFO - Loading MIDI file: hihat_hihat_pedal_medium_soft_half_open_225.mid
2025-07-22 19:51:19,721 - INFO - MIDI file loaded: hihat_hihat_pedal_medium_soft_half_open_225.mid
2025-07-22 19:51:19,722 - INFO - Rendering audio: hihat_hihat_pedal_medium_soft_half_open_225
2025-07-22 19:51:54,127 - ERROR - Render timeout for hihat_hihat_pedal_medium_soft_half_open_225
2025-07-22 19:51:54,132 - ERROR - Failed to process hihat_hihat_pedal_medium_soft_half_open_225.mid: Failed to render audio
2025-07-22 19:51:54,133 - INFO - Progress: 36.1% (209/579)
2025-07-22 19:51:54,633 - INFO - Processing 210/579: hihat_hihat_pedal_medium_soft_quarter_open_224.mid
2025-07-22 19:51:54,634 - INFO - Processing MIDI file: hihat_hihat_pedal_medium_soft_quarter_open_224.mid
2025-07-22 19:51:54,634 - INFO - Loading MIDI file: hihat_hihat_pedal_medium_soft_quarter_open_224.mid
2025-07-22 19:52:01,022 - INFO - MIDI file loaded: hihat_hihat_pedal_medium_soft_quarter_open_224.mid
2025-07-22 19:52:01,022 - INFO - Rendering audio: hihat_hihat_pedal_medium_soft_quarter_open_224
2025-07-22 19:52:35,431 - ERROR - Render timeout for hihat_hihat_pedal_medium_soft_quarter_open_224
2025-07-22 19:52:35,436 - ERROR - Failed to process hihat_hihat_pedal_medium_soft_quarter_open_224.mid: Failed to render audio
2025-07-22 19:52:35,437 - INFO - Progress: 36.3% (210/579)
2025-07-22 19:52:35,937 - INFO - Processing 211/579: hihat_hihat_pedal_medium_soft_slightly_open_223.mid
2025-07-22 19:52:35,937 - INFO - Processing MIDI file: hihat_hihat_pedal_medium_soft_slightly_open_223.mid
2025-07-22 19:52:35,938 - INFO - Loading MIDI file: hihat_hihat_pedal_medium_soft_slightly_open_223.mid
2025-07-22 19:52:42,326 - INFO - MIDI file loaded: hihat_hihat_pedal_medium_soft_slightly_open_223.mid
2025-07-22 19:52:42,326 - INFO - Rendering audio: hihat_hihat_pedal_medium_soft_slightly_open_223
2025-07-22 19:53:16,732 - ERROR - Render timeout for hihat_hihat_pedal_medium_soft_slightly_open_223
2025-07-22 19:53:16,738 - ERROR - Failed to process hihat_hihat_pedal_medium_soft_slightly_open_223.mid: Failed to render audio
2025-07-22 19:53:16,738 - INFO - Progress: 36.4% (211/579)
2025-07-22 19:53:17,239 - INFO - Processing 212/579: hihat_hihat_pedal_medium_soft_three_quarter_open_226.mid
2025-07-22 19:53:17,239 - INFO - Processing MIDI file: hihat_hihat_pedal_medium_soft_three_quarter_open_226.mid
2025-07-22 19:53:17,239 - INFO - Loading MIDI file: hihat_hihat_pedal_medium_soft_three_quarter_open_226.mid
2025-07-22 19:53:23,634 - INFO - MIDI file loaded: hihat_hihat_pedal_medium_soft_three_quarter_open_226.mid
2025-07-22 19:53:23,634 - INFO - Rendering audio: hihat_hihat_pedal_medium_soft_three_quarter_open_226
2025-07-22 19:53:58,042 - ERROR - Render timeout for hihat_hihat_pedal_medium_soft_three_quarter_open_226
2025-07-22 19:53:58,048 - ERROR - Failed to process hihat_hihat_pedal_medium_soft_three_quarter_open_226.mid: Failed to render audio
2025-07-22 19:53:58,049 - INFO - Progress: 36.6% (212/579)
2025-07-22 19:53:58,549 - INFO - Processing 213/579: hihat_hihat_pedal_medium_three_quarter_open_232.mid
2025-07-22 19:53:58,550 - INFO - Processing MIDI file: hihat_hihat_pedal_medium_three_quarter_open_232.mid
2025-07-22 19:53:58,550 - INFO - Loading MIDI file: hihat_hihat_pedal_medium_three_quarter_open_232.mid
2025-07-22 19:54:04,938 - INFO - MIDI file loaded: hihat_hihat_pedal_medium_three_quarter_open_232.mid
2025-07-22 19:54:04,938 - INFO - Rendering audio: hihat_hihat_pedal_medium_three_quarter_open_232
2025-07-22 19:54:39,345 - ERROR - Render timeout for hihat_hihat_pedal_medium_three_quarter_open_232
2025-07-22 19:54:39,351 - ERROR - Failed to process hihat_hihat_pedal_medium_three_quarter_open_232.mid: Failed to render audio
2025-07-22 19:54:39,351 - INFO - Progress: 36.8% (213/579)
2025-07-22 19:54:39,851 - INFO - Processing 214/579: hihat_hihat_pedal_soft_closed_216.mid
2025-07-22 19:54:39,851 - INFO - Processing MIDI file: hihat_hihat_pedal_soft_closed_216.mid
2025-07-22 19:54:39,852 - INFO - Loading MIDI file: hihat_hihat_pedal_soft_closed_216.mid
2025-07-22 19:54:46,230 - INFO - MIDI file loaded: hihat_hihat_pedal_soft_closed_216.mid
2025-07-22 19:54:46,230 - INFO - Rendering audio: hihat_hihat_pedal_soft_closed_216
2025-07-22 19:55:20,625 - ERROR - Render timeout for hihat_hihat_pedal_soft_closed_216
2025-07-22 19:55:20,632 - ERROR - Failed to process hihat_hihat_pedal_soft_closed_216.mid: Failed to render audio
2025-07-22 19:55:20,632 - INFO - Progress: 37.0% (214/579)
2025-07-22 19:55:21,133 - INFO - Processing 215/579: hihat_hihat_pedal_soft_fully_open_221.mid
2025-07-22 19:55:21,133 - INFO - Processing MIDI file: hihat_hihat_pedal_soft_fully_open_221.mid
2025-07-22 19:55:21,134 - INFO - Loading MIDI file: hihat_hihat_pedal_soft_fully_open_221.mid
2025-07-22 19:55:27,514 - INFO - MIDI file loaded: hihat_hihat_pedal_soft_fully_open_221.mid
2025-07-22 19:55:27,514 - INFO - Rendering audio: hihat_hihat_pedal_soft_fully_open_221
2025-07-22 19:56:01,916 - ERROR - Render timeout for hihat_hihat_pedal_soft_fully_open_221
2025-07-22 19:56:01,922 - ERROR - Failed to process hihat_hihat_pedal_soft_fully_open_221.mid: Failed to render audio
2025-07-22 19:56:01,922 - INFO - Progress: 37.1% (215/579)
2025-07-22 19:56:02,423 - INFO - Processing 216/579: hihat_hihat_pedal_soft_half_open_219.mid
2025-07-22 19:56:02,423 - INFO - Processing MIDI file: hihat_hihat_pedal_soft_half_open_219.mid
2025-07-22 19:56:02,424 - INFO - Loading MIDI file: hihat_hihat_pedal_soft_half_open_219.mid
2025-07-22 19:56:08,814 - INFO - MIDI file loaded: hihat_hihat_pedal_soft_half_open_219.mid
2025-07-22 19:56:08,814 - INFO - Rendering audio: hihat_hihat_pedal_soft_half_open_219
2025-07-22 19:56:43,213 - ERROR - Render timeout for hihat_hihat_pedal_soft_half_open_219
2025-07-22 19:56:43,219 - ERROR - Failed to process hihat_hihat_pedal_soft_half_open_219.mid: Failed to render audio
2025-07-22 19:56:43,220 - INFO - Progress: 37.3% (216/579)
2025-07-22 19:56:43,720 - INFO - Processing 217/579: hihat_hihat_pedal_soft_quarter_open_218.mid
2025-07-22 19:56:43,721 - INFO - Processing MIDI file: hihat_hihat_pedal_soft_quarter_open_218.mid
2025-07-22 19:56:43,721 - INFO - Loading MIDI file: hihat_hihat_pedal_soft_quarter_open_218.mid
2025-07-22 19:56:50,104 - INFO - MIDI file loaded: hihat_hihat_pedal_soft_quarter_open_218.mid
2025-07-22 19:56:50,104 - INFO - Rendering audio: hihat_hihat_pedal_soft_quarter_open_218
2025-07-22 19:57:24,503 - ERROR - Render timeout for hihat_hihat_pedal_soft_quarter_open_218
2025-07-22 19:57:24,508 - ERROR - Failed to process hihat_hihat_pedal_soft_quarter_open_218.mid: Failed to render audio
2025-07-22 19:57:24,508 - INFO - Progress: 37.5% (217/579)
2025-07-22 19:57:25,009 - INFO - Processing 218/579: hihat_hihat_pedal_soft_slightly_open_217.mid
2025-07-22 19:57:25,009 - INFO - Processing MIDI file: hihat_hihat_pedal_soft_slightly_open_217.mid
2025-07-22 19:57:25,009 - INFO - Loading MIDI file: hihat_hihat_pedal_soft_slightly_open_217.mid
2025-07-22 19:57:31,395 - INFO - MIDI file loaded: hihat_hihat_pedal_soft_slightly_open_217.mid
2025-07-22 19:57:31,395 - INFO - Rendering audio: hihat_hihat_pedal_soft_slightly_open_217
2025-07-22 19:58:05,793 - ERROR - Render timeout for hihat_hihat_pedal_soft_slightly_open_217
2025-07-22 19:58:05,799 - ERROR - Failed to process hihat_hihat_pedal_soft_slightly_open_217.mid: Failed to render audio
2025-07-22 19:58:05,799 - INFO - Progress: 37.7% (218/579)
2025-07-22 19:58:06,300 - INFO - Processing 219/579: hihat_hihat_pedal_soft_three_quarter_open_220.mid
2025-07-22 19:58:06,300 - INFO - Processing MIDI file: hihat_hihat_pedal_soft_three_quarter_open_220.mid
2025-07-22 19:58:06,300 - INFO - Loading MIDI file: hihat_hihat_pedal_soft_three_quarter_open_220.mid
2025-07-22 19:58:12,688 - INFO - MIDI file loaded: hihat_hihat_pedal_soft_three_quarter_open_220.mid
2025-07-22 19:58:12,688 - INFO - Rendering audio: hihat_hihat_pedal_soft_three_quarter_open_220
2025-07-22 19:58:47,092 - ERROR - Render timeout for hihat_hihat_pedal_soft_three_quarter_open_220
2025-07-22 19:58:47,097 - ERROR - Failed to process hihat_hihat_pedal_soft_three_quarter_open_220.mid: Failed to render audio
2025-07-22 19:58:47,097 - INFO - Progress: 37.8% (219/579)
2025-07-22 19:58:47,598 - INFO - Processing 220/579: hihat_hihat_semi_open_accent_closed_204.mid
2025-07-22 19:58:47,599 - INFO - Processing MIDI file: hihat_hihat_semi_open_accent_closed_204.mid
2025-07-22 19:58:47,599 - INFO - Loading MIDI file: hihat_hihat_semi_open_accent_closed_204.mid
2025-07-22 19:58:53,983 - INFO - MIDI file loaded: hihat_hihat_semi_open_accent_closed_204.mid
2025-07-22 19:58:53,984 - INFO - Rendering audio: hihat_hihat_semi_open_accent_closed_204
2025-07-22 19:59:28,385 - ERROR - Render timeout for hihat_hihat_semi_open_accent_closed_204
2025-07-22 19:59:28,391 - ERROR - Failed to process hihat_hihat_semi_open_accent_closed_204.mid: Failed to render audio
2025-07-22 19:59:28,391 - INFO - Progress: 38.0% (220/579)
2025-07-22 19:59:28,892 - INFO - Processing 221/579: hihat_hihat_semi_open_accent_fully_open_209.mid
2025-07-22 19:59:28,892 - INFO - Processing MIDI file: hihat_hihat_semi_open_accent_fully_open_209.mid
2025-07-22 19:59:28,893 - INFO - Loading MIDI file: hihat_hihat_semi_open_accent_fully_open_209.mid
2025-07-22 19:59:35,279 - INFO - MIDI file loaded: hihat_hihat_semi_open_accent_fully_open_209.mid
2025-07-22 19:59:35,279 - INFO - Rendering audio: hihat_hihat_semi_open_accent_fully_open_209
2025-07-22 20:00:09,684 - ERROR - Render timeout for hihat_hihat_semi_open_accent_fully_open_209
2025-07-22 20:00:09,689 - ERROR - Failed to process hihat_hihat_semi_open_accent_fully_open_209.mid: Failed to render audio
2025-07-22 20:00:09,689 - INFO - Progress: 38.2% (221/579)
2025-07-22 20:00:10,190 - INFO - Processing 222/579: hihat_hihat_semi_open_accent_half_open_207.mid
2025-07-22 20:00:10,190 - INFO - Processing MIDI file: hihat_hihat_semi_open_accent_half_open_207.mid
2025-07-22 20:00:10,190 - INFO - Loading MIDI file: hihat_hihat_semi_open_accent_half_open_207.mid
2025-07-22 20:00:16,577 - INFO - MIDI file loaded: hihat_hihat_semi_open_accent_half_open_207.mid
2025-07-22 20:00:16,577 - INFO - Rendering audio: hihat_hihat_semi_open_accent_half_open_207
2025-07-22 20:00:50,983 - ERROR - Render timeout for hihat_hihat_semi_open_accent_half_open_207
2025-07-22 20:00:50,989 - ERROR - Failed to process hihat_hihat_semi_open_accent_half_open_207.mid: Failed to render audio
2025-07-22 20:00:50,989 - INFO - Progress: 38.3% (222/579)
2025-07-22 20:00:51,489 - INFO - Processing 223/579: hihat_hihat_semi_open_accent_quarter_open_206.mid
2025-07-22 20:00:51,490 - INFO - Processing MIDI file: hihat_hihat_semi_open_accent_quarter_open_206.mid
2025-07-22 20:00:51,490 - INFO - Loading MIDI file: hihat_hihat_semi_open_accent_quarter_open_206.mid
2025-07-22 20:00:57,877 - INFO - MIDI file loaded: hihat_hihat_semi_open_accent_quarter_open_206.mid
2025-07-22 20:00:57,878 - INFO - Rendering audio: hihat_hihat_semi_open_accent_quarter_open_206
2025-07-22 20:01:32,284 - ERROR - Render timeout for hihat_hihat_semi_open_accent_quarter_open_206
2025-07-22 20:01:32,289 - ERROR - Failed to process hihat_hihat_semi_open_accent_quarter_open_206.mid: Failed to render audio
2025-07-22 20:01:32,290 - INFO - Progress: 38.5% (223/579)
2025-07-22 20:01:32,790 - INFO - Processing 224/579: hihat_hihat_semi_open_accent_slightly_open_205.mid
2025-07-22 20:01:32,790 - INFO - Processing MIDI file: hihat_hihat_semi_open_accent_slightly_open_205.mid
2025-07-22 20:01:32,791 - INFO - Loading MIDI file: hihat_hihat_semi_open_accent_slightly_open_205.mid
2025-07-22 20:01:39,181 - INFO - MIDI file loaded: hihat_hihat_semi_open_accent_slightly_open_205.mid
2025-07-22 20:01:39,181 - INFO - Rendering audio: hihat_hihat_semi_open_accent_slightly_open_205
2025-07-22 20:02:13,588 - ERROR - Render timeout for hihat_hihat_semi_open_accent_slightly_open_205
2025-07-22 20:02:13,594 - ERROR - Failed to process hihat_hihat_semi_open_accent_slightly_open_205.mid: Failed to render audio
2025-07-22 20:02:13,595 - INFO - Progress: 38.7% (224/579)
2025-07-22 20:02:14,095 - INFO - Processing 225/579: hihat_hihat_semi_open_accent_three_quarter_open_208.mid
2025-07-22 20:02:14,095 - INFO - Processing MIDI file: hihat_hihat_semi_open_accent_three_quarter_open_208.mid
2025-07-22 20:02:14,096 - INFO - Loading MIDI file: hihat_hihat_semi_open_accent_three_quarter_open_208.mid
2025-07-22 20:02:20,488 - INFO - MIDI file loaded: hihat_hihat_semi_open_accent_three_quarter_open_208.mid
2025-07-22 20:02:20,488 - INFO - Rendering audio: hihat_hihat_semi_open_accent_three_quarter_open_208
2025-07-22 20:02:54,895 - ERROR - Render timeout for hihat_hihat_semi_open_accent_three_quarter_open_208
2025-07-22 20:02:54,902 - ERROR - Failed to process hihat_hihat_semi_open_accent_three_quarter_open_208.mid: Failed to render audio
2025-07-22 20:02:54,902 - INFO - Progress: 38.9% (225/579)
2025-07-22 20:02:55,402 - INFO - Processing 226/579: hihat_hihat_semi_open_ghost_closed_168.mid
2025-07-22 20:02:55,403 - INFO - Processing MIDI file: hihat_hihat_semi_open_ghost_closed_168.mid
2025-07-22 20:02:55,403 - INFO - Loading MIDI file: hihat_hihat_semi_open_ghost_closed_168.mid
2025-07-22 20:03:01,784 - INFO - MIDI file loaded: hihat_hihat_semi_open_ghost_closed_168.mid
2025-07-22 20:03:01,785 - INFO - Rendering audio: hihat_hihat_semi_open_ghost_closed_168
2025-07-22 20:03:36,184 - ERROR - Render timeout for hihat_hihat_semi_open_ghost_closed_168
2025-07-22 20:03:36,191 - ERROR - Failed to process hihat_hihat_semi_open_ghost_closed_168.mid: Failed to render audio
2025-07-22 20:03:36,191 - INFO - Progress: 39.0% (226/579)
2025-07-22 20:03:36,692 - INFO - Processing 227/579: hihat_hihat_semi_open_ghost_fully_open_173.mid
2025-07-22 20:03:36,692 - INFO - Processing MIDI file: hihat_hihat_semi_open_ghost_fully_open_173.mid
2025-07-22 20:03:36,692 - INFO - Loading MIDI file: hihat_hihat_semi_open_ghost_fully_open_173.mid
2025-07-22 20:03:43,078 - INFO - MIDI file loaded: hihat_hihat_semi_open_ghost_fully_open_173.mid
2025-07-22 20:03:43,078 - INFO - Rendering audio: hihat_hihat_semi_open_ghost_fully_open_173
2025-07-22 20:04:17,482 - ERROR - Render timeout for hihat_hihat_semi_open_ghost_fully_open_173
2025-07-22 20:04:17,488 - ERROR - Failed to process hihat_hihat_semi_open_ghost_fully_open_173.mid: Failed to render audio
2025-07-22 20:04:17,488 - INFO - Progress: 39.2% (227/579)
2025-07-22 20:04:17,989 - INFO - Processing 228/579: hihat_hihat_semi_open_ghost_half_open_171.mid
2025-07-22 20:04:17,989 - INFO - Processing MIDI file: hihat_hihat_semi_open_ghost_half_open_171.mid
2025-07-22 20:04:17,989 - INFO - Loading MIDI file: hihat_hihat_semi_open_ghost_half_open_171.mid
2025-07-22 20:04:24,379 - INFO - MIDI file loaded: hihat_hihat_semi_open_ghost_half_open_171.mid
2025-07-22 20:04:24,379 - INFO - Rendering audio: hihat_hihat_semi_open_ghost_half_open_171
2025-07-22 20:04:58,785 - ERROR - Render timeout for hihat_hihat_semi_open_ghost_half_open_171
2025-07-22 20:04:58,790 - ERROR - Failed to process hihat_hihat_semi_open_ghost_half_open_171.mid: Failed to render audio
2025-07-22 20:04:58,790 - INFO - Progress: 39.4% (228/579)
2025-07-22 20:04:59,291 - INFO - Processing 229/579: hihat_hihat_semi_open_ghost_quarter_open_170.mid
2025-07-22 20:04:59,291 - INFO - Processing MIDI file: hihat_hihat_semi_open_ghost_quarter_open_170.mid
2025-07-22 20:04:59,292 - INFO - Loading MIDI file: hihat_hihat_semi_open_ghost_quarter_open_170.mid
2025-07-22 20:05:05,678 - INFO - MIDI file loaded: hihat_hihat_semi_open_ghost_quarter_open_170.mid
2025-07-22 20:05:05,678 - INFO - Rendering audio: hihat_hihat_semi_open_ghost_quarter_open_170
2025-07-22 20:05:40,083 - ERROR - Render timeout for hihat_hihat_semi_open_ghost_quarter_open_170
2025-07-22 20:05:40,089 - ERROR - Failed to process hihat_hihat_semi_open_ghost_quarter_open_170.mid: Failed to render audio
2025-07-22 20:05:40,089 - INFO - Progress: 39.6% (229/579)
2025-07-22 20:05:40,590 - INFO - Processing 230/579: hihat_hihat_semi_open_ghost_slightly_open_169.mid
2025-07-22 20:05:40,590 - INFO - Processing MIDI file: hihat_hihat_semi_open_ghost_slightly_open_169.mid
2025-07-22 20:05:40,590 - INFO - Loading MIDI file: hihat_hihat_semi_open_ghost_slightly_open_169.mid
2025-07-22 20:05:46,979 - INFO - MIDI file loaded: hihat_hihat_semi_open_ghost_slightly_open_169.mid
2025-07-22 20:05:46,979 - INFO - Rendering audio: hihat_hihat_semi_open_ghost_slightly_open_169
2025-07-22 20:06:21,388 - ERROR - Render timeout for hihat_hihat_semi_open_ghost_slightly_open_169
2025-07-22 20:06:21,398 - ERROR - Failed to process hihat_hihat_semi_open_ghost_slightly_open_169.mid: Failed to render audio
2025-07-22 20:06:21,398 - INFO - Progress: 39.7% (230/579)
2025-07-22 20:06:21,899 - INFO - Processing 231/579: hihat_hihat_semi_open_ghost_three_quarter_open_172.mid
2025-07-22 20:06:21,899 - INFO - Processing MIDI file: hihat_hihat_semi_open_ghost_three_quarter_open_172.mid
2025-07-22 20:06:21,899 - INFO - Loading MIDI file: hihat_hihat_semi_open_ghost_three_quarter_open_172.mid
2025-07-22 20:06:28,294 - INFO - MIDI file loaded: hihat_hihat_semi_open_ghost_three_quarter_open_172.mid
2025-07-22 20:06:28,294 - INFO - Rendering audio: hihat_hihat_semi_open_ghost_three_quarter_open_172
2025-07-22 20:07:02,705 - ERROR - Render timeout for hihat_hihat_semi_open_ghost_three_quarter_open_172
2025-07-22 20:07:02,715 - ERROR - Failed to process hihat_hihat_semi_open_ghost_three_quarter_open_172.mid: Failed to render audio
2025-07-22 20:07:02,715 - INFO - Progress: 39.9% (231/579)
2025-07-22 20:07:03,216 - INFO - Processing 232/579: hihat_hihat_semi_open_hard_closed_198.mid
2025-07-22 20:07:03,216 - INFO - Processing MIDI file: hihat_hihat_semi_open_hard_closed_198.mid
2025-07-22 20:07:03,217 - INFO - Loading MIDI file: hihat_hihat_semi_open_hard_closed_198.mid
2025-07-22 20:07:09,598 - INFO - MIDI file loaded: hihat_hihat_semi_open_hard_closed_198.mid
2025-07-22 20:07:09,599 - INFO - Rendering audio: hihat_hihat_semi_open_hard_closed_198
2025-07-22 20:07:43,997 - ERROR - Render timeout for hihat_hihat_semi_open_hard_closed_198
2025-07-22 20:07:44,006 - ERROR - Failed to process hihat_hihat_semi_open_hard_closed_198.mid: Failed to render audio
2025-07-22 20:07:44,007 - INFO - Progress: 40.1% (232/579)
2025-07-22 20:07:44,507 - INFO - Processing 233/579: hihat_hihat_semi_open_hard_fully_open_203.mid
2025-07-22 20:07:44,507 - INFO - Processing MIDI file: hihat_hihat_semi_open_hard_fully_open_203.mid
2025-07-22 20:07:44,508 - INFO - Loading MIDI file: hihat_hihat_semi_open_hard_fully_open_203.mid
2025-07-22 20:07:50,893 - INFO - MIDI file loaded: hihat_hihat_semi_open_hard_fully_open_203.mid
2025-07-22 20:07:50,893 - INFO - Rendering audio: hihat_hihat_semi_open_hard_fully_open_203
2025-07-22 20:08:25,293 - ERROR - Render timeout for hihat_hihat_semi_open_hard_fully_open_203
2025-07-22 20:08:25,303 - ERROR - Failed to process hihat_hihat_semi_open_hard_fully_open_203.mid: Failed to render audio
2025-07-22 20:08:25,304 - INFO - Progress: 40.2% (233/579)
2025-07-22 20:08:25,804 - INFO - Processing 234/579: hihat_hihat_semi_open_hard_half_open_201.mid
2025-07-22 20:08:25,804 - INFO - Processing MIDI file: hihat_hihat_semi_open_hard_half_open_201.mid
2025-07-22 20:08:25,805 - INFO - Loading MIDI file: hihat_hihat_semi_open_hard_half_open_201.mid
2025-07-22 20:08:32,188 - INFO - MIDI file loaded: hihat_hihat_semi_open_hard_half_open_201.mid
2025-07-22 20:08:32,188 - INFO - Rendering audio: hihat_hihat_semi_open_hard_half_open_201
2025-07-22 20:09:06,591 - ERROR - Render timeout for hihat_hihat_semi_open_hard_half_open_201
2025-07-22 20:09:06,601 - ERROR - Failed to process hihat_hihat_semi_open_hard_half_open_201.mid: Failed to render audio
2025-07-22 20:09:06,601 - INFO - Progress: 40.4% (234/579)
2025-07-22 20:09:07,102 - INFO - Processing 235/579: hihat_hihat_semi_open_hard_quarter_open_200.mid
2025-07-22 20:09:07,102 - INFO - Processing MIDI file: hihat_hihat_semi_open_hard_quarter_open_200.mid
2025-07-22 20:09:07,103 - INFO - Loading MIDI file: hihat_hihat_semi_open_hard_quarter_open_200.mid
2025-07-22 20:09:13,491 - INFO - MIDI file loaded: hihat_hihat_semi_open_hard_quarter_open_200.mid
2025-07-22 20:09:13,491 - INFO - Rendering audio: hihat_hihat_semi_open_hard_quarter_open_200
2025-07-22 20:09:47,897 - ERROR - Render timeout for hihat_hihat_semi_open_hard_quarter_open_200
2025-07-22 20:09:47,907 - ERROR - Failed to process hihat_hihat_semi_open_hard_quarter_open_200.mid: Failed to render audio
2025-07-22 20:09:47,907 - INFO - Progress: 40.6% (235/579)
2025-07-22 20:09:48,408 - INFO - Processing 236/579: hihat_hihat_semi_open_hard_slightly_open_199.mid
2025-07-22 20:09:48,408 - INFO - Processing MIDI file: hihat_hihat_semi_open_hard_slightly_open_199.mid
2025-07-22 20:09:48,408 - INFO - Loading MIDI file: hihat_hihat_semi_open_hard_slightly_open_199.mid
2025-07-22 20:09:54,796 - INFO - MIDI file loaded: hihat_hihat_semi_open_hard_slightly_open_199.mid
2025-07-22 20:09:54,796 - INFO - Rendering audio: hihat_hihat_semi_open_hard_slightly_open_199
2025-07-22 20:10:29,198 - ERROR - Render timeout for hihat_hihat_semi_open_hard_slightly_open_199
2025-07-22 20:10:29,206 - ERROR - Failed to process hihat_hihat_semi_open_hard_slightly_open_199.mid: Failed to render audio
2025-07-22 20:10:29,207 - INFO - Progress: 40.8% (236/579)
2025-07-22 20:10:29,707 - INFO - Processing 237/579: hihat_hihat_semi_open_hard_three_quarter_open_202.mid
2025-07-22 20:10:29,708 - INFO - Processing MIDI file: hihat_hihat_semi_open_hard_three_quarter_open_202.mid
2025-07-22 20:10:29,708 - INFO - Loading MIDI file: hihat_hihat_semi_open_hard_three_quarter_open_202.mid
2025-07-22 20:10:36,101 - INFO - MIDI file loaded: hihat_hihat_semi_open_hard_three_quarter_open_202.mid
2025-07-22 20:10:36,101 - INFO - Rendering audio: hihat_hihat_semi_open_hard_three_quarter_open_202
2025-07-22 20:11:10,509 - ERROR - Render timeout for hihat_hihat_semi_open_hard_three_quarter_open_202
2025-07-22 20:11:10,520 - ERROR - Failed to process hihat_hihat_semi_open_hard_three_quarter_open_202.mid: Failed to render audio
2025-07-22 20:11:10,520 - INFO - Progress: 40.9% (237/579)
2025-07-22 20:11:11,021 - INFO - Processing 238/579: hihat_hihat_semi_open_medium_closed_186.mid
2025-07-22 20:11:11,021 - INFO - Processing MIDI file: hihat_hihat_semi_open_medium_closed_186.mid
2025-07-22 20:11:11,021 - INFO - Loading MIDI file: hihat_hihat_semi_open_medium_closed_186.mid
2025-07-22 20:11:17,404 - INFO - MIDI file loaded: hihat_hihat_semi_open_medium_closed_186.mid
2025-07-22 20:11:17,405 - INFO - Rendering audio: hihat_hihat_semi_open_medium_closed_186
2025-07-22 20:11:51,809 - ERROR - Render timeout for hihat_hihat_semi_open_medium_closed_186
2025-07-22 20:11:51,818 - ERROR - Failed to process hihat_hihat_semi_open_medium_closed_186.mid: Failed to render audio
2025-07-22 20:11:51,818 - INFO - Progress: 41.1% (238/579)
2025-07-22 20:11:52,319 - INFO - Processing 239/579: hihat_hihat_semi_open_medium_fully_open_191.mid
2025-07-22 20:11:52,319 - INFO - Processing MIDI file: hihat_hihat_semi_open_medium_fully_open_191.mid
2025-07-22 20:11:52,319 - INFO - Loading MIDI file: hihat_hihat_semi_open_medium_fully_open_191.mid
2025-07-22 20:11:58,705 - INFO - MIDI file loaded: hihat_hihat_semi_open_medium_fully_open_191.mid
2025-07-22 20:11:58,706 - INFO - Rendering audio: hihat_hihat_semi_open_medium_fully_open_191
2025-07-22 20:12:33,110 - ERROR - Render timeout for hihat_hihat_semi_open_medium_fully_open_191
2025-07-22 20:12:33,119 - ERROR - Failed to process hihat_hihat_semi_open_medium_fully_open_191.mid: Failed to render audio
2025-07-22 20:12:33,119 - INFO - Progress: 41.3% (239/579)
2025-07-22 20:12:33,619 - INFO - Processing 240/579: hihat_hihat_semi_open_medium_half_open_189.mid
2025-07-22 20:12:33,620 - INFO - Processing MIDI file: hihat_hihat_semi_open_medium_half_open_189.mid
2025-07-22 20:12:33,620 - INFO - Loading MIDI file: hihat_hihat_semi_open_medium_half_open_189.mid
2025-07-22 20:12:40,006 - INFO - MIDI file loaded: hihat_hihat_semi_open_medium_half_open_189.mid
2025-07-22 20:12:40,006 - INFO - Rendering audio: hihat_hihat_semi_open_medium_half_open_189
2025-07-22 20:13:14,411 - ERROR - Render timeout for hihat_hihat_semi_open_medium_half_open_189
2025-07-22 20:13:14,421 - ERROR - Failed to process hihat_hihat_semi_open_medium_half_open_189.mid: Failed to render audio
2025-07-22 20:13:14,421 - INFO - Progress: 41.5% (240/579)
2025-07-22 20:13:14,922 - INFO - Processing 241/579: hihat_hihat_semi_open_medium_hard_closed_192.mid
2025-07-22 20:13:14,922 - INFO - Processing MIDI file: hihat_hihat_semi_open_medium_hard_closed_192.mid
2025-07-22 20:13:14,922 - INFO - Loading MIDI file: hihat_hihat_semi_open_medium_hard_closed_192.mid
2025-07-22 20:13:21,309 - INFO - MIDI file loaded: hihat_hihat_semi_open_medium_hard_closed_192.mid
2025-07-22 20:13:21,310 - INFO - Rendering audio: hihat_hihat_semi_open_medium_hard_closed_192
2025-07-22 20:13:55,712 - ERROR - Render timeout for hihat_hihat_semi_open_medium_hard_closed_192
2025-07-22 20:13:55,722 - ERROR - Failed to process hihat_hihat_semi_open_medium_hard_closed_192.mid: Failed to render audio
2025-07-22 20:13:55,723 - INFO - Progress: 41.6% (241/579)
2025-07-22 20:13:56,224 - INFO - Processing 242/579: hihat_hihat_semi_open_medium_hard_fully_open_197.mid
2025-07-22 20:13:56,224 - INFO - Processing MIDI file: hihat_hihat_semi_open_medium_hard_fully_open_197.mid
2025-07-22 20:13:56,224 - INFO - Loading MIDI file: hihat_hihat_semi_open_medium_hard_fully_open_197.mid
2025-07-22 20:14:02,614 - INFO - MIDI file loaded: hihat_hihat_semi_open_medium_hard_fully_open_197.mid
2025-07-22 20:14:02,615 - INFO - Rendering audio: hihat_hihat_semi_open_medium_hard_fully_open_197
2025-07-22 20:14:37,026 - ERROR - Render timeout for hihat_hihat_semi_open_medium_hard_fully_open_197
2025-07-22 20:14:37,036 - ERROR - Failed to process hihat_hihat_semi_open_medium_hard_fully_open_197.mid: Failed to render audio
2025-07-22 20:14:37,036 - INFO - Progress: 41.8% (242/579)
2025-07-22 20:14:37,537 - INFO - Processing 243/579: hihat_hihat_semi_open_medium_hard_half_open_195.mid
2025-07-22 20:14:37,537 - INFO - Processing MIDI file: hihat_hihat_semi_open_medium_hard_half_open_195.mid
2025-07-22 20:14:37,537 - INFO - Loading MIDI file: hihat_hihat_semi_open_medium_hard_half_open_195.mid
2025-07-22 20:14:43,951 - INFO - MIDI file loaded: hihat_hihat_semi_open_medium_hard_half_open_195.mid
2025-07-22 20:14:43,951 - INFO - Rendering audio: hihat_hihat_semi_open_medium_hard_half_open_195
2025-07-22 20:15:18,355 - ERROR - Render timeout for hihat_hihat_semi_open_medium_hard_half_open_195
2025-07-22 20:15:18,361 - ERROR - Failed to process hihat_hihat_semi_open_medium_hard_half_open_195.mid: Failed to render audio
2025-07-22 20:15:18,361 - INFO - Progress: 42.0% (243/579)
2025-07-22 20:15:18,862 - INFO - Processing 244/579: hihat_hihat_semi_open_medium_hard_quarter_open_194.mid
2025-07-22 20:15:18,862 - INFO - Processing MIDI file: hihat_hihat_semi_open_medium_hard_quarter_open_194.mid
2025-07-22 20:15:18,863 - INFO - Loading MIDI file: hihat_hihat_semi_open_medium_hard_quarter_open_194.mid
2025-07-22 20:15:25,254 - INFO - MIDI file loaded: hihat_hihat_semi_open_medium_hard_quarter_open_194.mid
2025-07-22 20:15:25,255 - INFO - Rendering audio: hihat_hihat_semi_open_medium_hard_quarter_open_194
2025-07-22 20:15:59,665 - ERROR - Render timeout for hihat_hihat_semi_open_medium_hard_quarter_open_194
2025-07-22 20:15:59,671 - ERROR - Failed to process hihat_hihat_semi_open_medium_hard_quarter_open_194.mid: Failed to render audio
2025-07-22 20:15:59,671 - INFO - Progress: 42.1% (244/579)
2025-07-22 20:16:00,171 - INFO - Processing 245/579: hihat_hihat_semi_open_medium_hard_slightly_open_193.mid
2025-07-22 20:16:00,172 - INFO - Processing MIDI file: hihat_hihat_semi_open_medium_hard_slightly_open_193.mid
2025-07-22 20:16:00,172 - INFO - Loading MIDI file: hihat_hihat_semi_open_medium_hard_slightly_open_193.mid
2025-07-22 20:16:06,565 - INFO - MIDI file loaded: hihat_hihat_semi_open_medium_hard_slightly_open_193.mid
2025-07-22 20:16:06,565 - INFO - Rendering audio: hihat_hihat_semi_open_medium_hard_slightly_open_193
2025-07-22 20:16:40,978 - ERROR - Render timeout for hihat_hihat_semi_open_medium_hard_slightly_open_193
2025-07-22 20:16:40,983 - ERROR - Failed to process hihat_hihat_semi_open_medium_hard_slightly_open_193.mid: Failed to render audio
2025-07-22 20:16:40,984 - INFO - Progress: 42.3% (245/579)
2025-07-22 20:16:41,484 - INFO - Processing 246/579: hihat_hihat_semi_open_medium_hard_three_quarter_open_196.mid
2025-07-22 20:16:41,484 - INFO - Processing MIDI file: hihat_hihat_semi_open_medium_hard_three_quarter_open_196.mid
2025-07-22 20:16:41,485 - INFO - Loading MIDI file: hihat_hihat_semi_open_medium_hard_three_quarter_open_196.mid
2025-07-22 20:16:47,882 - INFO - MIDI file loaded: hihat_hihat_semi_open_medium_hard_three_quarter_open_196.mid
2025-07-22 20:16:47,882 - INFO - Rendering audio: hihat_hihat_semi_open_medium_hard_three_quarter_open_196
2025-07-22 20:17:22,296 - ERROR - Render timeout for hihat_hihat_semi_open_medium_hard_three_quarter_open_196
2025-07-22 20:17:22,302 - ERROR - Failed to process hihat_hihat_semi_open_medium_hard_three_quarter_open_196.mid: Failed to render audio
2025-07-22 20:17:22,302 - INFO - Progress: 42.5% (246/579)
2025-07-22 20:17:22,803 - INFO - Processing 247/579: hihat_hihat_semi_open_medium_quarter_open_188.mid
2025-07-22 20:17:22,803 - INFO - Processing MIDI file: hihat_hihat_semi_open_medium_quarter_open_188.mid
2025-07-22 20:17:22,803 - INFO - Loading MIDI file: hihat_hihat_semi_open_medium_quarter_open_188.mid
2025-07-22 20:17:29,193 - INFO - MIDI file loaded: hihat_hihat_semi_open_medium_quarter_open_188.mid
2025-07-22 20:17:29,194 - INFO - Rendering audio: hihat_hihat_semi_open_medium_quarter_open_188
2025-07-22 20:18:03,598 - ERROR - Render timeout for hihat_hihat_semi_open_medium_quarter_open_188
2025-07-22 20:18:03,604 - ERROR - Failed to process hihat_hihat_semi_open_medium_quarter_open_188.mid: Failed to render audio
2025-07-22 20:18:03,604 - INFO - Progress: 42.7% (247/579)
2025-07-22 20:18:04,105 - INFO - Processing 248/579: hihat_hihat_semi_open_medium_slightly_open_187.mid
2025-07-22 20:18:04,105 - INFO - Processing MIDI file: hihat_hihat_semi_open_medium_slightly_open_187.mid
2025-07-22 20:18:04,105 - INFO - Loading MIDI file: hihat_hihat_semi_open_medium_slightly_open_187.mid
2025-07-22 20:18:10,494 - INFO - MIDI file loaded: hihat_hihat_semi_open_medium_slightly_open_187.mid
2025-07-22 20:18:10,495 - INFO - Rendering audio: hihat_hihat_semi_open_medium_slightly_open_187
2025-07-22 20:18:44,896 - ERROR - Render timeout for hihat_hihat_semi_open_medium_slightly_open_187
2025-07-22 20:18:44,902 - ERROR - Failed to process hihat_hihat_semi_open_medium_slightly_open_187.mid: Failed to render audio
2025-07-22 20:18:44,902 - INFO - Progress: 42.8% (248/579)
2025-07-22 20:18:45,403 - INFO - Processing 249/579: hihat_hihat_semi_open_medium_soft_closed_180.mid
2025-07-22 20:18:45,403 - INFO - Processing MIDI file: hihat_hihat_semi_open_medium_soft_closed_180.mid
2025-07-22 20:18:45,404 - INFO - Loading MIDI file: hihat_hihat_semi_open_medium_soft_closed_180.mid
2025-07-22 20:18:51,790 - INFO - MIDI file loaded: hihat_hihat_semi_open_medium_soft_closed_180.mid
2025-07-22 20:18:51,790 - INFO - Rendering audio: hihat_hihat_semi_open_medium_soft_closed_180
2025-07-22 20:19:26,196 - ERROR - Render timeout for hihat_hihat_semi_open_medium_soft_closed_180
2025-07-22 20:19:26,207 - ERROR - Failed to process hihat_hihat_semi_open_medium_soft_closed_180.mid: Failed to render audio
2025-07-22 20:19:26,207 - INFO - Progress: 43.0% (249/579)
2025-07-22 20:19:26,708 - INFO - Processing 250/579: hihat_hihat_semi_open_medium_soft_fully_open_185.mid
2025-07-22 20:19:26,708 - INFO - Processing MIDI file: hihat_hihat_semi_open_medium_soft_fully_open_185.mid
2025-07-22 20:19:26,709 - INFO - Loading MIDI file: hihat_hihat_semi_open_medium_soft_fully_open_185.mid
2025-07-22 20:19:33,099 - INFO - MIDI file loaded: hihat_hihat_semi_open_medium_soft_fully_open_185.mid
2025-07-22 20:19:33,099 - INFO - Rendering audio: hihat_hihat_semi_open_medium_soft_fully_open_185
2025-07-22 20:20:07,508 - ERROR - Render timeout for hihat_hihat_semi_open_medium_soft_fully_open_185
2025-07-22 20:20:07,518 - ERROR - Failed to process hihat_hihat_semi_open_medium_soft_fully_open_185.mid: Failed to render audio
2025-07-22 20:20:07,519 - INFO - Progress: 43.2% (250/579)
2025-07-22 20:20:08,019 - INFO - Processing 251/579: hihat_hihat_semi_open_medium_soft_half_open_183.mid
2025-07-22 20:20:08,020 - INFO - Processing MIDI file: hihat_hihat_semi_open_medium_soft_half_open_183.mid
2025-07-22 20:20:08,020 - INFO - Loading MIDI file: hihat_hihat_semi_open_medium_soft_half_open_183.mid
2025-07-22 20:20:14,411 - INFO - MIDI file loaded: hihat_hihat_semi_open_medium_soft_half_open_183.mid
2025-07-22 20:20:14,411 - INFO - Rendering audio: hihat_hihat_semi_open_medium_soft_half_open_183
2025-07-22 20:20:48,821 - ERROR - Render timeout for hihat_hihat_semi_open_medium_soft_half_open_183
2025-07-22 20:20:48,832 - ERROR - Failed to process hihat_hihat_semi_open_medium_soft_half_open_183.mid: Failed to render audio
2025-07-22 20:20:48,832 - INFO - Progress: 43.4% (251/579)
2025-07-22 20:20:49,333 - INFO - Processing 252/579: hihat_hihat_semi_open_medium_soft_quarter_open_182.mid
2025-07-22 20:20:49,334 - INFO - Processing MIDI file: hihat_hihat_semi_open_medium_soft_quarter_open_182.mid
2025-07-22 20:20:49,334 - INFO - Loading MIDI file: hihat_hihat_semi_open_medium_soft_quarter_open_182.mid
2025-07-22 20:20:55,727 - INFO - MIDI file loaded: hihat_hihat_semi_open_medium_soft_quarter_open_182.mid
2025-07-22 20:20:55,727 - INFO - Rendering audio: hihat_hihat_semi_open_medium_soft_quarter_open_182
2025-07-22 20:21:30,137 - ERROR - Render timeout for hihat_hihat_semi_open_medium_soft_quarter_open_182
2025-07-22 20:21:30,148 - ERROR - Failed to process hihat_hihat_semi_open_medium_soft_quarter_open_182.mid: Failed to render audio
2025-07-22 20:21:30,148 - INFO - Progress: 43.5% (252/579)
2025-07-22 20:21:30,649 - INFO - Processing 253/579: hihat_hihat_semi_open_medium_soft_slightly_open_181.mid
2025-07-22 20:21:30,649 - INFO - Processing MIDI file: hihat_hihat_semi_open_medium_soft_slightly_open_181.mid
2025-07-22 20:21:30,649 - INFO - Loading MIDI file: hihat_hihat_semi_open_medium_soft_slightly_open_181.mid
2025-07-22 20:21:37,042 - INFO - MIDI file loaded: hihat_hihat_semi_open_medium_soft_slightly_open_181.mid
2025-07-22 20:21:37,042 - INFO - Rendering audio: hihat_hihat_semi_open_medium_soft_slightly_open_181
2025-07-22 20:22:11,452 - ERROR - Render timeout for hihat_hihat_semi_open_medium_soft_slightly_open_181
2025-07-22 20:22:11,458 - ERROR - Failed to process hihat_hihat_semi_open_medium_soft_slightly_open_181.mid: Failed to render audio
2025-07-22 20:22:11,458 - INFO - Progress: 43.7% (253/579)
2025-07-22 20:22:11,959 - INFO - Processing 254/579: hihat_hihat_semi_open_medium_soft_three_quarter_open_184.mid
2025-07-22 20:22:11,959 - INFO - Processing MIDI file: hihat_hihat_semi_open_medium_soft_three_quarter_open_184.mid
2025-07-22 20:22:11,959 - INFO - Loading MIDI file: hihat_hihat_semi_open_medium_soft_three_quarter_open_184.mid
2025-07-22 20:22:18,357 - INFO - MIDI file loaded: hihat_hihat_semi_open_medium_soft_three_quarter_open_184.mid
2025-07-22 20:22:18,357 - INFO - Rendering audio: hihat_hihat_semi_open_medium_soft_three_quarter_open_184
2025-07-22 20:22:52,773 - ERROR - Render timeout for hihat_hihat_semi_open_medium_soft_three_quarter_open_184
2025-07-22 20:22:52,780 - ERROR - Failed to process hihat_hihat_semi_open_medium_soft_three_quarter_open_184.mid: Failed to render audio
2025-07-22 20:22:52,780 - INFO - Progress: 43.9% (254/579)
2025-07-22 20:22:53,280 - INFO - Processing 255/579: hihat_hihat_semi_open_medium_three_quarter_open_190.mid
2025-07-22 20:22:53,281 - INFO - Processing MIDI file: hihat_hihat_semi_open_medium_three_quarter_open_190.mid
2025-07-22 20:22:53,281 - INFO - Loading MIDI file: hihat_hihat_semi_open_medium_three_quarter_open_190.mid
2025-07-22 20:22:59,673 - INFO - MIDI file loaded: hihat_hihat_semi_open_medium_three_quarter_open_190.mid
2025-07-22 20:22:59,674 - INFO - Rendering audio: hihat_hihat_semi_open_medium_three_quarter_open_190
2025-07-22 20:23:34,083 - ERROR - Render timeout for hihat_hihat_semi_open_medium_three_quarter_open_190
2025-07-22 20:23:34,089 - ERROR - Failed to process hihat_hihat_semi_open_medium_three_quarter_open_190.mid: Failed to render audio
2025-07-22 20:23:34,090 - INFO - Progress: 44.0% (255/579)
2025-07-22 20:23:34,590 - INFO - Processing 256/579: hihat_hihat_semi_open_soft_closed_174.mid
2025-07-22 20:23:34,591 - INFO - Processing MIDI file: hihat_hihat_semi_open_soft_closed_174.mid
2025-07-22 20:23:34,591 - INFO - Loading MIDI file: hihat_hihat_semi_open_soft_closed_174.mid
2025-07-22 20:23:40,973 - INFO - MIDI file loaded: hihat_hihat_semi_open_soft_closed_174.mid
2025-07-22 20:23:40,973 - INFO - Rendering audio: hihat_hihat_semi_open_soft_closed_174
2025-07-22 20:24:15,372 - ERROR - Render timeout for hihat_hihat_semi_open_soft_closed_174
2025-07-22 20:24:15,377 - ERROR - Failed to process hihat_hihat_semi_open_soft_closed_174.mid: Failed to render audio
2025-07-22 20:24:15,377 - INFO - Progress: 44.2% (256/579)
2025-07-22 20:24:15,878 - INFO - Processing 257/579: hihat_hihat_semi_open_soft_fully_open_179.mid
2025-07-22 20:24:15,878 - INFO - Processing MIDI file: hihat_hihat_semi_open_soft_fully_open_179.mid
2025-07-22 20:24:15,878 - INFO - Loading MIDI file: hihat_hihat_semi_open_soft_fully_open_179.mid
2025-07-22 20:24:22,266 - INFO - MIDI file loaded: hihat_hihat_semi_open_soft_fully_open_179.mid
2025-07-22 20:24:22,266 - INFO - Rendering audio: hihat_hihat_semi_open_soft_fully_open_179
2025-07-22 20:24:56,681 - ERROR - Render timeout for hihat_hihat_semi_open_soft_fully_open_179
2025-07-22 20:24:56,686 - ERROR - Failed to process hihat_hihat_semi_open_soft_fully_open_179.mid: Failed to render audio
2025-07-22 20:24:56,686 - INFO - Progress: 44.4% (257/579)
2025-07-22 20:24:57,187 - INFO - Processing 258/579: hihat_hihat_semi_open_soft_half_open_177.mid
2025-07-22 20:24:57,187 - INFO - Processing MIDI file: hihat_hihat_semi_open_soft_half_open_177.mid
2025-07-22 20:24:57,187 - INFO - Loading MIDI file: hihat_hihat_semi_open_soft_half_open_177.mid
2025-07-22 20:25:03,571 - INFO - MIDI file loaded: hihat_hihat_semi_open_soft_half_open_177.mid
2025-07-22 20:25:03,571 - INFO - Rendering audio: hihat_hihat_semi_open_soft_half_open_177
2025-07-22 20:25:37,980 - ERROR - Render timeout for hihat_hihat_semi_open_soft_half_open_177
2025-07-22 20:25:37,986 - ERROR - Failed to process hihat_hihat_semi_open_soft_half_open_177.mid: Failed to render audio
2025-07-22 20:25:37,986 - INFO - Progress: 44.6% (258/579)
2025-07-22 20:25:38,487 - INFO - Processing 259/579: hihat_hihat_semi_open_soft_quarter_open_176.mid
2025-07-22 20:25:38,487 - INFO - Processing MIDI file: hihat_hihat_semi_open_soft_quarter_open_176.mid
2025-07-22 20:25:38,487 - INFO - Loading MIDI file: hihat_hihat_semi_open_soft_quarter_open_176.mid
2025-07-22 20:25:44,873 - INFO - MIDI file loaded: hihat_hihat_semi_open_soft_quarter_open_176.mid
2025-07-22 20:25:44,874 - INFO - Rendering audio: hihat_hihat_semi_open_soft_quarter_open_176
2025-07-22 20:26:19,281 - ERROR - Render timeout for hihat_hihat_semi_open_soft_quarter_open_176
2025-07-22 20:26:19,286 - ERROR - Failed to process hihat_hihat_semi_open_soft_quarter_open_176.mid: Failed to render audio
2025-07-22 20:26:19,287 - INFO - Progress: 44.7% (259/579)
2025-07-22 20:26:19,787 - INFO - Processing 260/579: hihat_hihat_semi_open_soft_slightly_open_175.mid
2025-07-22 20:26:19,788 - INFO - Processing MIDI file: hihat_hihat_semi_open_soft_slightly_open_175.mid
2025-07-22 20:26:19,788 - INFO - Loading MIDI file: hihat_hihat_semi_open_soft_slightly_open_175.mid
2025-07-22 20:26:26,175 - INFO - MIDI file loaded: hihat_hihat_semi_open_soft_slightly_open_175.mid
2025-07-22 20:26:26,176 - INFO - Rendering audio: hihat_hihat_semi_open_soft_slightly_open_175
2025-07-22 20:27:00,582 - ERROR - Render timeout for hihat_hihat_semi_open_soft_slightly_open_175
2025-07-22 20:27:00,587 - ERROR - Failed to process hihat_hihat_semi_open_soft_slightly_open_175.mid: Failed to render audio
2025-07-22 20:27:00,588 - INFO - Progress: 44.9% (260/579)
2025-07-22 20:27:01,088 - INFO - Processing 261/579: hihat_hihat_semi_open_soft_three_quarter_open_178.mid
2025-07-22 20:27:01,088 - INFO - Processing MIDI file: hihat_hihat_semi_open_soft_three_quarter_open_178.mid
2025-07-22 20:27:01,089 - INFO - Loading MIDI file: hihat_hihat_semi_open_soft_three_quarter_open_178.mid
2025-07-22 20:27:07,479 - INFO - MIDI file loaded: hihat_hihat_semi_open_soft_three_quarter_open_178.mid
2025-07-22 20:27:07,479 - INFO - Rendering audio: hihat_hihat_semi_open_soft_three_quarter_open_178
2025-07-22 20:27:41,889 - ERROR - Render timeout for hihat_hihat_semi_open_soft_three_quarter_open_178
2025-07-22 20:27:41,895 - ERROR - Failed to process hihat_hihat_semi_open_soft_three_quarter_open_178.mid: Failed to render audio
2025-07-22 20:27:41,895 - INFO - Progress: 45.1% (261/579)
2025-07-22 20:27:42,396 - INFO - Processing 262/579: hihat_hihat_splash_accent_closed_288.mid
2025-07-22 20:27:42,396 - INFO - Processing MIDI file: hihat_hihat_splash_accent_closed_288.mid
2025-07-22 20:27:42,396 - INFO - Loading MIDI file: hihat_hihat_splash_accent_closed_288.mid
2025-07-22 20:27:48,776 - INFO - MIDI file loaded: hihat_hihat_splash_accent_closed_288.mid
2025-07-22 20:27:48,776 - INFO - Rendering audio: hihat_hihat_splash_accent_closed_288
2025-07-22 20:28:23,171 - ERROR - Render timeout for hihat_hihat_splash_accent_closed_288
2025-07-22 20:28:23,177 - ERROR - Failed to process hihat_hihat_splash_accent_closed_288.mid: Failed to render audio
2025-07-22 20:28:23,177 - INFO - Progress: 45.3% (262/579)
2025-07-22 20:28:23,678 - INFO - Processing 263/579: hihat_hihat_splash_accent_fully_open_293.mid
2025-07-22 20:28:23,678 - INFO - Processing MIDI file: hihat_hihat_splash_accent_fully_open_293.mid
2025-07-22 20:28:23,678 - INFO - Loading MIDI file: hihat_hihat_splash_accent_fully_open_293.mid
2025-07-22 20:28:30,060 - INFO - MIDI file loaded: hihat_hihat_splash_accent_fully_open_293.mid
2025-07-22 20:28:30,061 - INFO - Rendering audio: hihat_hihat_splash_accent_fully_open_293
2025-07-22 20:29:04,461 - ERROR - Render timeout for hihat_hihat_splash_accent_fully_open_293
2025-07-22 20:29:04,466 - ERROR - Failed to process hihat_hihat_splash_accent_fully_open_293.mid: Failed to render audio
2025-07-22 20:29:04,467 - INFO - Progress: 45.4% (263/579)
2025-07-22 20:29:04,967 - INFO - Processing 264/579: hihat_hihat_splash_accent_half_open_291.mid
2025-07-22 20:29:04,967 - INFO - Processing MIDI file: hihat_hihat_splash_accent_half_open_291.mid
2025-07-22 20:29:04,968 - INFO - Loading MIDI file: hihat_hihat_splash_accent_half_open_291.mid
2025-07-22 20:29:11,350 - INFO - MIDI file loaded: hihat_hihat_splash_accent_half_open_291.mid
2025-07-22 20:29:11,350 - INFO - Rendering audio: hihat_hihat_splash_accent_half_open_291
2025-07-22 20:29:45,751 - ERROR - Render timeout for hihat_hihat_splash_accent_half_open_291
2025-07-22 20:29:45,757 - ERROR - Failed to process hihat_hihat_splash_accent_half_open_291.mid: Failed to render audio
2025-07-22 20:29:45,757 - INFO - Progress: 45.6% (264/579)
2025-07-22 20:29:46,258 - INFO - Processing 265/579: hihat_hihat_splash_accent_quarter_open_290.mid
2025-07-22 20:29:46,258 - INFO - Processing MIDI file: hihat_hihat_splash_accent_quarter_open_290.mid
2025-07-22 20:29:46,259 - INFO - Loading MIDI file: hihat_hihat_splash_accent_quarter_open_290.mid
2025-07-22 20:29:52,643 - INFO - MIDI file loaded: hihat_hihat_splash_accent_quarter_open_290.mid
2025-07-22 20:29:52,643 - INFO - Rendering audio: hihat_hihat_splash_accent_quarter_open_290
2025-07-22 20:30:27,045 - ERROR - Render timeout for hihat_hihat_splash_accent_quarter_open_290
2025-07-22 20:30:27,050 - ERROR - Failed to process hihat_hihat_splash_accent_quarter_open_290.mid: Failed to render audio
2025-07-22 20:30:27,050 - INFO - Progress: 45.8% (265/579)
2025-07-22 20:30:27,551 - INFO - Processing 266/579: hihat_hihat_splash_accent_slightly_open_289.mid
2025-07-22 20:30:27,551 - INFO - Processing MIDI file: hihat_hihat_splash_accent_slightly_open_289.mid
2025-07-22 20:30:27,551 - INFO - Loading MIDI file: hihat_hihat_splash_accent_slightly_open_289.mid
2025-07-22 20:30:33,935 - INFO - MIDI file loaded: hihat_hihat_splash_accent_slightly_open_289.mid
2025-07-22 20:30:33,936 - INFO - Rendering audio: hihat_hihat_splash_accent_slightly_open_289
2025-07-22 20:31:08,339 - ERROR - Render timeout for hihat_hihat_splash_accent_slightly_open_289
2025-07-22 20:31:08,345 - ERROR - Failed to process hihat_hihat_splash_accent_slightly_open_289.mid: Failed to render audio
2025-07-22 20:31:08,345 - INFO - Progress: 45.9% (266/579)
2025-07-22 20:31:08,846 - INFO - Processing 267/579: hihat_hihat_splash_accent_three_quarter_open_292.mid
2025-07-22 20:31:08,846 - INFO - Processing MIDI file: hihat_hihat_splash_accent_three_quarter_open_292.mid
2025-07-22 20:31:08,846 - INFO - Loading MIDI file: hihat_hihat_splash_accent_three_quarter_open_292.mid
2025-07-22 20:31:15,235 - INFO - MIDI file loaded: hihat_hihat_splash_accent_three_quarter_open_292.mid
2025-07-22 20:31:15,235 - INFO - Rendering audio: hihat_hihat_splash_accent_three_quarter_open_292
2025-07-22 20:31:49,638 - ERROR - Render timeout for hihat_hihat_splash_accent_three_quarter_open_292
2025-07-22 20:31:49,643 - ERROR - Failed to process hihat_hihat_splash_accent_three_quarter_open_292.mid: Failed to render audio
2025-07-22 20:31:49,644 - INFO - Progress: 46.1% (267/579)
2025-07-22 20:31:50,144 - INFO - Processing 268/579: hihat_hihat_splash_ghost_closed_252.mid
2025-07-22 20:31:50,145 - INFO - Processing MIDI file: hihat_hihat_splash_ghost_closed_252.mid
2025-07-22 20:31:50,145 - INFO - Loading MIDI file: hihat_hihat_splash_ghost_closed_252.mid
2025-07-22 20:31:56,523 - INFO - MIDI file loaded: hihat_hihat_splash_ghost_closed_252.mid
2025-07-22 20:31:56,524 - INFO - Rendering audio: hihat_hihat_splash_ghost_closed_252
2025-07-22 20:32:30,923 - ERROR - Render timeout for hihat_hihat_splash_ghost_closed_252
2025-07-22 20:32:30,928 - ERROR - Failed to process hihat_hihat_splash_ghost_closed_252.mid: Failed to render audio
2025-07-22 20:32:30,929 - INFO - Progress: 46.3% (268/579)
2025-07-22 20:32:31,429 - INFO - Processing 269/579: hihat_hihat_splash_ghost_fully_open_257.mid
2025-07-22 20:32:31,429 - INFO - Processing MIDI file: hihat_hihat_splash_ghost_fully_open_257.mid
2025-07-22 20:32:31,430 - INFO - Loading MIDI file: hihat_hihat_splash_ghost_fully_open_257.mid
2025-07-22 20:32:37,814 - INFO - MIDI file loaded: hihat_hihat_splash_ghost_fully_open_257.mid
2025-07-22 20:32:37,815 - INFO - Rendering audio: hihat_hihat_splash_ghost_fully_open_257
2025-07-22 20:33:12,214 - ERROR - Render timeout for hihat_hihat_splash_ghost_fully_open_257
2025-07-22 20:33:12,220 - ERROR - Failed to process hihat_hihat_splash_ghost_fully_open_257.mid: Failed to render audio
2025-07-22 20:33:12,220 - INFO - Progress: 46.5% (269/579)
2025-07-22 20:33:12,721 - INFO - Processing 270/579: hihat_hihat_splash_ghost_half_open_255.mid
2025-07-22 20:33:12,721 - INFO - Processing MIDI file: hihat_hihat_splash_ghost_half_open_255.mid
2025-07-22 20:33:12,721 - INFO - Loading MIDI file: hihat_hihat_splash_ghost_half_open_255.mid
2025-07-22 20:33:19,103 - INFO - MIDI file loaded: hihat_hihat_splash_ghost_half_open_255.mid
2025-07-22 20:33:19,103 - INFO - Rendering audio: hihat_hihat_splash_ghost_half_open_255
2025-07-22 20:33:53,504 - ERROR - Render timeout for hihat_hihat_splash_ghost_half_open_255
2025-07-22 20:33:53,509 - ERROR - Failed to process hihat_hihat_splash_ghost_half_open_255.mid: Failed to render audio
2025-07-22 20:33:53,509 - INFO - Progress: 46.6% (270/579)
2025-07-22 20:33:54,010 - INFO - Processing 271/579: hihat_hihat_splash_ghost_quarter_open_254.mid
2025-07-22 20:33:54,011 - INFO - Processing MIDI file: hihat_hihat_splash_ghost_quarter_open_254.mid
2025-07-22 20:33:54,011 - INFO - Loading MIDI file: hihat_hihat_splash_ghost_quarter_open_254.mid
2025-07-22 20:34:00,395 - INFO - MIDI file loaded: hihat_hihat_splash_ghost_quarter_open_254.mid
2025-07-22 20:34:00,396 - INFO - Rendering audio: hihat_hihat_splash_ghost_quarter_open_254
2025-07-22 20:34:34,794 - ERROR - Render timeout for hihat_hihat_splash_ghost_quarter_open_254
2025-07-22 20:34:34,800 - ERROR - Failed to process hihat_hihat_splash_ghost_quarter_open_254.mid: Failed to render audio
2025-07-22 20:34:34,800 - INFO - Progress: 46.8% (271/579)
2025-07-22 20:34:35,300 - INFO - Processing 272/579: hihat_hihat_splash_ghost_slightly_open_253.mid
2025-07-22 20:34:35,301 - INFO - Processing MIDI file: hihat_hihat_splash_ghost_slightly_open_253.mid
2025-07-22 20:34:35,301 - INFO - Loading MIDI file: hihat_hihat_splash_ghost_slightly_open_253.mid
2025-07-22 20:34:41,685 - INFO - MIDI file loaded: hihat_hihat_splash_ghost_slightly_open_253.mid
2025-07-22 20:34:41,685 - INFO - Rendering audio: hihat_hihat_splash_ghost_slightly_open_253
2025-07-22 20:35:16,088 - ERROR - Render timeout for hihat_hihat_splash_ghost_slightly_open_253
2025-07-22 20:35:16,093 - ERROR - Failed to process hihat_hihat_splash_ghost_slightly_open_253.mid: Failed to render audio
2025-07-22 20:35:16,094 - INFO - Progress: 47.0% (272/579)
2025-07-22 20:35:16,594 - INFO - Processing 273/579: hihat_hihat_splash_ghost_three_quarter_open_256.mid
2025-07-22 20:35:16,594 - INFO - Processing MIDI file: hihat_hihat_splash_ghost_three_quarter_open_256.mid
2025-07-22 20:35:16,595 - INFO - Loading MIDI file: hihat_hihat_splash_ghost_three_quarter_open_256.mid
2025-07-22 20:35:22,986 - INFO - MIDI file loaded: hihat_hihat_splash_ghost_three_quarter_open_256.mid
2025-07-22 20:35:22,986 - INFO - Rendering audio: hihat_hihat_splash_ghost_three_quarter_open_256
2025-07-22 20:35:57,392 - ERROR - Render timeout for hihat_hihat_splash_ghost_three_quarter_open_256
2025-07-22 20:35:57,398 - ERROR - Failed to process hihat_hihat_splash_ghost_three_quarter_open_256.mid: Failed to render audio
2025-07-22 20:35:57,399 - INFO - Progress: 47.2% (273/579)
2025-07-22 20:35:57,900 - INFO - Processing 274/579: hihat_hihat_splash_hard_closed_282.mid
2025-07-22 20:35:57,900 - INFO - Processing MIDI file: hihat_hihat_splash_hard_closed_282.mid
2025-07-22 20:35:57,900 - INFO - Loading MIDI file: hihat_hihat_splash_hard_closed_282.mid
2025-07-22 20:36:04,277 - INFO - MIDI file loaded: hihat_hihat_splash_hard_closed_282.mid
2025-07-22 20:36:04,277 - INFO - Rendering audio: hihat_hihat_splash_hard_closed_282
2025-07-22 20:36:38,676 - ERROR - Render timeout for hihat_hihat_splash_hard_closed_282
2025-07-22 20:36:38,681 - ERROR - Failed to process hihat_hihat_splash_hard_closed_282.mid: Failed to render audio
2025-07-22 20:36:38,681 - INFO - Progress: 47.3% (274/579)
2025-07-22 20:36:39,181 - INFO - Processing 275/579: hihat_hihat_splash_hard_fully_open_287.mid
2025-07-22 20:36:39,182 - INFO - Processing MIDI file: hihat_hihat_splash_hard_fully_open_287.mid
2025-07-22 20:36:39,182 - INFO - Loading MIDI file: hihat_hihat_splash_hard_fully_open_287.mid
2025-07-22 20:36:45,564 - INFO - MIDI file loaded: hihat_hihat_splash_hard_fully_open_287.mid
2025-07-22 20:36:45,565 - INFO - Rendering audio: hihat_hihat_splash_hard_fully_open_287
2025-07-22 20:37:19,966 - ERROR - Render timeout for hihat_hihat_splash_hard_fully_open_287
2025-07-22 20:37:19,972 - ERROR - Failed to process hihat_hihat_splash_hard_fully_open_287.mid: Failed to render audio
2025-07-22 20:37:19,972 - INFO - Progress: 47.5% (275/579)
2025-07-22 20:37:20,472 - INFO - Processing 276/579: hihat_hihat_splash_hard_half_open_285.mid
2025-07-22 20:37:20,473 - INFO - Processing MIDI file: hihat_hihat_splash_hard_half_open_285.mid
2025-07-22 20:37:20,473 - INFO - Loading MIDI file: hihat_hihat_splash_hard_half_open_285.mid
2025-07-22 20:37:26,855 - INFO - MIDI file loaded: hihat_hihat_splash_hard_half_open_285.mid
2025-07-22 20:37:26,855 - INFO - Rendering audio: hihat_hihat_splash_hard_half_open_285
2025-07-22 20:38:01,254 - ERROR - Render timeout for hihat_hihat_splash_hard_half_open_285
2025-07-22 20:38:01,259 - ERROR - Failed to process hihat_hihat_splash_hard_half_open_285.mid: Failed to render audio
2025-07-22 20:38:01,260 - INFO - Progress: 47.7% (276/579)
2025-07-22 20:38:01,760 - INFO - Processing 277/579: hihat_hihat_splash_hard_quarter_open_284.mid
2025-07-22 20:38:01,761 - INFO - Processing MIDI file: hihat_hihat_splash_hard_quarter_open_284.mid
2025-07-22 20:38:01,761 - INFO - Loading MIDI file: hihat_hihat_splash_hard_quarter_open_284.mid
2025-07-22 20:38:08,143 - INFO - MIDI file loaded: hihat_hihat_splash_hard_quarter_open_284.mid
2025-07-22 20:38:08,143 - INFO - Rendering audio: hihat_hihat_splash_hard_quarter_open_284
2025-07-22 20:38:42,542 - ERROR - Render timeout for hihat_hihat_splash_hard_quarter_open_284
2025-07-22 20:38:42,547 - ERROR - Failed to process hihat_hihat_splash_hard_quarter_open_284.mid: Failed to render audio
2025-07-22 20:38:42,548 - INFO - Progress: 47.8% (277/579)
2025-07-22 20:38:43,048 - INFO - Processing 278/579: hihat_hihat_splash_hard_slightly_open_283.mid
2025-07-22 20:38:43,048 - INFO - Processing MIDI file: hihat_hihat_splash_hard_slightly_open_283.mid
2025-07-22 20:38:43,049 - INFO - Loading MIDI file: hihat_hihat_splash_hard_slightly_open_283.mid
2025-07-22 20:38:49,432 - INFO - MIDI file loaded: hihat_hihat_splash_hard_slightly_open_283.mid
2025-07-22 20:38:49,433 - INFO - Rendering audio: hihat_hihat_splash_hard_slightly_open_283
2025-07-22 20:39:23,837 - ERROR - Render timeout for hihat_hihat_splash_hard_slightly_open_283
2025-07-22 20:39:23,843 - ERROR - Failed to process hihat_hihat_splash_hard_slightly_open_283.mid: Failed to render audio
2025-07-22 20:39:23,843 - INFO - Progress: 48.0% (278/579)
2025-07-22 20:39:24,344 - INFO - Processing 279/579: hihat_hihat_splash_hard_three_quarter_open_286.mid
2025-07-22 20:39:24,345 - INFO - Processing MIDI file: hihat_hihat_splash_hard_three_quarter_open_286.mid
2025-07-22 20:39:24,345 - INFO - Loading MIDI file: hihat_hihat_splash_hard_three_quarter_open_286.mid
2025-07-22 20:39:30,733 - INFO - MIDI file loaded: hihat_hihat_splash_hard_three_quarter_open_286.mid
2025-07-22 20:39:30,733 - INFO - Rendering audio: hihat_hihat_splash_hard_three_quarter_open_286
2025-07-22 20:40:05,139 - ERROR - Render timeout for hihat_hihat_splash_hard_three_quarter_open_286
2025-07-22 20:40:05,144 - ERROR - Failed to process hihat_hihat_splash_hard_three_quarter_open_286.mid: Failed to render audio
2025-07-22 20:40:05,144 - INFO - Progress: 48.2% (279/579)
2025-07-22 20:40:05,645 - INFO - Processing 280/579: hihat_hihat_splash_medium_closed_270.mid
2025-07-22 20:40:05,645 - INFO - Processing MIDI file: hihat_hihat_splash_medium_closed_270.mid
2025-07-22 20:40:05,646 - INFO - Loading MIDI file: hihat_hihat_splash_medium_closed_270.mid
2025-07-22 20:40:12,025 - INFO - MIDI file loaded: hihat_hihat_splash_medium_closed_270.mid
2025-07-22 20:40:12,025 - INFO - Rendering audio: hihat_hihat_splash_medium_closed_270
2025-07-22 20:40:46,422 - ERROR - Render timeout for hihat_hihat_splash_medium_closed_270
2025-07-22 20:40:46,428 - ERROR - Failed to process hihat_hihat_splash_medium_closed_270.mid: Failed to render audio
2025-07-22 20:40:46,428 - INFO - Progress: 48.4% (280/579)
2025-07-22 20:40:46,929 - INFO - Processing 281/579: hihat_hihat_splash_medium_fully_open_275.mid
2025-07-22 20:40:46,929 - INFO - Processing MIDI file: hihat_hihat_splash_medium_fully_open_275.mid
2025-07-22 20:40:46,930 - INFO - Loading MIDI file: hihat_hihat_splash_medium_fully_open_275.mid
2025-07-22 20:40:53,310 - INFO - MIDI file loaded: hihat_hihat_splash_medium_fully_open_275.mid
2025-07-22 20:40:53,311 - INFO - Rendering audio: hihat_hihat_splash_medium_fully_open_275
2025-07-22 20:41:27,713 - ERROR - Render timeout for hihat_hihat_splash_medium_fully_open_275
2025-07-22 20:41:27,719 - ERROR - Failed to process hihat_hihat_splash_medium_fully_open_275.mid: Failed to render audio
2025-07-22 20:41:27,720 - INFO - Progress: 48.5% (281/579)
2025-07-22 20:41:28,220 - INFO - Processing 282/579: hihat_hihat_splash_medium_half_open_273.mid
2025-07-22 20:41:28,220 - INFO - Processing MIDI file: hihat_hihat_splash_medium_half_open_273.mid
2025-07-22 20:41:28,221 - INFO - Loading MIDI file: hihat_hihat_splash_medium_half_open_273.mid
2025-07-22 20:41:34,603 - INFO - MIDI file loaded: hihat_hihat_splash_medium_half_open_273.mid
2025-07-22 20:41:34,603 - INFO - Rendering audio: hihat_hihat_splash_medium_half_open_273
2025-07-22 20:42:09,004 - ERROR - Render timeout for hihat_hihat_splash_medium_half_open_273
2025-07-22 20:42:09,010 - ERROR - Failed to process hihat_hihat_splash_medium_half_open_273.mid: Failed to render audio
2025-07-22 20:42:09,010 - INFO - Progress: 48.7% (282/579)
2025-07-22 20:42:09,511 - INFO - Processing 283/579: hihat_hihat_splash_medium_hard_closed_276.mid
2025-07-22 20:42:09,511 - INFO - Processing MIDI file: hihat_hihat_splash_medium_hard_closed_276.mid
2025-07-22 20:42:09,512 - INFO - Loading MIDI file: hihat_hihat_splash_medium_hard_closed_276.mid
2025-07-22 20:42:15,896 - INFO - MIDI file loaded: hihat_hihat_splash_medium_hard_closed_276.mid
2025-07-22 20:42:15,896 - INFO - Rendering audio: hihat_hihat_splash_medium_hard_closed_276
2025-07-22 20:42:50,297 - ERROR - Render timeout for hihat_hihat_splash_medium_hard_closed_276
2025-07-22 20:42:50,307 - ERROR - Failed to process hihat_hihat_splash_medium_hard_closed_276.mid: Failed to render audio
2025-07-22 20:42:50,307 - INFO - Progress: 48.9% (283/579)
2025-07-22 20:42:50,808 - INFO - Processing 284/579: hihat_hihat_splash_medium_hard_fully_open_281.mid
2025-07-22 20:42:50,808 - INFO - Processing MIDI file: hihat_hihat_splash_medium_hard_fully_open_281.mid
2025-07-22 20:42:50,808 - INFO - Loading MIDI file: hihat_hihat_splash_medium_hard_fully_open_281.mid
2025-07-22 20:42:57,197 - INFO - MIDI file loaded: hihat_hihat_splash_medium_hard_fully_open_281.mid
2025-07-22 20:42:57,197 - INFO - Rendering audio: hihat_hihat_splash_medium_hard_fully_open_281
2025-07-22 20:43:31,600 - ERROR - Render timeout for hihat_hihat_splash_medium_hard_fully_open_281
2025-07-22 20:43:31,610 - ERROR - Failed to process hihat_hihat_splash_medium_hard_fully_open_281.mid: Failed to render audio
2025-07-22 20:43:31,610 - INFO - Progress: 49.1% (284/579)
2025-07-22 20:43:32,111 - INFO - Processing 285/579: hihat_hihat_splash_medium_hard_half_open_279.mid
2025-07-22 20:43:32,112 - INFO - Processing MIDI file: hihat_hihat_splash_medium_hard_half_open_279.mid
2025-07-22 20:43:32,112 - INFO - Loading MIDI file: hihat_hihat_splash_medium_hard_half_open_279.mid
2025-07-22 20:43:38,499 - INFO - MIDI file loaded: hihat_hihat_splash_medium_hard_half_open_279.mid
2025-07-22 20:43:38,499 - INFO - Rendering audio: hihat_hihat_splash_medium_hard_half_open_279
2025-07-22 20:44:12,903 - ERROR - Render timeout for hihat_hihat_splash_medium_hard_half_open_279
2025-07-22 20:44:12,913 - ERROR - Failed to process hihat_hihat_splash_medium_hard_half_open_279.mid: Failed to render audio
2025-07-22 20:44:12,914 - INFO - Progress: 49.2% (285/579)
2025-07-22 20:44:13,414 - INFO - Processing 286/579: hihat_hihat_splash_medium_hard_quarter_open_278.mid
2025-07-22 20:44:13,414 - INFO - Processing MIDI file: hihat_hihat_splash_medium_hard_quarter_open_278.mid
2025-07-22 20:44:13,415 - INFO - Loading MIDI file: hihat_hihat_splash_medium_hard_quarter_open_278.mid
2025-07-22 20:44:19,806 - INFO - MIDI file loaded: hihat_hihat_splash_medium_hard_quarter_open_278.mid
2025-07-22 20:44:19,807 - INFO - Rendering audio: hihat_hihat_splash_medium_hard_quarter_open_278
2025-07-22 20:44:54,213 - ERROR - Render timeout for hihat_hihat_splash_medium_hard_quarter_open_278
2025-07-22 20:44:54,222 - ERROR - Failed to process hihat_hihat_splash_medium_hard_quarter_open_278.mid: Failed to render audio
2025-07-22 20:44:54,223 - INFO - Progress: 49.4% (286/579)
2025-07-22 20:44:54,723 - INFO - Processing 287/579: hihat_hihat_splash_medium_hard_slightly_open_277.mid
2025-07-22 20:44:54,723 - INFO - Processing MIDI file: hihat_hihat_splash_medium_hard_slightly_open_277.mid
2025-07-22 20:44:54,724 - INFO - Loading MIDI file: hihat_hihat_splash_medium_hard_slightly_open_277.mid
2025-07-22 20:45:01,113 - INFO - MIDI file loaded: hihat_hihat_splash_medium_hard_slightly_open_277.mid
2025-07-22 20:45:01,114 - INFO - Rendering audio: hihat_hihat_splash_medium_hard_slightly_open_277
2025-07-22 20:45:35,521 - ERROR - Render timeout for hihat_hihat_splash_medium_hard_slightly_open_277
2025-07-22 20:45:35,531 - ERROR - Failed to process hihat_hihat_splash_medium_hard_slightly_open_277.mid: Failed to render audio
2025-07-22 20:45:35,531 - INFO - Progress: 49.6% (287/579)
2025-07-22 20:45:36,032 - INFO - Processing 288/579: hihat_hihat_splash_medium_hard_three_quarter_open_280.mid
2025-07-22 20:45:36,032 - INFO - Processing MIDI file: hihat_hihat_splash_medium_hard_three_quarter_open_280.mid
2025-07-22 20:45:36,032 - INFO - Loading MIDI file: hihat_hihat_splash_medium_hard_three_quarter_open_280.mid
2025-07-22 20:45:42,448 - INFO - MIDI file loaded: hihat_hihat_splash_medium_hard_three_quarter_open_280.mid
2025-07-22 20:45:42,448 - INFO - Rendering audio: hihat_hihat_splash_medium_hard_three_quarter_open_280
2025-07-22 20:46:16,893 - ERROR - Render timeout for hihat_hihat_splash_medium_hard_three_quarter_open_280
2025-07-22 20:46:16,903 - ERROR - Failed to process hihat_hihat_splash_medium_hard_three_quarter_open_280.mid: Failed to render audio
2025-07-22 20:46:16,903 - INFO - Progress: 49.7% (288/579)
2025-07-22 20:46:17,404 - INFO - Processing 289/579: hihat_hihat_splash_medium_quarter_open_272.mid
2025-07-22 20:46:17,404 - INFO - Processing MIDI file: hihat_hihat_splash_medium_quarter_open_272.mid
2025-07-22 20:46:17,405 - INFO - Loading MIDI file: hihat_hihat_splash_medium_quarter_open_272.mid
2025-07-22 20:46:23,789 - INFO - MIDI file loaded: hihat_hihat_splash_medium_quarter_open_272.mid
2025-07-22 20:46:23,790 - INFO - Rendering audio: hihat_hihat_splash_medium_quarter_open_272
2025-07-22 20:46:58,232 - ERROR - Render timeout for hihat_hihat_splash_medium_quarter_open_272
2025-07-22 20:46:58,242 - ERROR - Failed to process hihat_hihat_splash_medium_quarter_open_272.mid: Failed to render audio
2025-07-22 20:46:58,242 - INFO - Progress: 49.9% (289/579)
2025-07-22 20:46:58,743 - INFO - Processing 290/579: hihat_hihat_splash_medium_slightly_open_271.mid
2025-07-22 20:46:58,743 - INFO - Processing MIDI file: hihat_hihat_splash_medium_slightly_open_271.mid
2025-07-22 20:46:58,743 - INFO - Loading MIDI file: hihat_hihat_splash_medium_slightly_open_271.mid
2025-07-22 20:47:05,127 - INFO - MIDI file loaded: hihat_hihat_splash_medium_slightly_open_271.mid
2025-07-22 20:47:05,128 - INFO - Rendering audio: hihat_hihat_splash_medium_slightly_open_271
2025-07-22 20:47:39,532 - ERROR - Render timeout for hihat_hihat_splash_medium_slightly_open_271
2025-07-22 20:47:39,541 - ERROR - Failed to process hihat_hihat_splash_medium_slightly_open_271.mid: Failed to render audio
2025-07-22 20:47:39,541 - INFO - Progress: 50.1% (290/579)
2025-07-22 20:47:40,042 - INFO - Processing 291/579: hihat_hihat_splash_medium_soft_closed_264.mid
2025-07-22 20:47:40,042 - INFO - Processing MIDI file: hihat_hihat_splash_medium_soft_closed_264.mid
2025-07-22 20:47:40,043 - INFO - Loading MIDI file: hihat_hihat_splash_medium_soft_closed_264.mid
2025-07-22 20:47:46,429 - INFO - MIDI file loaded: hihat_hihat_splash_medium_soft_closed_264.mid
2025-07-22 20:47:46,429 - INFO - Rendering audio: hihat_hihat_splash_medium_soft_closed_264
2025-07-22 20:48:20,828 - ERROR - Render timeout for hihat_hihat_splash_medium_soft_closed_264
2025-07-22 20:48:20,838 - ERROR - Failed to process hihat_hihat_splash_medium_soft_closed_264.mid: Failed to render audio
2025-07-22 20:48:20,838 - INFO - Progress: 50.3% (291/579)
2025-07-22 20:48:21,339 - INFO - Processing 292/579: hihat_hihat_splash_medium_soft_fully_open_269.mid
2025-07-22 20:48:21,339 - INFO - Processing MIDI file: hihat_hihat_splash_medium_soft_fully_open_269.mid
2025-07-22 20:48:21,339 - INFO - Loading MIDI file: hihat_hihat_splash_medium_soft_fully_open_269.mid
2025-07-22 20:48:27,726 - INFO - MIDI file loaded: hihat_hihat_splash_medium_soft_fully_open_269.mid
2025-07-22 20:48:27,726 - INFO - Rendering audio: hihat_hihat_splash_medium_soft_fully_open_269
2025-07-22 20:49:02,131 - ERROR - Render timeout for hihat_hihat_splash_medium_soft_fully_open_269
2025-07-22 20:49:02,141 - ERROR - Failed to process hihat_hihat_splash_medium_soft_fully_open_269.mid: Failed to render audio
2025-07-22 20:49:02,141 - INFO - Progress: 50.4% (292/579)
2025-07-22 20:49:02,642 - INFO - Processing 293/579: hihat_hihat_splash_medium_soft_half_open_267.mid
2025-07-22 20:49:02,643 - INFO - Processing MIDI file: hihat_hihat_splash_medium_soft_half_open_267.mid
2025-07-22 20:49:02,643 - INFO - Loading MIDI file: hihat_hihat_splash_medium_soft_half_open_267.mid
2025-07-22 20:49:09,029 - INFO - MIDI file loaded: hihat_hihat_splash_medium_soft_half_open_267.mid
2025-07-22 20:49:09,029 - INFO - Rendering audio: hihat_hihat_splash_medium_soft_half_open_267
2025-07-22 20:49:43,430 - ERROR - Render timeout for hihat_hihat_splash_medium_soft_half_open_267
2025-07-22 20:49:43,440 - ERROR - Failed to process hihat_hihat_splash_medium_soft_half_open_267.mid: Failed to render audio
2025-07-22 20:49:43,440 - INFO - Progress: 50.6% (293/579)
2025-07-22 20:49:43,941 - INFO - Processing 294/579: hihat_hihat_splash_medium_soft_quarter_open_266.mid
2025-07-22 20:49:43,941 - INFO - Processing MIDI file: hihat_hihat_splash_medium_soft_quarter_open_266.mid
2025-07-22 20:49:43,941 - INFO - Loading MIDI file: hihat_hihat_splash_medium_soft_quarter_open_266.mid
2025-07-22 20:49:50,329 - INFO - MIDI file loaded: hihat_hihat_splash_medium_soft_quarter_open_266.mid
2025-07-22 20:49:50,330 - INFO - Rendering audio: hihat_hihat_splash_medium_soft_quarter_open_266
2025-07-22 20:50:24,738 - ERROR - Render timeout for hihat_hihat_splash_medium_soft_quarter_open_266
2025-07-22 20:50:24,746 - ERROR - Failed to process hihat_hihat_splash_medium_soft_quarter_open_266.mid: Failed to render audio
2025-07-22 20:50:24,746 - INFO - Progress: 50.8% (294/579)
2025-07-22 20:50:25,247 - INFO - Processing 295/579: hihat_hihat_splash_medium_soft_slightly_open_265.mid
2025-07-22 20:50:25,247 - INFO - Processing MIDI file: hihat_hihat_splash_medium_soft_slightly_open_265.mid
2025-07-22 20:50:25,247 - INFO - Loading MIDI file: hihat_hihat_splash_medium_soft_slightly_open_265.mid
2025-07-22 20:50:31,638 - INFO - MIDI file loaded: hihat_hihat_splash_medium_soft_slightly_open_265.mid
2025-07-22 20:50:31,638 - INFO - Rendering audio: hihat_hihat_splash_medium_soft_slightly_open_265
2025-07-22 20:51:06,045 - ERROR - Render timeout for hihat_hihat_splash_medium_soft_slightly_open_265
2025-07-22 20:51:06,055 - ERROR - Failed to process hihat_hihat_splash_medium_soft_slightly_open_265.mid: Failed to render audio
2025-07-22 20:51:06,055 - INFO - Progress: 50.9% (295/579)
2025-07-22 20:51:06,556 - INFO - Processing 296/579: hihat_hihat_splash_medium_soft_three_quarter_open_268.mid
2025-07-22 20:51:06,556 - INFO - Processing MIDI file: hihat_hihat_splash_medium_soft_three_quarter_open_268.mid
2025-07-22 20:51:06,556 - INFO - Loading MIDI file: hihat_hihat_splash_medium_soft_three_quarter_open_268.mid
2025-07-22 20:51:12,954 - INFO - MIDI file loaded: hihat_hihat_splash_medium_soft_three_quarter_open_268.mid
2025-07-22 20:51:12,954 - INFO - Rendering audio: hihat_hihat_splash_medium_soft_three_quarter_open_268
2025-07-22 20:51:47,366 - ERROR - Render timeout for hihat_hihat_splash_medium_soft_three_quarter_open_268
2025-07-22 20:51:47,372 - ERROR - Failed to process hihat_hihat_splash_medium_soft_three_quarter_open_268.mid: Failed to render audio
2025-07-22 20:51:47,372 - INFO - Progress: 51.1% (296/579)
2025-07-22 20:51:47,873 - INFO - Processing 297/579: hihat_hihat_splash_medium_three_quarter_open_274.mid
2025-07-22 20:51:47,873 - INFO - Processing MIDI file: hihat_hihat_splash_medium_three_quarter_open_274.mid
2025-07-22 20:51:47,873 - INFO - Loading MIDI file: hihat_hihat_splash_medium_three_quarter_open_274.mid
2025-07-22 20:51:54,263 - INFO - MIDI file loaded: hihat_hihat_splash_medium_three_quarter_open_274.mid
2025-07-22 20:51:54,264 - INFO - Rendering audio: hihat_hihat_splash_medium_three_quarter_open_274
2025-07-22 20:52:28,671 - ERROR - Render timeout for hihat_hihat_splash_medium_three_quarter_open_274
2025-07-22 20:52:28,677 - ERROR - Failed to process hihat_hihat_splash_medium_three_quarter_open_274.mid: Failed to render audio
2025-07-22 20:52:28,677 - INFO - Progress: 51.3% (297/579)
2025-07-22 20:52:29,178 - INFO - Processing 298/579: hihat_hihat_splash_soft_closed_258.mid
2025-07-22 20:52:29,178 - INFO - Processing MIDI file: hihat_hihat_splash_soft_closed_258.mid
2025-07-22 20:52:29,178 - INFO - Loading MIDI file: hihat_hihat_splash_soft_closed_258.mid
2025-07-22 20:52:35,557 - INFO - MIDI file loaded: hihat_hihat_splash_soft_closed_258.mid
2025-07-22 20:52:35,558 - INFO - Rendering audio: hihat_hihat_splash_soft_closed_258
2025-07-22 20:53:09,952 - ERROR - Render timeout for hihat_hihat_splash_soft_closed_258
2025-07-22 20:53:09,957 - ERROR - Failed to process hihat_hihat_splash_soft_closed_258.mid: Failed to render audio
2025-07-22 20:53:09,958 - INFO - Progress: 51.5% (298/579)
2025-07-22 20:53:10,458 - INFO - Processing 299/579: hihat_hihat_splash_soft_fully_open_263.mid
2025-07-22 20:53:10,458 - INFO - Processing MIDI file: hihat_hihat_splash_soft_fully_open_263.mid
2025-07-22 20:53:10,459 - INFO - Loading MIDI file: hihat_hihat_splash_soft_fully_open_263.mid
2025-07-22 20:53:16,841 - INFO - MIDI file loaded: hihat_hihat_splash_soft_fully_open_263.mid
2025-07-22 20:53:16,841 - INFO - Rendering audio: hihat_hihat_splash_soft_fully_open_263
2025-07-22 20:53:51,236 - ERROR - Render timeout for hihat_hihat_splash_soft_fully_open_263
2025-07-22 20:53:51,241 - ERROR - Failed to process hihat_hihat_splash_soft_fully_open_263.mid: Failed to render audio
2025-07-22 20:53:51,241 - INFO - Progress: 51.6% (299/579)
2025-07-22 20:53:51,742 - INFO - Processing 300/579: hihat_hihat_splash_soft_half_open_261.mid
2025-07-22 20:53:51,742 - INFO - Processing MIDI file: hihat_hihat_splash_soft_half_open_261.mid
2025-07-22 20:53:51,743 - INFO - Loading MIDI file: hihat_hihat_splash_soft_half_open_261.mid
2025-07-22 20:53:58,123 - INFO - MIDI file loaded: hihat_hihat_splash_soft_half_open_261.mid
2025-07-22 20:53:58,123 - INFO - Rendering audio: hihat_hihat_splash_soft_half_open_261
2025-07-22 20:54:32,523 - ERROR - Render timeout for hihat_hihat_splash_soft_half_open_261
2025-07-22 20:54:32,528 - ERROR - Failed to process hihat_hihat_splash_soft_half_open_261.mid: Failed to render audio
2025-07-22 20:54:32,528 - INFO - Progress: 51.8% (300/579)
2025-07-22 20:54:33,029 - INFO - Processing 301/579: hihat_hihat_splash_soft_quarter_open_260.mid
2025-07-22 20:54:33,029 - INFO - Processing MIDI file: hihat_hihat_splash_soft_quarter_open_260.mid
2025-07-22 20:54:33,030 - INFO - Loading MIDI file: hihat_hihat_splash_soft_quarter_open_260.mid
2025-07-22 20:54:39,414 - INFO - MIDI file loaded: hihat_hihat_splash_soft_quarter_open_260.mid
2025-07-22 20:54:39,414 - INFO - Rendering audio: hihat_hihat_splash_soft_quarter_open_260
2025-07-22 20:55:13,814 - ERROR - Render timeout for hihat_hihat_splash_soft_quarter_open_260
2025-07-22 20:55:13,820 - ERROR - Failed to process hihat_hihat_splash_soft_quarter_open_260.mid: Failed to render audio
2025-07-22 20:55:13,820 - INFO - Progress: 52.0% (301/579)
2025-07-22 20:55:14,321 - INFO - Processing 302/579: hihat_hihat_splash_soft_slightly_open_259.mid
2025-07-22 20:55:14,321 - INFO - Processing MIDI file: hihat_hihat_splash_soft_slightly_open_259.mid
2025-07-22 20:55:14,321 - INFO - Loading MIDI file: hihat_hihat_splash_soft_slightly_open_259.mid
2025-07-22 20:55:20,706 - INFO - MIDI file loaded: hihat_hihat_splash_soft_slightly_open_259.mid
2025-07-22 20:55:20,706 - INFO - Rendering audio: hihat_hihat_splash_soft_slightly_open_259
2025-07-22 20:55:55,114 - ERROR - Render timeout for hihat_hihat_splash_soft_slightly_open_259
2025-07-22 20:55:55,120 - ERROR - Failed to process hihat_hihat_splash_soft_slightly_open_259.mid: Failed to render audio
2025-07-22 20:55:55,120 - INFO - Progress: 52.2% (302/579)
2025-07-22 20:55:55,621 - INFO - Processing 303/579: hihat_hihat_splash_soft_three_quarter_open_262.mid
2025-07-22 20:55:55,621 - INFO - Processing MIDI file: hihat_hihat_splash_soft_three_quarter_open_262.mid
2025-07-22 20:55:55,621 - INFO - Loading MIDI file: hihat_hihat_splash_soft_three_quarter_open_262.mid
2025-07-22 20:56:02,013 - INFO - MIDI file loaded: hihat_hihat_splash_soft_three_quarter_open_262.mid
2025-07-22 20:56:02,013 - INFO - Rendering audio: hihat_hihat_splash_soft_three_quarter_open_262
2025-07-22 20:56:36,418 - ERROR - Render timeout for hihat_hihat_splash_soft_three_quarter_open_262
2025-07-22 20:56:36,424 - ERROR - Failed to process hihat_hihat_splash_soft_three_quarter_open_262.mid: Failed to render audio
2025-07-22 20:56:36,424 - INFO - Progress: 52.3% (303/579)
2025-07-22 20:56:36,924 - INFO - Processing 304/579: hihat_hihat_tight_accent_closed_330.mid
2025-07-22 20:56:36,924 - INFO - Processing MIDI file: hihat_hihat_tight_accent_closed_330.mid
2025-07-22 20:56:36,925 - INFO - Loading MIDI file: hihat_hihat_tight_accent_closed_330.mid
2025-07-22 20:56:43,304 - INFO - MIDI file loaded: hihat_hihat_tight_accent_closed_330.mid
2025-07-22 20:56:43,304 - INFO - Rendering audio: hihat_hihat_tight_accent_closed_330
2025-07-22 20:57:17,698 - ERROR - Render timeout for hihat_hihat_tight_accent_closed_330
2025-07-22 20:57:17,703 - ERROR - Failed to process hihat_hihat_tight_accent_closed_330.mid: Failed to render audio
2025-07-22 20:57:17,703 - INFO - Progress: 52.5% (304/579)
2025-07-22 20:57:18,204 - INFO - Processing 305/579: hihat_hihat_tight_accent_fully_open_335.mid
2025-07-22 20:57:18,204 - INFO - Processing MIDI file: hihat_hihat_tight_accent_fully_open_335.mid
2025-07-22 20:57:18,205 - INFO - Loading MIDI file: hihat_hihat_tight_accent_fully_open_335.mid
2025-07-22 20:57:24,586 - INFO - MIDI file loaded: hihat_hihat_tight_accent_fully_open_335.mid
2025-07-22 20:57:24,586 - INFO - Rendering audio: hihat_hihat_tight_accent_fully_open_335
2025-07-22 20:57:58,986 - ERROR - Render timeout for hihat_hihat_tight_accent_fully_open_335
2025-07-22 20:57:58,992 - ERROR - Failed to process hihat_hihat_tight_accent_fully_open_335.mid: Failed to render audio
2025-07-22 20:57:58,992 - INFO - Progress: 52.7% (305/579)
2025-07-22 20:57:59,493 - INFO - Processing 306/579: hihat_hihat_tight_accent_half_open_333.mid
2025-07-22 20:57:59,493 - INFO - Processing MIDI file: hihat_hihat_tight_accent_half_open_333.mid
2025-07-22 20:57:59,494 - INFO - Loading MIDI file: hihat_hihat_tight_accent_half_open_333.mid
2025-07-22 20:58:05,873 - INFO - MIDI file loaded: hihat_hihat_tight_accent_half_open_333.mid
2025-07-22 20:58:05,874 - INFO - Rendering audio: hihat_hihat_tight_accent_half_open_333
2025-07-22 20:58:40,273 - ERROR - Render timeout for hihat_hihat_tight_accent_half_open_333
2025-07-22 20:58:40,278 - ERROR - Failed to process hihat_hihat_tight_accent_half_open_333.mid: Failed to render audio
2025-07-22 20:58:40,278 - INFO - Progress: 52.8% (306/579)
2025-07-22 20:58:40,779 - INFO - Processing 307/579: hihat_hihat_tight_accent_quarter_open_332.mid
2025-07-22 20:58:40,779 - INFO - Processing MIDI file: hihat_hihat_tight_accent_quarter_open_332.mid
2025-07-22 20:58:40,779 - INFO - Loading MIDI file: hihat_hihat_tight_accent_quarter_open_332.mid
2025-07-22 20:58:47,164 - INFO - MIDI file loaded: hihat_hihat_tight_accent_quarter_open_332.mid
2025-07-22 20:58:47,165 - INFO - Rendering audio: hihat_hihat_tight_accent_quarter_open_332
2025-07-22 20:59:21,569 - ERROR - Render timeout for hihat_hihat_tight_accent_quarter_open_332
2025-07-22 20:59:21,574 - ERROR - Failed to process hihat_hihat_tight_accent_quarter_open_332.mid: Failed to render audio
2025-07-22 20:59:21,574 - INFO - Progress: 53.0% (307/579)
2025-07-22 20:59:22,076 - INFO - Processing 308/579: hihat_hihat_tight_accent_slightly_open_331.mid
2025-07-22 20:59:22,076 - INFO - Processing MIDI file: hihat_hihat_tight_accent_slightly_open_331.mid
2025-07-22 20:59:22,076 - INFO - Loading MIDI file: hihat_hihat_tight_accent_slightly_open_331.mid
2025-07-22 20:59:28,461 - INFO - MIDI file loaded: hihat_hihat_tight_accent_slightly_open_331.mid
2025-07-22 20:59:28,461 - INFO - Rendering audio: hihat_hihat_tight_accent_slightly_open_331
2025-07-22 21:00:02,867 - ERROR - Render timeout for hihat_hihat_tight_accent_slightly_open_331
2025-07-22 21:00:02,873 - ERROR - Failed to process hihat_hihat_tight_accent_slightly_open_331.mid: Failed to render audio
2025-07-22 21:00:02,873 - INFO - Progress: 53.2% (308/579)
2025-07-22 21:00:03,374 - INFO - Processing 309/579: hihat_hihat_tight_accent_three_quarter_open_334.mid
2025-07-22 21:00:03,375 - INFO - Processing MIDI file: hihat_hihat_tight_accent_three_quarter_open_334.mid
2025-07-22 21:00:03,375 - INFO - Loading MIDI file: hihat_hihat_tight_accent_three_quarter_open_334.mid
2025-07-22 21:00:09,764 - INFO - MIDI file loaded: hihat_hihat_tight_accent_three_quarter_open_334.mid
2025-07-22 21:00:09,765 - INFO - Rendering audio: hihat_hihat_tight_accent_three_quarter_open_334
2025-07-22 21:00:44,175 - ERROR - Render timeout for hihat_hihat_tight_accent_three_quarter_open_334
2025-07-22 21:00:44,180 - ERROR - Failed to process hihat_hihat_tight_accent_three_quarter_open_334.mid: Failed to render audio
2025-07-22 21:00:44,180 - INFO - Progress: 53.4% (309/579)
2025-07-22 21:00:44,681 - INFO - Processing 310/579: hihat_hihat_tight_ghost_closed_294.mid
2025-07-22 21:00:44,681 - INFO - Processing MIDI file: hihat_hihat_tight_ghost_closed_294.mid
2025-07-22 21:00:44,682 - INFO - Loading MIDI file: hihat_hihat_tight_ghost_closed_294.mid
2025-07-22 21:00:51,061 - INFO - MIDI file loaded: hihat_hihat_tight_ghost_closed_294.mid
2025-07-22 21:00:51,062 - INFO - Rendering audio: hihat_hihat_tight_ghost_closed_294
2025-07-22 21:01:25,459 - ERROR - Render timeout for hihat_hihat_tight_ghost_closed_294
2025-07-22 21:01:25,464 - ERROR - Failed to process hihat_hihat_tight_ghost_closed_294.mid: Failed to render audio
2025-07-22 21:01:25,464 - INFO - Progress: 53.5% (310/579)
2025-07-22 21:01:25,964 - INFO - Processing 311/579: hihat_hihat_tight_ghost_fully_open_299.mid
2025-07-22 21:01:25,965 - INFO - Processing MIDI file: hihat_hihat_tight_ghost_fully_open_299.mid
2025-07-22 21:01:25,965 - INFO - Loading MIDI file: hihat_hihat_tight_ghost_fully_open_299.mid
2025-07-22 21:01:32,348 - INFO - MIDI file loaded: hihat_hihat_tight_ghost_fully_open_299.mid
2025-07-22 21:01:32,348 - INFO - Rendering audio: hihat_hihat_tight_ghost_fully_open_299
2025-07-22 21:02:06,745 - ERROR - Render timeout for hihat_hihat_tight_ghost_fully_open_299
2025-07-22 21:02:06,751 - ERROR - Failed to process hihat_hihat_tight_ghost_fully_open_299.mid: Failed to render audio
2025-07-22 21:02:06,751 - INFO - Progress: 53.7% (311/579)
2025-07-22 21:02:07,251 - INFO - Processing 312/579: hihat_hihat_tight_ghost_half_open_297.mid
2025-07-22 21:02:07,252 - INFO - Processing MIDI file: hihat_hihat_tight_ghost_half_open_297.mid
2025-07-22 21:02:07,252 - INFO - Loading MIDI file: hihat_hihat_tight_ghost_half_open_297.mid
2025-07-22 21:02:13,632 - INFO - MIDI file loaded: hihat_hihat_tight_ghost_half_open_297.mid
2025-07-22 21:02:13,632 - INFO - Rendering audio: hihat_hihat_tight_ghost_half_open_297
2025-07-22 21:02:48,033 - ERROR - Render timeout for hihat_hihat_tight_ghost_half_open_297
2025-07-22 21:02:48,038 - ERROR - Failed to process hihat_hihat_tight_ghost_half_open_297.mid: Failed to render audio
2025-07-22 21:02:48,039 - INFO - Progress: 53.9% (312/579)
2025-07-22 21:02:48,539 - INFO - Processing 313/579: hihat_hihat_tight_ghost_quarter_open_296.mid
2025-07-22 21:02:48,540 - INFO - Processing MIDI file: hihat_hihat_tight_ghost_quarter_open_296.mid
2025-07-22 21:02:48,540 - INFO - Loading MIDI file: hihat_hihat_tight_ghost_quarter_open_296.mid
2025-07-22 21:02:54,923 - INFO - MIDI file loaded: hihat_hihat_tight_ghost_quarter_open_296.mid
2025-07-22 21:02:54,923 - INFO - Rendering audio: hihat_hihat_tight_ghost_quarter_open_296
2025-07-22 21:03:29,322 - ERROR - Render timeout for hihat_hihat_tight_ghost_quarter_open_296
2025-07-22 21:03:29,327 - ERROR - Failed to process hihat_hihat_tight_ghost_quarter_open_296.mid: Failed to render audio
2025-07-22 21:03:29,327 - INFO - Progress: 54.1% (313/579)
2025-07-22 21:03:29,828 - INFO - Processing 314/579: hihat_hihat_tight_ghost_slightly_open_295.mid
2025-07-22 21:03:29,828 - INFO - Processing MIDI file: hihat_hihat_tight_ghost_slightly_open_295.mid
2025-07-22 21:03:29,828 - INFO - Loading MIDI file: hihat_hihat_tight_ghost_slightly_open_295.mid
2025-07-22 21:03:36,214 - INFO - MIDI file loaded: hihat_hihat_tight_ghost_slightly_open_295.mid
2025-07-22 21:03:36,214 - INFO - Rendering audio: hihat_hihat_tight_ghost_slightly_open_295
2025-07-22 21:04:10,617 - ERROR - Render timeout for hihat_hihat_tight_ghost_slightly_open_295
2025-07-22 21:04:10,623 - ERROR - Failed to process hihat_hihat_tight_ghost_slightly_open_295.mid: Failed to render audio
2025-07-22 21:04:10,623 - INFO - Progress: 54.2% (314/579)
2025-07-22 21:04:11,124 - INFO - Processing 315/579: hihat_hihat_tight_ghost_three_quarter_open_298.mid
2025-07-22 21:04:11,124 - INFO - Processing MIDI file: hihat_hihat_tight_ghost_three_quarter_open_298.mid
2025-07-22 21:04:11,124 - INFO - Loading MIDI file: hihat_hihat_tight_ghost_three_quarter_open_298.mid
2025-07-22 21:04:17,526 - INFO - MIDI file loaded: hihat_hihat_tight_ghost_three_quarter_open_298.mid
2025-07-22 21:04:17,527 - INFO - Rendering audio: hihat_hihat_tight_ghost_three_quarter_open_298
2025-07-22 21:04:51,937 - ERROR - Render timeout for hihat_hihat_tight_ghost_three_quarter_open_298
2025-07-22 21:04:51,942 - ERROR - Failed to process hihat_hihat_tight_ghost_three_quarter_open_298.mid: Failed to render audio
2025-07-22 21:04:51,942 - INFO - Progress: 54.4% (315/579)
2025-07-22 21:04:52,443 - INFO - Processing 316/579: hihat_hihat_tight_hard_closed_324.mid
2025-07-22 21:04:52,443 - INFO - Processing MIDI file: hihat_hihat_tight_hard_closed_324.mid
2025-07-22 21:04:52,443 - INFO - Loading MIDI file: hihat_hihat_tight_hard_closed_324.mid
2025-07-22 21:04:58,826 - INFO - MIDI file loaded: hihat_hihat_tight_hard_closed_324.mid
2025-07-22 21:04:58,826 - INFO - Rendering audio: hihat_hihat_tight_hard_closed_324
2025-07-22 21:05:33,225 - ERROR - Render timeout for hihat_hihat_tight_hard_closed_324
2025-07-22 21:05:33,231 - ERROR - Failed to process hihat_hihat_tight_hard_closed_324.mid: Failed to render audio
2025-07-22 21:05:33,231 - INFO - Progress: 54.6% (316/579)
2025-07-22 21:05:33,731 - INFO - Processing 317/579: hihat_hihat_tight_hard_fully_open_329.mid
2025-07-22 21:05:33,732 - INFO - Processing MIDI file: hihat_hihat_tight_hard_fully_open_329.mid
2025-07-22 21:05:33,732 - INFO - Loading MIDI file: hihat_hihat_tight_hard_fully_open_329.mid
2025-07-22 21:05:40,114 - INFO - MIDI file loaded: hihat_hihat_tight_hard_fully_open_329.mid
2025-07-22 21:05:40,115 - INFO - Rendering audio: hihat_hihat_tight_hard_fully_open_329
2025-07-22 21:06:14,515 - ERROR - Render timeout for hihat_hihat_tight_hard_fully_open_329
2025-07-22 21:06:14,522 - ERROR - Failed to process hihat_hihat_tight_hard_fully_open_329.mid: Failed to render audio
2025-07-22 21:06:14,522 - INFO - Progress: 54.7% (317/579)
2025-07-22 21:06:15,022 - INFO - Processing 318/579: hihat_hihat_tight_hard_half_open_327.mid
2025-07-22 21:06:15,023 - INFO - Processing MIDI file: hihat_hihat_tight_hard_half_open_327.mid
2025-07-22 21:06:15,023 - INFO - Loading MIDI file: hihat_hihat_tight_hard_half_open_327.mid
2025-07-22 21:06:21,404 - INFO - MIDI file loaded: hihat_hihat_tight_hard_half_open_327.mid
2025-07-22 21:06:21,405 - INFO - Rendering audio: hihat_hihat_tight_hard_half_open_327
2025-07-22 21:06:55,800 - ERROR - Render timeout for hihat_hihat_tight_hard_half_open_327
2025-07-22 21:06:55,805 - ERROR - Failed to process hihat_hihat_tight_hard_half_open_327.mid: Failed to render audio
2025-07-22 21:06:55,805 - INFO - Progress: 54.9% (318/579)
2025-07-22 21:06:56,306 - INFO - Processing 319/579: hihat_hihat_tight_hard_quarter_open_326.mid
2025-07-22 21:06:56,306 - INFO - Processing MIDI file: hihat_hihat_tight_hard_quarter_open_326.mid
2025-07-22 21:06:56,307 - INFO - Loading MIDI file: hihat_hihat_tight_hard_quarter_open_326.mid
2025-07-22 21:07:02,689 - INFO - MIDI file loaded: hihat_hihat_tight_hard_quarter_open_326.mid
2025-07-22 21:07:02,689 - INFO - Rendering audio: hihat_hihat_tight_hard_quarter_open_326
2025-07-22 21:07:37,089 - ERROR - Render timeout for hihat_hihat_tight_hard_quarter_open_326
2025-07-22 21:07:37,095 - ERROR - Failed to process hihat_hihat_tight_hard_quarter_open_326.mid: Failed to render audio
2025-07-22 21:07:37,095 - INFO - Progress: 55.1% (319/579)
2025-07-22 21:07:37,596 - INFO - Processing 320/579: hihat_hihat_tight_hard_slightly_open_325.mid
2025-07-22 21:07:37,596 - INFO - Processing MIDI file: hihat_hihat_tight_hard_slightly_open_325.mid
2025-07-22 21:07:37,597 - INFO - Loading MIDI file: hihat_hihat_tight_hard_slightly_open_325.mid
2025-07-22 21:07:43,980 - INFO - MIDI file loaded: hihat_hihat_tight_hard_slightly_open_325.mid
2025-07-22 21:07:43,980 - INFO - Rendering audio: hihat_hihat_tight_hard_slightly_open_325
2025-07-22 21:08:18,380 - ERROR - Render timeout for hihat_hihat_tight_hard_slightly_open_325
2025-07-22 21:08:18,386 - ERROR - Failed to process hihat_hihat_tight_hard_slightly_open_325.mid: Failed to render audio
2025-07-22 21:08:18,386 - INFO - Progress: 55.3% (320/579)
2025-07-22 21:08:18,886 - INFO - Processing 321/579: hihat_hihat_tight_hard_three_quarter_open_328.mid
2025-07-22 21:08:18,887 - INFO - Processing MIDI file: hihat_hihat_tight_hard_three_quarter_open_328.mid
2025-07-22 21:08:18,887 - INFO - Loading MIDI file: hihat_hihat_tight_hard_three_quarter_open_328.mid
2025-07-22 21:08:25,274 - INFO - MIDI file loaded: hihat_hihat_tight_hard_three_quarter_open_328.mid
2025-07-22 21:08:25,274 - INFO - Rendering audio: hihat_hihat_tight_hard_three_quarter_open_328
2025-07-22 21:08:59,680 - ERROR - Render timeout for hihat_hihat_tight_hard_three_quarter_open_328
2025-07-22 21:08:59,686 - ERROR - Failed to process hihat_hihat_tight_hard_three_quarter_open_328.mid: Failed to render audio
2025-07-22 21:08:59,686 - INFO - Progress: 55.4% (321/579)
2025-07-22 21:09:00,187 - INFO - Processing 322/579: hihat_hihat_tight_medium_closed_312.mid
2025-07-22 21:09:00,187 - INFO - Processing MIDI file: hihat_hihat_tight_medium_closed_312.mid
2025-07-22 21:09:00,187 - INFO - Loading MIDI file: hihat_hihat_tight_medium_closed_312.mid
2025-07-22 21:09:06,566 - INFO - MIDI file loaded: hihat_hihat_tight_medium_closed_312.mid
2025-07-22 21:09:06,566 - INFO - Rendering audio: hihat_hihat_tight_medium_closed_312
2025-07-22 21:09:40,965 - ERROR - Render timeout for hihat_hihat_tight_medium_closed_312
2025-07-22 21:09:40,970 - ERROR - Failed to process hihat_hihat_tight_medium_closed_312.mid: Failed to render audio
2025-07-22 21:09:40,970 - INFO - Progress: 55.6% (322/579)
2025-07-22 21:09:41,471 - INFO - Processing 323/579: hihat_hihat_tight_medium_fully_open_317.mid
2025-07-22 21:09:41,471 - INFO - Processing MIDI file: hihat_hihat_tight_medium_fully_open_317.mid
2025-07-22 21:09:41,471 - INFO - Loading MIDI file: hihat_hihat_tight_medium_fully_open_317.mid
2025-07-22 21:09:47,855 - INFO - MIDI file loaded: hihat_hihat_tight_medium_fully_open_317.mid
2025-07-22 21:09:47,855 - INFO - Rendering audio: hihat_hihat_tight_medium_fully_open_317
2025-07-22 21:10:22,255 - ERROR - Render timeout for hihat_hihat_tight_medium_fully_open_317
2025-07-22 21:10:22,261 - ERROR - Failed to process hihat_hihat_tight_medium_fully_open_317.mid: Failed to render audio
2025-07-22 21:10:22,261 - INFO - Progress: 55.8% (323/579)
2025-07-22 21:10:22,762 - INFO - Processing 324/579: hihat_hihat_tight_medium_half_open_315.mid
2025-07-22 21:10:22,762 - INFO - Processing MIDI file: hihat_hihat_tight_medium_half_open_315.mid
2025-07-22 21:10:22,763 - INFO - Loading MIDI file: hihat_hihat_tight_medium_half_open_315.mid
2025-07-22 21:10:29,144 - INFO - MIDI file loaded: hihat_hihat_tight_medium_half_open_315.mid
2025-07-22 21:10:29,144 - INFO - Rendering audio: hihat_hihat_tight_medium_half_open_315
2025-07-22 21:11:03,541 - ERROR - Render timeout for hihat_hihat_tight_medium_half_open_315
2025-07-22 21:11:03,547 - ERROR - Failed to process hihat_hihat_tight_medium_half_open_315.mid: Failed to render audio
2025-07-22 21:11:03,547 - INFO - Progress: 56.0% (324/579)
2025-07-22 21:11:04,047 - INFO - Processing 325/579: hihat_hihat_tight_medium_hard_closed_318.mid
2025-07-22 21:11:04,048 - INFO - Processing MIDI file: hihat_hihat_tight_medium_hard_closed_318.mid
2025-07-22 21:11:04,048 - INFO - Loading MIDI file: hihat_hihat_tight_medium_hard_closed_318.mid
2025-07-22 21:11:10,433 - INFO - MIDI file loaded: hihat_hihat_tight_medium_hard_closed_318.mid
2025-07-22 21:11:10,433 - INFO - Rendering audio: hihat_hihat_tight_medium_hard_closed_318
2025-07-22 21:11:44,834 - ERROR - Render timeout for hihat_hihat_tight_medium_hard_closed_318
2025-07-22 21:11:44,839 - ERROR - Failed to process hihat_hihat_tight_medium_hard_closed_318.mid: Failed to render audio
2025-07-22 21:11:44,840 - INFO - Progress: 56.1% (325/579)
2025-07-22 21:11:45,340 - INFO - Processing 326/579: hihat_hihat_tight_medium_hard_fully_open_323.mid
2025-07-22 21:11:45,341 - INFO - Processing MIDI file: hihat_hihat_tight_medium_hard_fully_open_323.mid
2025-07-22 21:11:45,341 - INFO - Loading MIDI file: hihat_hihat_tight_medium_hard_fully_open_323.mid
2025-07-22 21:11:51,730 - INFO - MIDI file loaded: hihat_hihat_tight_medium_hard_fully_open_323.mid
2025-07-22 21:11:51,730 - INFO - Rendering audio: hihat_hihat_tight_medium_hard_fully_open_323
2025-07-22 21:12:26,133 - ERROR - Render timeout for hihat_hihat_tight_medium_hard_fully_open_323
2025-07-22 21:12:26,138 - ERROR - Failed to process hihat_hihat_tight_medium_hard_fully_open_323.mid: Failed to render audio
2025-07-22 21:12:26,139 - INFO - Progress: 56.3% (326/579)
2025-07-22 21:12:26,639 - INFO - Processing 327/579: hihat_hihat_tight_medium_hard_half_open_321.mid
2025-07-22 21:12:26,640 - INFO - Processing MIDI file: hihat_hihat_tight_medium_hard_half_open_321.mid
2025-07-22 21:12:26,640 - INFO - Loading MIDI file: hihat_hihat_tight_medium_hard_half_open_321.mid
2025-07-22 21:12:33,026 - INFO - MIDI file loaded: hihat_hihat_tight_medium_hard_half_open_321.mid
2025-07-22 21:12:33,027 - INFO - Rendering audio: hihat_hihat_tight_medium_hard_half_open_321
2025-07-22 21:13:07,430 - ERROR - Render timeout for hihat_hihat_tight_medium_hard_half_open_321
2025-07-22 21:13:07,436 - ERROR - Failed to process hihat_hihat_tight_medium_hard_half_open_321.mid: Failed to render audio
2025-07-22 21:13:07,436 - INFO - Progress: 56.5% (327/579)
2025-07-22 21:13:07,937 - INFO - Processing 328/579: hihat_hihat_tight_medium_hard_quarter_open_320.mid
2025-07-22 21:13:07,937 - INFO - Processing MIDI file: hihat_hihat_tight_medium_hard_quarter_open_320.mid
2025-07-22 21:13:07,938 - INFO - Loading MIDI file: hihat_hihat_tight_medium_hard_quarter_open_320.mid
2025-07-22 21:13:14,327 - INFO - MIDI file loaded: hihat_hihat_tight_medium_hard_quarter_open_320.mid
2025-07-22 21:13:14,328 - INFO - Rendering audio: hihat_hihat_tight_medium_hard_quarter_open_320
2025-07-22 21:13:48,734 - ERROR - Render timeout for hihat_hihat_tight_medium_hard_quarter_open_320
2025-07-22 21:13:48,739 - ERROR - Failed to process hihat_hihat_tight_medium_hard_quarter_open_320.mid: Failed to render audio
2025-07-22 21:13:48,739 - INFO - Progress: 56.6% (328/579)
2025-07-22 21:13:49,240 - INFO - Processing 329/579: hihat_hihat_tight_medium_hard_slightly_open_319.mid
2025-07-22 21:13:49,240 - INFO - Processing MIDI file: hihat_hihat_tight_medium_hard_slightly_open_319.mid
2025-07-22 21:13:49,241 - INFO - Loading MIDI file: hihat_hihat_tight_medium_hard_slightly_open_319.mid
2025-07-22 21:13:55,631 - INFO - MIDI file loaded: hihat_hihat_tight_medium_hard_slightly_open_319.mid
2025-07-22 21:13:55,631 - INFO - Rendering audio: hihat_hihat_tight_medium_hard_slightly_open_319
2025-07-22 21:14:30,040 - ERROR - Render timeout for hihat_hihat_tight_medium_hard_slightly_open_319
2025-07-22 21:14:30,046 - ERROR - Failed to process hihat_hihat_tight_medium_hard_slightly_open_319.mid: Failed to render audio
2025-07-22 21:14:30,046 - INFO - Progress: 56.8% (329/579)
2025-07-22 21:14:30,546 - INFO - Processing 330/579: hihat_hihat_tight_medium_hard_three_quarter_open_322.mid
2025-07-22 21:14:30,547 - INFO - Processing MIDI file: hihat_hihat_tight_medium_hard_three_quarter_open_322.mid
2025-07-22 21:14:30,547 - INFO - Loading MIDI file: hihat_hihat_tight_medium_hard_three_quarter_open_322.mid
2025-07-22 21:14:36,940 - INFO - MIDI file loaded: hihat_hihat_tight_medium_hard_three_quarter_open_322.mid
2025-07-22 21:14:36,940 - INFO - Rendering audio: hihat_hihat_tight_medium_hard_three_quarter_open_322
2025-07-22 21:15:11,351 - ERROR - Render timeout for hihat_hihat_tight_medium_hard_three_quarter_open_322
2025-07-22 21:15:11,357 - ERROR - Failed to process hihat_hihat_tight_medium_hard_three_quarter_open_322.mid: Failed to render audio
2025-07-22 21:15:11,357 - INFO - Progress: 57.0% (330/579)
2025-07-22 21:15:11,858 - INFO - Processing 331/579: hihat_hihat_tight_medium_quarter_open_314.mid
2025-07-22 21:15:11,858 - INFO - Processing MIDI file: hihat_hihat_tight_medium_quarter_open_314.mid
2025-07-22 21:15:11,858 - INFO - Loading MIDI file: hihat_hihat_tight_medium_quarter_open_314.mid
2025-07-22 21:15:18,241 - INFO - MIDI file loaded: hihat_hihat_tight_medium_quarter_open_314.mid
2025-07-22 21:15:18,241 - INFO - Rendering audio: hihat_hihat_tight_medium_quarter_open_314
2025-07-22 21:15:52,644 - ERROR - Render timeout for hihat_hihat_tight_medium_quarter_open_314
2025-07-22 21:15:52,650 - ERROR - Failed to process hihat_hihat_tight_medium_quarter_open_314.mid: Failed to render audio
2025-07-22 21:15:52,650 - INFO - Progress: 57.2% (331/579)
2025-07-22 21:15:53,151 - INFO - Processing 332/579: hihat_hihat_tight_medium_slightly_open_313.mid
2025-07-22 21:15:53,151 - INFO - Processing MIDI file: hihat_hihat_tight_medium_slightly_open_313.mid
2025-07-22 21:15:53,151 - INFO - Loading MIDI file: hihat_hihat_tight_medium_slightly_open_313.mid
2025-07-22 21:15:59,535 - INFO - MIDI file loaded: hihat_hihat_tight_medium_slightly_open_313.mid
2025-07-22 21:15:59,536 - INFO - Rendering audio: hihat_hihat_tight_medium_slightly_open_313
2025-07-22 21:16:33,939 - ERROR - Render timeout for hihat_hihat_tight_medium_slightly_open_313
2025-07-22 21:16:33,946 - ERROR - Failed to process hihat_hihat_tight_medium_slightly_open_313.mid: Failed to render audio
2025-07-22 21:16:33,946 - INFO - Progress: 57.3% (332/579)
2025-07-22 21:16:34,446 - INFO - Processing 333/579: hihat_hihat_tight_medium_soft_closed_306.mid
2025-07-22 21:16:34,447 - INFO - Processing MIDI file: hihat_hihat_tight_medium_soft_closed_306.mid
2025-07-22 21:16:34,447 - INFO - Loading MIDI file: hihat_hihat_tight_medium_soft_closed_306.mid
2025-07-22 21:16:40,830 - INFO - MIDI file loaded: hihat_hihat_tight_medium_soft_closed_306.mid
2025-07-22 21:16:40,831 - INFO - Rendering audio: hihat_hihat_tight_medium_soft_closed_306
2025-07-22 21:17:15,241 - ERROR - Render timeout for hihat_hihat_tight_medium_soft_closed_306
2025-07-22 21:17:15,247 - ERROR - Failed to process hihat_hihat_tight_medium_soft_closed_306.mid: Failed to render audio
2025-07-22 21:17:15,247 - INFO - Progress: 57.5% (333/579)
2025-07-22 21:17:15,748 - INFO - Processing 334/579: hihat_hihat_tight_medium_soft_fully_open_311.mid
2025-07-22 21:17:15,748 - INFO - Processing MIDI file: hihat_hihat_tight_medium_soft_fully_open_311.mid
2025-07-22 21:17:15,748 - INFO - Loading MIDI file: hihat_hihat_tight_medium_soft_fully_open_311.mid
2025-07-22 21:17:22,133 - INFO - MIDI file loaded: hihat_hihat_tight_medium_soft_fully_open_311.mid
2025-07-22 21:17:22,133 - INFO - Rendering audio: hihat_hihat_tight_medium_soft_fully_open_311
2025-07-22 21:17:56,537 - ERROR - Render timeout for hihat_hihat_tight_medium_soft_fully_open_311
2025-07-22 21:17:56,542 - ERROR - Failed to process hihat_hihat_tight_medium_soft_fully_open_311.mid: Failed to render audio
2025-07-22 21:17:56,543 - INFO - Progress: 57.7% (334/579)
2025-07-22 21:17:57,043 - INFO - Processing 335/579: hihat_hihat_tight_medium_soft_half_open_309.mid
2025-07-22 21:17:57,043 - INFO - Processing MIDI file: hihat_hihat_tight_medium_soft_half_open_309.mid
2025-07-22 21:17:57,043 - INFO - Loading MIDI file: hihat_hihat_tight_medium_soft_half_open_309.mid
2025-07-22 21:18:03,428 - INFO - MIDI file loaded: hihat_hihat_tight_medium_soft_half_open_309.mid
2025-07-22 21:18:03,428 - INFO - Rendering audio: hihat_hihat_tight_medium_soft_half_open_309
2025-07-22 21:18:37,835 - ERROR - Render timeout for hihat_hihat_tight_medium_soft_half_open_309
2025-07-22 21:18:37,843 - ERROR - Failed to process hihat_hihat_tight_medium_soft_half_open_309.mid: Failed to render audio
2025-07-22 21:18:37,844 - INFO - Progress: 57.9% (335/579)
2025-07-22 21:18:38,345 - INFO - Processing 336/579: hihat_hihat_tight_medium_soft_quarter_open_308.mid
2025-07-22 21:18:38,345 - INFO - Processing MIDI file: hihat_hihat_tight_medium_soft_quarter_open_308.mid
2025-07-22 21:18:38,346 - INFO - Loading MIDI file: hihat_hihat_tight_medium_soft_quarter_open_308.mid
2025-07-22 21:18:44,734 - INFO - MIDI file loaded: hihat_hihat_tight_medium_soft_quarter_open_308.mid
2025-07-22 21:18:44,734 - INFO - Rendering audio: hihat_hihat_tight_medium_soft_quarter_open_308
2025-07-22 21:19:19,140 - ERROR - Render timeout for hihat_hihat_tight_medium_soft_quarter_open_308
2025-07-22 21:19:19,146 - ERROR - Failed to process hihat_hihat_tight_medium_soft_quarter_open_308.mid: Failed to render audio
2025-07-22 21:19:19,146 - INFO - Progress: 58.0% (336/579)
2025-07-22 21:19:19,647 - INFO - Processing 337/579: hihat_hihat_tight_medium_soft_slightly_open_307.mid
2025-07-22 21:19:19,647 - INFO - Processing MIDI file: hihat_hihat_tight_medium_soft_slightly_open_307.mid
2025-07-22 21:19:19,647 - INFO - Loading MIDI file: hihat_hihat_tight_medium_soft_slightly_open_307.mid
2025-07-22 21:19:26,035 - INFO - MIDI file loaded: hihat_hihat_tight_medium_soft_slightly_open_307.mid
2025-07-22 21:19:26,036 - INFO - Rendering audio: hihat_hihat_tight_medium_soft_slightly_open_307
2025-07-22 21:20:00,441 - ERROR - Render timeout for hihat_hihat_tight_medium_soft_slightly_open_307
2025-07-22 21:20:00,447 - ERROR - Failed to process hihat_hihat_tight_medium_soft_slightly_open_307.mid: Failed to render audio
2025-07-22 21:20:00,447 - INFO - Progress: 58.2% (337/579)
2025-07-22 21:20:00,947 - INFO - Processing 338/579: hihat_hihat_tight_medium_soft_three_quarter_open_310.mid
2025-07-22 21:20:00,948 - INFO - Processing MIDI file: hihat_hihat_tight_medium_soft_three_quarter_open_310.mid
2025-07-22 21:20:00,948 - INFO - Loading MIDI file: hihat_hihat_tight_medium_soft_three_quarter_open_310.mid
2025-07-22 21:20:07,342 - INFO - MIDI file loaded: hihat_hihat_tight_medium_soft_three_quarter_open_310.mid
2025-07-22 21:20:07,342 - INFO - Rendering audio: hihat_hihat_tight_medium_soft_three_quarter_open_310
2025-07-22 21:20:41,752 - ERROR - Render timeout for hihat_hihat_tight_medium_soft_three_quarter_open_310
2025-07-22 21:20:41,758 - ERROR - Failed to process hihat_hihat_tight_medium_soft_three_quarter_open_310.mid: Failed to render audio
2025-07-22 21:20:41,758 - INFO - Progress: 58.4% (338/579)
2025-07-22 21:20:42,258 - INFO - Processing 339/579: hihat_hihat_tight_medium_three_quarter_open_316.mid
2025-07-22 21:20:42,258 - INFO - Processing MIDI file: hihat_hihat_tight_medium_three_quarter_open_316.mid
2025-07-22 21:20:42,259 - INFO - Loading MIDI file: hihat_hihat_tight_medium_three_quarter_open_316.mid
2025-07-22 21:20:48,649 - INFO - MIDI file loaded: hihat_hihat_tight_medium_three_quarter_open_316.mid
2025-07-22 21:20:48,649 - INFO - Rendering audio: hihat_hihat_tight_medium_three_quarter_open_316
2025-07-22 21:21:23,053 - ERROR - Render timeout for hihat_hihat_tight_medium_three_quarter_open_316
2025-07-22 21:21:23,058 - ERROR - Failed to process hihat_hihat_tight_medium_three_quarter_open_316.mid: Failed to render audio
2025-07-22 21:21:23,058 - INFO - Progress: 58.5% (339/579)
2025-07-22 21:21:23,559 - INFO - Processing 340/579: hihat_hihat_tight_soft_closed_300.mid
2025-07-22 21:21:23,559 - INFO - Processing MIDI file: hihat_hihat_tight_soft_closed_300.mid
2025-07-22 21:21:23,560 - INFO - Loading MIDI file: hihat_hihat_tight_soft_closed_300.mid
2025-07-22 21:21:29,937 - INFO - MIDI file loaded: hihat_hihat_tight_soft_closed_300.mid
2025-07-22 21:21:29,937 - INFO - Rendering audio: hihat_hihat_tight_soft_closed_300
2025-07-22 21:22:04,332 - ERROR - Render timeout for hihat_hihat_tight_soft_closed_300
2025-07-22 21:22:04,337 - ERROR - Failed to process hihat_hihat_tight_soft_closed_300.mid: Failed to render audio
2025-07-22 21:22:04,338 - INFO - Progress: 58.7% (340/579)
2025-07-22 21:22:04,839 - INFO - Processing 341/579: hihat_hihat_tight_soft_fully_open_305.mid
2025-07-22 21:22:04,839 - INFO - Processing MIDI file: hihat_hihat_tight_soft_fully_open_305.mid
2025-07-22 21:22:04,839 - INFO - Loading MIDI file: hihat_hihat_tight_soft_fully_open_305.mid
2025-07-22 21:22:11,223 - INFO - MIDI file loaded: hihat_hihat_tight_soft_fully_open_305.mid
2025-07-22 21:22:11,224 - INFO - Rendering audio: hihat_hihat_tight_soft_fully_open_305
2025-07-22 21:22:45,623 - ERROR - Render timeout for hihat_hihat_tight_soft_fully_open_305
2025-07-22 21:22:45,629 - ERROR - Failed to process hihat_hihat_tight_soft_fully_open_305.mid: Failed to render audio
2025-07-22 21:22:45,629 - INFO - Progress: 58.9% (341/579)
2025-07-22 21:22:46,130 - INFO - Processing 342/579: hihat_hihat_tight_soft_half_open_303.mid
2025-07-22 21:22:46,130 - INFO - Processing MIDI file: hihat_hihat_tight_soft_half_open_303.mid
2025-07-22 21:22:46,131 - INFO - Loading MIDI file: hihat_hihat_tight_soft_half_open_303.mid
2025-07-22 21:22:52,512 - INFO - MIDI file loaded: hihat_hihat_tight_soft_half_open_303.mid
2025-07-22 21:22:52,512 - INFO - Rendering audio: hihat_hihat_tight_soft_half_open_303
2025-07-22 21:23:26,909 - ERROR - Render timeout for hihat_hihat_tight_soft_half_open_303
2025-07-22 21:23:26,914 - ERROR - Failed to process hihat_hihat_tight_soft_half_open_303.mid: Failed to render audio
2025-07-22 21:23:26,914 - INFO - Progress: 59.1% (342/579)
2025-07-22 21:23:27,415 - INFO - Processing 343/579: hihat_hihat_tight_soft_quarter_open_302.mid
2025-07-22 21:23:27,415 - INFO - Processing MIDI file: hihat_hihat_tight_soft_quarter_open_302.mid
2025-07-22 21:23:27,415 - INFO - Loading MIDI file: hihat_hihat_tight_soft_quarter_open_302.mid
2025-07-22 21:23:33,798 - INFO - MIDI file loaded: hihat_hihat_tight_soft_quarter_open_302.mid
2025-07-22 21:23:33,799 - INFO - Rendering audio: hihat_hihat_tight_soft_quarter_open_302
2025-07-22 21:24:08,197 - ERROR - Render timeout for hihat_hihat_tight_soft_quarter_open_302
2025-07-22 21:24:08,202 - ERROR - Failed to process hihat_hihat_tight_soft_quarter_open_302.mid: Failed to render audio
2025-07-22 21:24:08,203 - INFO - Progress: 59.2% (343/579)
2025-07-22 21:24:08,703 - INFO - Processing 344/579: hihat_hihat_tight_soft_slightly_open_301.mid
2025-07-22 21:24:08,704 - INFO - Processing MIDI file: hihat_hihat_tight_soft_slightly_open_301.mid
2025-07-22 21:24:08,704 - INFO - Loading MIDI file: hihat_hihat_tight_soft_slightly_open_301.mid
2025-07-22 21:24:15,088 - INFO - MIDI file loaded: hihat_hihat_tight_soft_slightly_open_301.mid
2025-07-22 21:24:15,089 - INFO - Rendering audio: hihat_hihat_tight_soft_slightly_open_301
2025-07-22 21:24:49,496 - ERROR - Render timeout for hihat_hihat_tight_soft_slightly_open_301
2025-07-22 21:24:49,502 - ERROR - Failed to process hihat_hihat_tight_soft_slightly_open_301.mid: Failed to render audio
2025-07-22 21:24:49,503 - INFO - Progress: 59.4% (344/579)
2025-07-22 21:24:50,003 - INFO - Processing 345/579: hihat_hihat_tight_soft_three_quarter_open_304.mid
2025-07-22 21:24:50,004 - INFO - Processing MIDI file: hihat_hihat_tight_soft_three_quarter_open_304.mid
2025-07-22 21:24:50,004 - INFO - Loading MIDI file: hihat_hihat_tight_soft_three_quarter_open_304.mid
2025-07-22 21:24:56,392 - INFO - MIDI file loaded: hihat_hihat_tight_soft_three_quarter_open_304.mid
2025-07-22 21:24:56,393 - INFO - Rendering audio: hihat_hihat_tight_soft_three_quarter_open_304
2025-07-22 21:25:30,798 - ERROR - Render timeout for hihat_hihat_tight_soft_three_quarter_open_304
2025-07-22 21:25:30,803 - ERROR - Failed to process hihat_hihat_tight_soft_three_quarter_open_304.mid: Failed to render audio
2025-07-22 21:25:30,803 - INFO - Progress: 59.6% (345/579)
2025-07-22 21:25:31,304 - INFO - Processing 346/579: kick_kick_center_hard_002.mid
2025-07-22 21:25:31,305 - INFO - Processing MIDI file: kick_kick_center_hard_002.mid
2025-07-22 21:25:31,305 - INFO - Loading MIDI file: kick_kick_center_hard_002.mid
2025-07-22 21:25:37,675 - INFO - MIDI file loaded: kick_kick_center_hard_002.mid
2025-07-22 21:25:37,675 - INFO - Rendering audio: kick_kick_center_hard_002
2025-07-22 21:26:12,064 - ERROR - Render timeout for kick_kick_center_hard_002
2025-07-22 21:26:12,069 - ERROR - Failed to process kick_kick_center_hard_002.mid: Failed to render audio
2025-07-22 21:26:12,069 - INFO - Progress: 59.8% (346/579)
2025-07-22 21:26:12,570 - INFO - Processing 347/579: kick_kick_center_medium_001.mid
2025-07-22 21:26:12,570 - INFO - Processing MIDI file: kick_kick_center_medium_001.mid
2025-07-22 21:26:12,570 - INFO - Loading MIDI file: kick_kick_center_medium_001.mid
2025-07-22 21:26:18,941 - INFO - MIDI file loaded: kick_kick_center_medium_001.mid
2025-07-22 21:26:18,942 - INFO - Rendering audio: kick_kick_center_medium_001
2025-07-22 21:26:53,334 - ERROR - Render timeout for kick_kick_center_medium_001
2025-07-22 21:26:53,340 - ERROR - Failed to process kick_kick_center_medium_001.mid: Failed to render audio
2025-07-22 21:26:53,340 - INFO - Progress: 59.9% (347/579)
2025-07-22 21:26:53,840 - INFO - Processing 348/579: kick_kick_center_soft_000.mid
2025-07-22 21:26:53,841 - INFO - Processing MIDI file: kick_kick_center_soft_000.mid
2025-07-22 21:26:53,841 - INFO - Loading MIDI file: kick_kick_center_soft_000.mid
2025-07-22 21:27:00,210 - INFO - MIDI file loaded: kick_kick_center_soft_000.mid
2025-07-22 21:27:00,211 - INFO - Rendering audio: kick_kick_center_soft_000
2025-07-22 21:27:34,599 - ERROR - Render timeout for kick_kick_center_soft_000
2025-07-22 21:27:34,605 - ERROR - Failed to process kick_kick_center_soft_000.mid: Failed to render audio
2025-07-22 21:27:34,606 - INFO - Progress: 60.1% (348/579)
2025-07-22 21:27:35,106 - INFO - Processing 349/579: kick_kick_edge_hard_005.mid
2025-07-22 21:27:35,106 - INFO - Processing MIDI file: kick_kick_edge_hard_005.mid
2025-07-22 21:27:35,107 - INFO - Loading MIDI file: kick_kick_edge_hard_005.mid
2025-07-22 21:27:41,476 - INFO - MIDI file loaded: kick_kick_edge_hard_005.mid
2025-07-22 21:27:41,476 - INFO - Rendering audio: kick_kick_edge_hard_005
2025-07-22 21:28:15,865 - ERROR - Render timeout for kick_kick_edge_hard_005
2025-07-22 21:28:15,872 - ERROR - Failed to process kick_kick_edge_hard_005.mid: Failed to render audio
2025-07-22 21:28:15,872 - INFO - Progress: 60.3% (349/579)
2025-07-22 21:28:16,372 - INFO - Processing 350/579: kick_kick_edge_medium_004.mid
2025-07-22 21:28:16,372 - INFO - Processing MIDI file: kick_kick_edge_medium_004.mid
2025-07-22 21:28:16,373 - INFO - Loading MIDI file: kick_kick_edge_medium_004.mid
2025-07-22 21:28:22,743 - INFO - MIDI file loaded: kick_kick_edge_medium_004.mid
2025-07-22 21:28:22,743 - INFO - Rendering audio: kick_kick_edge_medium_004
2025-07-22 21:28:57,131 - ERROR - Render timeout for kick_kick_edge_medium_004
2025-07-22 21:28:57,137 - ERROR - Failed to process kick_kick_edge_medium_004.mid: Failed to render audio
2025-07-22 21:28:57,137 - INFO - Progress: 60.4% (350/579)
2025-07-22 21:28:57,638 - INFO - Processing 351/579: kick_kick_edge_soft_003.mid
2025-07-22 21:28:57,638 - INFO - Processing MIDI file: kick_kick_edge_soft_003.mid
2025-07-22 21:28:57,638 - INFO - Loading MIDI file: kick_kick_edge_soft_003.mid
2025-07-22 21:29:04,006 - INFO - MIDI file loaded: kick_kick_edge_soft_003.mid
2025-07-22 21:29:04,007 - INFO - Rendering audio: kick_kick_edge_soft_003
2025-07-22 21:29:38,390 - ERROR - Render timeout for kick_kick_edge_soft_003
2025-07-22 21:29:38,396 - ERROR - Failed to process kick_kick_edge_soft_003.mid: Failed to render audio
2025-07-22 21:29:38,396 - INFO - Progress: 60.6% (351/579)
2025-07-22 21:29:38,896 - INFO - Processing 352/579: ride_ride_bell_crash_double_093.mid
2025-07-22 21:29:38,897 - INFO - Processing MIDI file: ride_ride_bell_crash_double_093.mid
2025-07-22 21:29:38,897 - INFO - Loading MIDI file: ride_ride_bell_crash_double_093.mid
2025-07-22 21:29:45,272 - INFO - MIDI file loaded: ride_ride_bell_crash_double_093.mid
2025-07-22 21:29:45,273 - INFO - Rendering audio: ride_ride_bell_crash_double_093
2025-07-22 21:30:19,668 - ERROR - Render timeout for ride_ride_bell_crash_double_093
2025-07-22 21:30:19,673 - ERROR - Failed to process ride_ride_bell_crash_double_093.mid: Failed to render audio
2025-07-22 21:30:19,674 - INFO - Progress: 60.8% (352/579)
2025-07-22 21:30:20,174 - INFO - Processing 353/579: ride_ride_bell_crash_single_092.mid
2025-07-22 21:30:20,174 - INFO - Processing MIDI file: ride_ride_bell_crash_single_092.mid
2025-07-22 21:30:20,175 - INFO - Loading MIDI file: ride_ride_bell_crash_single_092.mid
2025-07-22 21:30:26,549 - INFO - MIDI file loaded: ride_ride_bell_crash_single_092.mid
2025-07-22 21:30:26,550 - INFO - Rendering audio: ride_ride_bell_crash_single_092
2025-07-22 21:31:00,940 - ERROR - Render timeout for ride_ride_bell_crash_single_092
2025-07-22 21:31:00,946 - ERROR - Failed to process ride_ride_bell_crash_single_092.mid: Failed to render audio
2025-07-22 21:31:00,946 - INFO - Progress: 61.0% (353/579)
2025-07-22 21:31:01,447 - INFO - Processing 354/579: ride_ride_bell_crash_sustained_095.mid
2025-07-22 21:31:01,448 - INFO - Processing MIDI file: ride_ride_bell_crash_sustained_095.mid
2025-07-22 21:31:01,448 - INFO - Loading MIDI file: ride_ride_bell_crash_sustained_095.mid
2025-07-22 21:31:07,825 - INFO - MIDI file loaded: ride_ride_bell_crash_sustained_095.mid
2025-07-22 21:31:07,825 - INFO - Rendering audio: ride_ride_bell_crash_sustained_095
2025-07-22 21:31:42,222 - ERROR - Render timeout for ride_ride_bell_crash_sustained_095
2025-07-22 21:31:42,228 - ERROR - Failed to process ride_ride_bell_crash_sustained_095.mid: Failed to render audio
2025-07-22 21:31:42,228 - INFO - Progress: 61.1% (354/579)
2025-07-22 21:31:42,729 - INFO - Processing 355/579: ride_ride_bell_crash_triplet_094.mid
2025-07-22 21:31:42,729 - INFO - Processing MIDI file: ride_ride_bell_crash_triplet_094.mid
2025-07-22 21:31:42,730 - INFO - Loading MIDI file: ride_ride_bell_crash_triplet_094.mid
2025-07-22 21:31:49,105 - INFO - MIDI file loaded: ride_ride_bell_crash_triplet_094.mid
2025-07-22 21:31:49,105 - INFO - Rendering audio: ride_ride_bell_crash_triplet_094
2025-07-22 21:32:23,500 - ERROR - Render timeout for ride_ride_bell_crash_triplet_094
2025-07-22 21:32:23,506 - ERROR - Failed to process ride_ride_bell_crash_triplet_094.mid: Failed to render audio
2025-07-22 21:32:23,506 - INFO - Progress: 61.3% (355/579)
2025-07-22 21:32:24,006 - INFO - Processing 356/579: ride_ride_bell_ghost_double_069.mid
2025-07-22 21:32:24,007 - INFO - Processing MIDI file: ride_ride_bell_ghost_double_069.mid
2025-07-22 21:32:24,007 - INFO - Loading MIDI file: ride_ride_bell_ghost_double_069.mid
2025-07-22 21:32:30,383 - INFO - MIDI file loaded: ride_ride_bell_ghost_double_069.mid
2025-07-22 21:32:30,384 - INFO - Rendering audio: ride_ride_bell_ghost_double_069
2025-07-22 21:33:04,777 - ERROR - Render timeout for ride_ride_bell_ghost_double_069
2025-07-22 21:33:04,783 - ERROR - Failed to process ride_ride_bell_ghost_double_069.mid: Failed to render audio
2025-07-22 21:33:04,783 - INFO - Progress: 61.5% (356/579)
2025-07-22 21:33:05,284 - INFO - Processing 357/579: ride_ride_bell_ghost_single_068.mid
2025-07-22 21:33:05,284 - INFO - Processing MIDI file: ride_ride_bell_ghost_single_068.mid
2025-07-22 21:33:05,284 - INFO - Loading MIDI file: ride_ride_bell_ghost_single_068.mid
2025-07-22 21:33:11,672 - INFO - MIDI file loaded: ride_ride_bell_ghost_single_068.mid
2025-07-22 21:33:11,673 - INFO - Rendering audio: ride_ride_bell_ghost_single_068
2025-07-22 21:33:46,065 - ERROR - Render timeout for ride_ride_bell_ghost_single_068
2025-07-22 21:33:46,070 - ERROR - Failed to process ride_ride_bell_ghost_single_068.mid: Failed to render audio
2025-07-22 21:33:46,071 - INFO - Progress: 61.7% (357/579)
2025-07-22 21:33:46,571 - INFO - Processing 358/579: ride_ride_bell_ghost_sustained_071.mid
2025-07-22 21:33:46,571 - INFO - Processing MIDI file: ride_ride_bell_ghost_sustained_071.mid
2025-07-22 21:33:46,572 - INFO - Loading MIDI file: ride_ride_bell_ghost_sustained_071.mid
2025-07-22 21:33:52,951 - INFO - MIDI file loaded: ride_ride_bell_ghost_sustained_071.mid
2025-07-22 21:33:52,952 - INFO - Rendering audio: ride_ride_bell_ghost_sustained_071
2025-07-22 21:34:27,345 - ERROR - Render timeout for ride_ride_bell_ghost_sustained_071
2025-07-22 21:34:27,351 - ERROR - Failed to process ride_ride_bell_ghost_sustained_071.mid: Failed to render audio
2025-07-22 21:34:27,351 - INFO - Progress: 61.8% (358/579)
2025-07-22 21:34:27,852 - INFO - Processing 359/579: ride_ride_bell_ghost_triplet_070.mid
2025-07-22 21:34:27,852 - INFO - Processing MIDI file: ride_ride_bell_ghost_triplet_070.mid
2025-07-22 21:34:27,852 - INFO - Loading MIDI file: ride_ride_bell_ghost_triplet_070.mid
2025-07-22 21:34:34,228 - INFO - MIDI file loaded: ride_ride_bell_ghost_triplet_070.mid
2025-07-22 21:34:34,228 - INFO - Rendering audio: ride_ride_bell_ghost_triplet_070
2025-07-22 21:35:08,624 - ERROR - Render timeout for ride_ride_bell_ghost_triplet_070
2025-07-22 21:35:08,629 - ERROR - Failed to process ride_ride_bell_ghost_triplet_070.mid: Failed to render audio
2025-07-22 21:35:08,629 - INFO - Progress: 62.0% (359/579)
2025-07-22 21:35:09,130 - INFO - Processing 360/579: ride_ride_bell_hard_double_089.mid
2025-07-22 21:35:09,130 - INFO - Processing MIDI file: ride_ride_bell_hard_double_089.mid
2025-07-22 21:35:09,131 - INFO - Loading MIDI file: ride_ride_bell_hard_double_089.mid
2025-07-22 21:35:15,504 - INFO - MIDI file loaded: ride_ride_bell_hard_double_089.mid
2025-07-22 21:35:15,504 - INFO - Rendering audio: ride_ride_bell_hard_double_089
2025-07-22 21:35:49,897 - ERROR - Render timeout for ride_ride_bell_hard_double_089
2025-07-22 21:35:49,903 - ERROR - Failed to process ride_ride_bell_hard_double_089.mid: Failed to render audio
2025-07-22 21:35:49,903 - INFO - Progress: 62.2% (360/579)
2025-07-22 21:35:50,404 - INFO - Processing 361/579: ride_ride_bell_hard_single_088.mid
2025-07-22 21:35:50,404 - INFO - Processing MIDI file: ride_ride_bell_hard_single_088.mid
2025-07-22 21:35:50,405 - INFO - Loading MIDI file: ride_ride_bell_hard_single_088.mid
2025-07-22 21:35:56,781 - INFO - MIDI file loaded: ride_ride_bell_hard_single_088.mid
2025-07-22 21:35:56,782 - INFO - Rendering audio: ride_ride_bell_hard_single_088
2025-07-22 21:36:31,177 - ERROR - Render timeout for ride_ride_bell_hard_single_088
2025-07-22 21:36:31,183 - ERROR - Failed to process ride_ride_bell_hard_single_088.mid: Failed to render audio
2025-07-22 21:36:31,183 - INFO - Progress: 62.3% (361/579)
2025-07-22 21:36:31,684 - INFO - Processing 362/579: ride_ride_bell_hard_sustained_091.mid
2025-07-22 21:36:31,684 - INFO - Processing MIDI file: ride_ride_bell_hard_sustained_091.mid
2025-07-22 21:36:31,684 - INFO - Loading MIDI file: ride_ride_bell_hard_sustained_091.mid
2025-07-22 21:36:38,063 - INFO - MIDI file loaded: ride_ride_bell_hard_sustained_091.mid
2025-07-22 21:36:38,063 - INFO - Rendering audio: ride_ride_bell_hard_sustained_091
2025-07-22 21:37:12,457 - ERROR - Render timeout for ride_ride_bell_hard_sustained_091
2025-07-22 21:37:12,462 - ERROR - Failed to process ride_ride_bell_hard_sustained_091.mid: Failed to render audio
2025-07-22 21:37:12,462 - INFO - Progress: 62.5% (362/579)
2025-07-22 21:37:12,963 - INFO - Processing 363/579: ride_ride_bell_hard_triplet_090.mid
2025-07-22 21:37:12,964 - INFO - Processing MIDI file: ride_ride_bell_hard_triplet_090.mid
2025-07-22 21:37:12,964 - INFO - Loading MIDI file: ride_ride_bell_hard_triplet_090.mid
2025-07-22 21:37:19,340 - INFO - MIDI file loaded: ride_ride_bell_hard_triplet_090.mid
2025-07-22 21:37:19,340 - INFO - Rendering audio: ride_ride_bell_hard_triplet_090
2025-07-22 21:37:53,732 - ERROR - Render timeout for ride_ride_bell_hard_triplet_090
2025-07-22 21:37:53,737 - ERROR - Failed to process ride_ride_bell_hard_triplet_090.mid: Failed to render audio
2025-07-22 21:37:53,737 - INFO - Progress: 62.7% (363/579)
2025-07-22 21:37:54,238 - INFO - Processing 364/579: ride_ride_bell_medium_double_081.mid
2025-07-22 21:37:54,238 - INFO - Processing MIDI file: ride_ride_bell_medium_double_081.mid
2025-07-22 21:37:54,238 - INFO - Loading MIDI file: ride_ride_bell_medium_double_081.mid
2025-07-22 21:38:00,614 - INFO - MIDI file loaded: ride_ride_bell_medium_double_081.mid
2025-07-22 21:38:00,615 - INFO - Rendering audio: ride_ride_bell_medium_double_081
2025-07-22 21:38:35,009 - ERROR - Render timeout for ride_ride_bell_medium_double_081
2025-07-22 21:38:35,015 - ERROR - Failed to process ride_ride_bell_medium_double_081.mid: Failed to render audio
2025-07-22 21:38:35,015 - INFO - Progress: 62.9% (364/579)
2025-07-22 21:38:35,515 - INFO - Processing 365/579: ride_ride_bell_medium_hard_double_085.mid
2025-07-22 21:38:35,516 - INFO - Processing MIDI file: ride_ride_bell_medium_hard_double_085.mid
2025-07-22 21:38:35,516 - INFO - Loading MIDI file: ride_ride_bell_medium_hard_double_085.mid
2025-07-22 21:38:41,903 - INFO - MIDI file loaded: ride_ride_bell_medium_hard_double_085.mid
2025-07-22 21:38:41,903 - INFO - Rendering audio: ride_ride_bell_medium_hard_double_085
2025-07-22 21:39:16,303 - ERROR - Render timeout for ride_ride_bell_medium_hard_double_085
2025-07-22 21:39:16,309 - ERROR - Failed to process ride_ride_bell_medium_hard_double_085.mid: Failed to render audio
2025-07-22 21:39:16,309 - INFO - Progress: 63.0% (365/579)
2025-07-22 21:39:16,809 - INFO - Processing 366/579: ride_ride_bell_medium_hard_single_084.mid
2025-07-22 21:39:16,809 - INFO - Processing MIDI file: ride_ride_bell_medium_hard_single_084.mid
2025-07-22 21:39:16,810 - INFO - Loading MIDI file: ride_ride_bell_medium_hard_single_084.mid
2025-07-22 21:39:23,192 - INFO - MIDI file loaded: ride_ride_bell_medium_hard_single_084.mid
2025-07-22 21:39:23,193 - INFO - Rendering audio: ride_ride_bell_medium_hard_single_084
2025-07-22 21:39:57,587 - ERROR - Render timeout for ride_ride_bell_medium_hard_single_084
2025-07-22 21:39:57,593 - ERROR - Failed to process ride_ride_bell_medium_hard_single_084.mid: Failed to render audio
2025-07-22 21:39:57,594 - INFO - Progress: 63.2% (366/579)
2025-07-22 21:39:58,094 - INFO - Processing 367/579: ride_ride_bell_medium_hard_sustained_087.mid
2025-07-22 21:39:58,094 - INFO - Processing MIDI file: ride_ride_bell_medium_hard_sustained_087.mid
2025-07-22 21:39:58,095 - INFO - Loading MIDI file: ride_ride_bell_medium_hard_sustained_087.mid
2025-07-22 21:40:04,476 - INFO - MIDI file loaded: ride_ride_bell_medium_hard_sustained_087.mid
2025-07-22 21:40:04,477 - INFO - Rendering audio: ride_ride_bell_medium_hard_sustained_087
2025-07-22 21:40:38,877 - ERROR - Render timeout for ride_ride_bell_medium_hard_sustained_087
2025-07-22 21:40:38,883 - ERROR - Failed to process ride_ride_bell_medium_hard_sustained_087.mid: Failed to render audio
2025-07-22 21:40:38,883 - INFO - Progress: 63.4% (367/579)
2025-07-22 21:40:39,384 - INFO - Processing 368/579: ride_ride_bell_medium_hard_triplet_086.mid
2025-07-22 21:40:39,384 - INFO - Processing MIDI file: ride_ride_bell_medium_hard_triplet_086.mid
2025-07-22 21:40:39,385 - INFO - Loading MIDI file: ride_ride_bell_medium_hard_triplet_086.mid
2025-07-22 21:40:45,767 - INFO - MIDI file loaded: ride_ride_bell_medium_hard_triplet_086.mid
2025-07-22 21:40:45,768 - INFO - Rendering audio: ride_ride_bell_medium_hard_triplet_086
2025-07-22 21:41:20,169 - ERROR - Render timeout for ride_ride_bell_medium_hard_triplet_086
2025-07-22 21:41:20,175 - ERROR - Failed to process ride_ride_bell_medium_hard_triplet_086.mid: Failed to render audio
2025-07-22 21:41:20,175 - INFO - Progress: 63.6% (368/579)
2025-07-22 21:41:20,676 - INFO - Processing 369/579: ride_ride_bell_medium_single_080.mid
2025-07-22 21:41:20,676 - INFO - Processing MIDI file: ride_ride_bell_medium_single_080.mid
2025-07-22 21:41:20,676 - INFO - Loading MIDI file: ride_ride_bell_medium_single_080.mid
2025-07-22 21:41:27,051 - INFO - MIDI file loaded: ride_ride_bell_medium_single_080.mid
2025-07-22 21:41:27,052 - INFO - Rendering audio: ride_ride_bell_medium_single_080
2025-07-22 21:42:01,444 - ERROR - Render timeout for ride_ride_bell_medium_single_080
2025-07-22 21:42:01,450 - ERROR - Failed to process ride_ride_bell_medium_single_080.mid: Failed to render audio
2025-07-22 21:42:01,450 - INFO - Progress: 63.7% (369/579)
2025-07-22 21:42:01,951 - INFO - Processing 370/579: ride_ride_bell_medium_soft_double_077.mid
2025-07-22 21:42:01,952 - INFO - Processing MIDI file: ride_ride_bell_medium_soft_double_077.mid
2025-07-22 21:42:01,952 - INFO - Loading MIDI file: ride_ride_bell_medium_soft_double_077.mid
2025-07-22 21:42:08,332 - INFO - MIDI file loaded: ride_ride_bell_medium_soft_double_077.mid
2025-07-22 21:42:08,332 - INFO - Rendering audio: ride_ride_bell_medium_soft_double_077
2025-07-22 21:42:42,730 - ERROR - Render timeout for ride_ride_bell_medium_soft_double_077
2025-07-22 21:42:42,736 - ERROR - Failed to process ride_ride_bell_medium_soft_double_077.mid: Failed to render audio
2025-07-22 21:42:42,736 - INFO - Progress: 63.9% (370/579)
2025-07-22 21:42:43,237 - INFO - Processing 371/579: ride_ride_bell_medium_soft_single_076.mid
2025-07-22 21:42:43,237 - INFO - Processing MIDI file: ride_ride_bell_medium_soft_single_076.mid
2025-07-22 21:42:43,237 - INFO - Loading MIDI file: ride_ride_bell_medium_soft_single_076.mid
2025-07-22 21:42:49,620 - INFO - MIDI file loaded: ride_ride_bell_medium_soft_single_076.mid
2025-07-22 21:42:49,620 - INFO - Rendering audio: ride_ride_bell_medium_soft_single_076
2025-07-22 21:43:24,019 - ERROR - Render timeout for ride_ride_bell_medium_soft_single_076
2025-07-22 21:43:24,025 - ERROR - Failed to process ride_ride_bell_medium_soft_single_076.mid: Failed to render audio
2025-07-22 21:43:24,025 - INFO - Progress: 64.1% (371/579)
2025-07-22 21:43:24,526 - INFO - Processing 372/579: ride_ride_bell_medium_soft_sustained_079.mid
2025-07-22 21:43:24,526 - INFO - Processing MIDI file: ride_ride_bell_medium_soft_sustained_079.mid
2025-07-22 21:43:24,526 - INFO - Loading MIDI file: ride_ride_bell_medium_soft_sustained_079.mid
2025-07-22 21:43:30,909 - INFO - MIDI file loaded: ride_ride_bell_medium_soft_sustained_079.mid
2025-07-22 21:43:30,909 - INFO - Rendering audio: ride_ride_bell_medium_soft_sustained_079
2025-07-22 21:44:05,309 - ERROR - Render timeout for ride_ride_bell_medium_soft_sustained_079
2025-07-22 21:44:05,315 - ERROR - Failed to process ride_ride_bell_medium_soft_sustained_079.mid: Failed to render audio
2025-07-22 21:44:05,315 - INFO - Progress: 64.2% (372/579)
2025-07-22 21:44:05,816 - INFO - Processing 373/579: ride_ride_bell_medium_soft_triplet_078.mid
2025-07-22 21:44:05,816 - INFO - Processing MIDI file: ride_ride_bell_medium_soft_triplet_078.mid
2025-07-22 21:44:05,817 - INFO - Loading MIDI file: ride_ride_bell_medium_soft_triplet_078.mid
2025-07-22 21:44:12,198 - INFO - MIDI file loaded: ride_ride_bell_medium_soft_triplet_078.mid
2025-07-22 21:44:12,198 - INFO - Rendering audio: ride_ride_bell_medium_soft_triplet_078
2025-07-22 21:44:46,599 - ERROR - Render timeout for ride_ride_bell_medium_soft_triplet_078
2025-07-22 21:44:46,605 - ERROR - Failed to process ride_ride_bell_medium_soft_triplet_078.mid: Failed to render audio
2025-07-22 21:44:46,605 - INFO - Progress: 64.4% (373/579)
2025-07-22 21:44:47,105 - INFO - Processing 374/579: ride_ride_bell_medium_sustained_083.mid
2025-07-22 21:44:47,105 - INFO - Processing MIDI file: ride_ride_bell_medium_sustained_083.mid
2025-07-22 21:44:47,106 - INFO - Loading MIDI file: ride_ride_bell_medium_sustained_083.mid
2025-07-22 21:44:53,485 - INFO - MIDI file loaded: ride_ride_bell_medium_sustained_083.mid
2025-07-22 21:44:53,485 - INFO - Rendering audio: ride_ride_bell_medium_sustained_083
2025-07-22 21:45:27,879 - ERROR - Render timeout for ride_ride_bell_medium_sustained_083
2025-07-22 21:45:27,885 - ERROR - Failed to process ride_ride_bell_medium_sustained_083.mid: Failed to render audio
2025-07-22 21:45:27,885 - INFO - Progress: 64.6% (374/579)
2025-07-22 21:45:28,386 - INFO - Processing 375/579: ride_ride_bell_medium_triplet_082.mid
2025-07-22 21:45:28,386 - INFO - Processing MIDI file: ride_ride_bell_medium_triplet_082.mid
2025-07-22 21:45:28,386 - INFO - Loading MIDI file: ride_ride_bell_medium_triplet_082.mid
2025-07-22 21:45:34,764 - INFO - MIDI file loaded: ride_ride_bell_medium_triplet_082.mid
2025-07-22 21:45:34,764 - INFO - Rendering audio: ride_ride_bell_medium_triplet_082
2025-07-22 21:46:09,168 - ERROR - Render timeout for ride_ride_bell_medium_triplet_082
2025-07-22 21:46:09,173 - ERROR - Failed to process ride_ride_bell_medium_triplet_082.mid: Failed to render audio
2025-07-22 21:46:09,174 - INFO - Progress: 64.8% (375/579)
2025-07-22 21:46:09,674 - INFO - Processing 376/579: ride_ride_bell_soft_double_073.mid
2025-07-22 21:46:09,674 - INFO - Processing MIDI file: ride_ride_bell_soft_double_073.mid
2025-07-22 21:46:09,675 - INFO - Loading MIDI file: ride_ride_bell_soft_double_073.mid
2025-07-22 21:46:16,051 - INFO - MIDI file loaded: ride_ride_bell_soft_double_073.mid
2025-07-22 21:46:16,052 - INFO - Rendering audio: ride_ride_bell_soft_double_073
2025-07-22 21:46:50,444 - ERROR - Render timeout for ride_ride_bell_soft_double_073
2025-07-22 21:46:50,450 - ERROR - Failed to process ride_ride_bell_soft_double_073.mid: Failed to render audio
2025-07-22 21:46:50,450 - INFO - Progress: 64.9% (376/579)
2025-07-22 21:46:50,951 - INFO - Processing 377/579: ride_ride_bell_soft_single_072.mid
2025-07-22 21:46:50,951 - INFO - Processing MIDI file: ride_ride_bell_soft_single_072.mid
2025-07-22 21:46:50,951 - INFO - Loading MIDI file: ride_ride_bell_soft_single_072.mid
2025-07-22 21:46:57,327 - INFO - MIDI file loaded: ride_ride_bell_soft_single_072.mid
2025-07-22 21:46:57,327 - INFO - Rendering audio: ride_ride_bell_soft_single_072
2025-07-22 21:47:31,722 - ERROR - Render timeout for ride_ride_bell_soft_single_072
2025-07-22 21:47:31,728 - ERROR - Failed to process ride_ride_bell_soft_single_072.mid: Failed to render audio
2025-07-22 21:47:31,728 - INFO - Progress: 65.1% (377/579)
2025-07-22 21:47:32,229 - INFO - Processing 378/579: ride_ride_bell_soft_sustained_075.mid
2025-07-22 21:47:32,230 - INFO - Processing MIDI file: ride_ride_bell_soft_sustained_075.mid
2025-07-22 21:47:32,230 - INFO - Loading MIDI file: ride_ride_bell_soft_sustained_075.mid
2025-07-22 21:47:38,609 - INFO - MIDI file loaded: ride_ride_bell_soft_sustained_075.mid
2025-07-22 21:47:38,609 - INFO - Rendering audio: ride_ride_bell_soft_sustained_075
2025-07-22 21:48:13,005 - ERROR - Render timeout for ride_ride_bell_soft_sustained_075
2025-07-22 21:48:13,011 - ERROR - Failed to process ride_ride_bell_soft_sustained_075.mid: Failed to render audio
2025-07-22 21:48:13,011 - INFO - Progress: 65.3% (378/579)
2025-07-22 21:48:13,511 - INFO - Processing 379/579: ride_ride_bell_soft_triplet_074.mid
2025-07-22 21:48:13,512 - INFO - Processing MIDI file: ride_ride_bell_soft_triplet_074.mid
2025-07-22 21:48:13,512 - INFO - Loading MIDI file: ride_ride_bell_soft_triplet_074.mid
2025-07-22 21:48:19,889 - INFO - MIDI file loaded: ride_ride_bell_soft_triplet_074.mid
2025-07-22 21:48:19,889 - INFO - Rendering audio: ride_ride_bell_soft_triplet_074
2025-07-22 21:48:54,284 - ERROR - Render timeout for ride_ride_bell_soft_triplet_074
2025-07-22 21:48:54,289 - ERROR - Failed to process ride_ride_bell_soft_triplet_074.mid: Failed to render audio
2025-07-22 21:48:54,290 - INFO - Progress: 65.5% (379/579)
2025-07-22 21:48:54,790 - INFO - Processing 380/579: ride_ride_bell_whisper_double_065.mid
2025-07-22 21:48:54,790 - INFO - Processing MIDI file: ride_ride_bell_whisper_double_065.mid
2025-07-22 21:48:54,791 - INFO - Loading MIDI file: ride_ride_bell_whisper_double_065.mid
2025-07-22 21:49:01,168 - INFO - MIDI file loaded: ride_ride_bell_whisper_double_065.mid
2025-07-22 21:49:01,168 - INFO - Rendering audio: ride_ride_bell_whisper_double_065
2025-07-22 21:49:35,563 - ERROR - Render timeout for ride_ride_bell_whisper_double_065
2025-07-22 21:49:35,569 - ERROR - Failed to process ride_ride_bell_whisper_double_065.mid: Failed to render audio
2025-07-22 21:49:35,569 - INFO - Progress: 65.6% (380/579)
2025-07-22 21:49:36,070 - INFO - Processing 381/579: ride_ride_bell_whisper_single_064.mid
2025-07-22 21:49:36,070 - INFO - Processing MIDI file: ride_ride_bell_whisper_single_064.mid
2025-07-22 21:49:36,071 - INFO - Loading MIDI file: ride_ride_bell_whisper_single_064.mid
2025-07-22 21:49:42,448 - INFO - MIDI file loaded: ride_ride_bell_whisper_single_064.mid
2025-07-22 21:49:42,448 - INFO - Rendering audio: ride_ride_bell_whisper_single_064
2025-07-22 21:50:16,838 - ERROR - Render timeout for ride_ride_bell_whisper_single_064
2025-07-22 21:50:16,843 - ERROR - Failed to process ride_ride_bell_whisper_single_064.mid: Failed to render audio
2025-07-22 21:50:16,844 - INFO - Progress: 65.8% (381/579)
2025-07-22 21:50:17,345 - INFO - Processing 382/579: ride_ride_bell_whisper_sustained_067.mid
2025-07-22 21:50:17,345 - INFO - Processing MIDI file: ride_ride_bell_whisper_sustained_067.mid
2025-07-22 21:50:17,345 - INFO - Loading MIDI file: ride_ride_bell_whisper_sustained_067.mid
2025-07-22 21:50:23,727 - INFO - MIDI file loaded: ride_ride_bell_whisper_sustained_067.mid
2025-07-22 21:50:23,727 - INFO - Rendering audio: ride_ride_bell_whisper_sustained_067
2025-07-22 21:50:58,124 - ERROR - Render timeout for ride_ride_bell_whisper_sustained_067
2025-07-22 21:50:58,130 - ERROR - Failed to process ride_ride_bell_whisper_sustained_067.mid: Failed to render audio
2025-07-22 21:50:58,130 - INFO - Progress: 66.0% (382/579)
2025-07-22 21:50:58,631 - INFO - Processing 383/579: ride_ride_bell_whisper_triplet_066.mid
2025-07-22 21:50:58,631 - INFO - Processing MIDI file: ride_ride_bell_whisper_triplet_066.mid
2025-07-22 21:50:58,632 - INFO - Loading MIDI file: ride_ride_bell_whisper_triplet_066.mid
2025-07-22 21:51:05,008 - INFO - MIDI file loaded: ride_ride_bell_whisper_triplet_066.mid
2025-07-22 21:51:05,009 - INFO - Rendering audio: ride_ride_bell_whisper_triplet_066
2025-07-22 21:51:39,401 - ERROR - Render timeout for ride_ride_bell_whisper_triplet_066
2025-07-22 21:51:39,406 - ERROR - Failed to process ride_ride_bell_whisper_triplet_066.mid: Failed to render audio
2025-07-22 21:51:39,407 - INFO - Progress: 66.1% (383/579)
2025-07-22 21:51:39,907 - INFO - Processing 384/579: ride_ride_bow_crash_double_157.mid
2025-07-22 21:51:39,908 - INFO - Processing MIDI file: ride_ride_bow_crash_double_157.mid
2025-07-22 21:51:39,908 - INFO - Loading MIDI file: ride_ride_bow_crash_double_157.mid
2025-07-22 21:51:46,284 - INFO - MIDI file loaded: ride_ride_bow_crash_double_157.mid
2025-07-22 21:51:46,285 - INFO - Rendering audio: ride_ride_bow_crash_double_157
2025-07-22 21:52:20,678 - ERROR - Render timeout for ride_ride_bow_crash_double_157
2025-07-22 21:52:20,683 - ERROR - Failed to process ride_ride_bow_crash_double_157.mid: Failed to render audio
2025-07-22 21:52:20,684 - INFO - Progress: 66.3% (384/579)
2025-07-22 21:52:21,184 - INFO - Processing 385/579: ride_ride_bow_crash_single_156.mid
2025-07-22 21:52:21,184 - INFO - Processing MIDI file: ride_ride_bow_crash_single_156.mid
2025-07-22 21:52:21,185 - INFO - Loading MIDI file: ride_ride_bow_crash_single_156.mid
2025-07-22 21:52:27,560 - INFO - MIDI file loaded: ride_ride_bow_crash_single_156.mid
2025-07-22 21:52:27,561 - INFO - Rendering audio: ride_ride_bow_crash_single_156
2025-07-22 21:53:01,951 - ERROR - Render timeout for ride_ride_bow_crash_single_156
2025-07-22 21:53:01,956 - ERROR - Failed to process ride_ride_bow_crash_single_156.mid: Failed to render audio
2025-07-22 21:53:01,956 - INFO - Progress: 66.5% (385/579)
2025-07-22 21:53:02,457 - INFO - Processing 386/579: ride_ride_bow_crash_sustained_159.mid
2025-07-22 21:53:02,458 - INFO - Processing MIDI file: ride_ride_bow_crash_sustained_159.mid
2025-07-22 21:53:02,458 - INFO - Loading MIDI file: ride_ride_bow_crash_sustained_159.mid
2025-07-22 21:53:08,833 - INFO - MIDI file loaded: ride_ride_bow_crash_sustained_159.mid
2025-07-22 21:53:08,833 - INFO - Rendering audio: ride_ride_bow_crash_sustained_159
2025-07-22 21:53:43,226 - ERROR - Render timeout for ride_ride_bow_crash_sustained_159
2025-07-22 21:53:43,232 - ERROR - Failed to process ride_ride_bow_crash_sustained_159.mid: Failed to render audio
2025-07-22 21:53:43,232 - INFO - Progress: 66.7% (386/579)
2025-07-22 21:53:43,733 - INFO - Processing 387/579: ride_ride_bow_crash_triplet_158.mid
2025-07-22 21:53:43,733 - INFO - Processing MIDI file: ride_ride_bow_crash_triplet_158.mid
2025-07-22 21:53:43,733 - INFO - Loading MIDI file: ride_ride_bow_crash_triplet_158.mid
2025-07-22 21:53:50,106 - INFO - MIDI file loaded: ride_ride_bow_crash_triplet_158.mid
2025-07-22 21:53:50,107 - INFO - Rendering audio: ride_ride_bow_crash_triplet_158
2025-07-22 21:54:24,500 - ERROR - Render timeout for ride_ride_bow_crash_triplet_158
2025-07-22 21:54:24,506 - ERROR - Failed to process ride_ride_bow_crash_triplet_158.mid: Failed to render audio
2025-07-22 21:54:24,506 - INFO - Progress: 66.8% (387/579)
2025-07-22 21:54:25,006 - INFO - Processing 388/579: ride_ride_bow_ghost_double_133.mid
2025-07-22 21:54:25,006 - INFO - Processing MIDI file: ride_ride_bow_ghost_double_133.mid
2025-07-22 21:54:25,006 - INFO - Loading MIDI file: ride_ride_bow_ghost_double_133.mid
2025-07-22 21:54:31,390 - INFO - MIDI file loaded: ride_ride_bow_ghost_double_133.mid
2025-07-22 21:54:31,390 - INFO - Rendering audio: ride_ride_bow_ghost_double_133
2025-07-22 21:55:05,780 - ERROR - Render timeout for ride_ride_bow_ghost_double_133
2025-07-22 21:55:05,785 - ERROR - Failed to process ride_ride_bow_ghost_double_133.mid: Failed to render audio
2025-07-22 21:55:05,786 - INFO - Progress: 67.0% (388/579)
2025-07-22 21:55:06,286 - INFO - Processing 389/579: ride_ride_bow_ghost_single_132.mid
2025-07-22 21:55:06,286 - INFO - Processing MIDI file: ride_ride_bow_ghost_single_132.mid
2025-07-22 21:55:06,287 - INFO - Loading MIDI file: ride_ride_bow_ghost_single_132.mid
2025-07-22 21:55:12,661 - INFO - MIDI file loaded: ride_ride_bow_ghost_single_132.mid
2025-07-22 21:55:12,661 - INFO - Rendering audio: ride_ride_bow_ghost_single_132
2025-07-22 21:55:47,053 - ERROR - Render timeout for ride_ride_bow_ghost_single_132
2025-07-22 21:55:47,058 - ERROR - Failed to process ride_ride_bow_ghost_single_132.mid: Failed to render audio
2025-07-22 21:55:47,058 - INFO - Progress: 67.2% (389/579)
2025-07-22 21:55:47,559 - INFO - Processing 390/579: ride_ride_bow_ghost_sustained_135.mid
2025-07-22 21:55:47,559 - INFO - Processing MIDI file: ride_ride_bow_ghost_sustained_135.mid
2025-07-22 21:55:47,560 - INFO - Loading MIDI file: ride_ride_bow_ghost_sustained_135.mid
2025-07-22 21:55:53,936 - INFO - MIDI file loaded: ride_ride_bow_ghost_sustained_135.mid
2025-07-22 21:55:53,937 - INFO - Rendering audio: ride_ride_bow_ghost_sustained_135
2025-07-22 21:56:28,332 - ERROR - Render timeout for ride_ride_bow_ghost_sustained_135
2025-07-22 21:56:28,338 - ERROR - Failed to process ride_ride_bow_ghost_sustained_135.mid: Failed to render audio
2025-07-22 21:56:28,338 - INFO - Progress: 67.4% (390/579)
2025-07-22 21:56:28,839 - INFO - Processing 391/579: ride_ride_bow_ghost_triplet_134.mid
2025-07-22 21:56:28,840 - INFO - Processing MIDI file: ride_ride_bow_ghost_triplet_134.mid
2025-07-22 21:56:28,840 - INFO - Loading MIDI file: ride_ride_bow_ghost_triplet_134.mid
2025-07-22 21:56:35,215 - INFO - MIDI file loaded: ride_ride_bow_ghost_triplet_134.mid
2025-07-22 21:56:35,215 - INFO - Rendering audio: ride_ride_bow_ghost_triplet_134
2025-07-22 21:57:09,610 - ERROR - Render timeout for ride_ride_bow_ghost_triplet_134
2025-07-22 21:57:09,615 - ERROR - Failed to process ride_ride_bow_ghost_triplet_134.mid: Failed to render audio
2025-07-22 21:57:09,616 - INFO - Progress: 67.5% (391/579)
2025-07-22 21:57:10,116 - INFO - Processing 392/579: ride_ride_bow_hard_double_153.mid
2025-07-22 21:57:10,117 - INFO - Processing MIDI file: ride_ride_bow_hard_double_153.mid
2025-07-22 21:57:10,117 - INFO - Loading MIDI file: ride_ride_bow_hard_double_153.mid
2025-07-22 21:57:16,490 - INFO - MIDI file loaded: ride_ride_bow_hard_double_153.mid
2025-07-22 21:57:16,490 - INFO - Rendering audio: ride_ride_bow_hard_double_153
2025-07-22 21:57:50,881 - ERROR - Render timeout for ride_ride_bow_hard_double_153
2025-07-22 21:57:50,887 - ERROR - Failed to process ride_ride_bow_hard_double_153.mid: Failed to render audio
2025-07-22 21:57:50,887 - INFO - Progress: 67.7% (392/579)
2025-07-22 21:57:51,387 - INFO - Processing 393/579: ride_ride_bow_hard_single_152.mid
2025-07-22 21:57:51,388 - INFO - Processing MIDI file: ride_ride_bow_hard_single_152.mid
2025-07-22 21:57:51,388 - INFO - Loading MIDI file: ride_ride_bow_hard_single_152.mid
2025-07-22 21:57:57,760 - INFO - MIDI file loaded: ride_ride_bow_hard_single_152.mid
2025-07-22 21:57:57,761 - INFO - Rendering audio: ride_ride_bow_hard_single_152
2025-07-22 21:58:32,147 - ERROR - Render timeout for ride_ride_bow_hard_single_152
2025-07-22 21:58:32,152 - ERROR - Failed to process ride_ride_bow_hard_single_152.mid: Failed to render audio
2025-07-22 21:58:32,152 - INFO - Progress: 67.9% (393/579)
2025-07-22 21:58:32,653 - INFO - Processing 394/579: ride_ride_bow_hard_sustained_155.mid
2025-07-22 21:58:32,653 - INFO - Processing MIDI file: ride_ride_bow_hard_sustained_155.mid
2025-07-22 21:58:32,653 - INFO - Loading MIDI file: ride_ride_bow_hard_sustained_155.mid
2025-07-22 21:58:39,076 - INFO - MIDI file loaded: ride_ride_bow_hard_sustained_155.mid
2025-07-22 21:58:39,077 - INFO - Rendering audio: ride_ride_bow_hard_sustained_155
2025-07-22 21:59:13,470 - ERROR - Render timeout for ride_ride_bow_hard_sustained_155
2025-07-22 21:59:13,475 - ERROR - Failed to process ride_ride_bow_hard_sustained_155.mid: Failed to render audio
2025-07-22 21:59:13,475 - INFO - Progress: 68.0% (394/579)
2025-07-22 21:59:13,977 - INFO - Processing 395/579: ride_ride_bow_hard_triplet_154.mid
2025-07-22 21:59:13,977 - INFO - Processing MIDI file: ride_ride_bow_hard_triplet_154.mid
2025-07-22 21:59:13,977 - INFO - Loading MIDI file: ride_ride_bow_hard_triplet_154.mid
2025-07-22 21:59:20,351 - INFO - MIDI file loaded: ride_ride_bow_hard_triplet_154.mid
2025-07-22 21:59:20,352 - INFO - Rendering audio: ride_ride_bow_hard_triplet_154
2025-07-22 21:59:54,741 - ERROR - Render timeout for ride_ride_bow_hard_triplet_154
2025-07-22 21:59:54,746 - ERROR - Failed to process ride_ride_bow_hard_triplet_154.mid: Failed to render audio
2025-07-22 21:59:54,747 - INFO - Progress: 68.2% (395/579)
2025-07-22 21:59:55,247 - INFO - Processing 396/579: ride_ride_bow_medium_double_145.mid
2025-07-22 21:59:55,247 - INFO - Processing MIDI file: ride_ride_bow_medium_double_145.mid
2025-07-22 21:59:55,248 - INFO - Loading MIDI file: ride_ride_bow_medium_double_145.mid
2025-07-22 22:00:01,622 - INFO - MIDI file loaded: ride_ride_bow_medium_double_145.mid
2025-07-22 22:00:01,622 - INFO - Rendering audio: ride_ride_bow_medium_double_145
2025-07-22 22:00:36,013 - ERROR - Render timeout for ride_ride_bow_medium_double_145
2025-07-22 22:00:36,019 - ERROR - Failed to process ride_ride_bow_medium_double_145.mid: Failed to render audio
2025-07-22 22:00:36,020 - INFO - Progress: 68.4% (396/579)
2025-07-22 22:00:36,521 - INFO - Processing 397/579: ride_ride_bow_medium_hard_double_149.mid
2025-07-22 22:00:36,521 - INFO - Processing MIDI file: ride_ride_bow_medium_hard_double_149.mid
2025-07-22 22:00:36,522 - INFO - Loading MIDI file: ride_ride_bow_medium_hard_double_149.mid
2025-07-22 22:00:42,901 - INFO - MIDI file loaded: ride_ride_bow_medium_hard_double_149.mid
2025-07-22 22:00:42,901 - INFO - Rendering audio: ride_ride_bow_medium_hard_double_149
2025-07-22 22:01:17,295 - ERROR - Render timeout for ride_ride_bow_medium_hard_double_149
2025-07-22 22:01:17,300 - ERROR - Failed to process ride_ride_bow_medium_hard_double_149.mid: Failed to render audio
2025-07-22 22:01:17,301 - INFO - Progress: 68.6% (397/579)
2025-07-22 22:01:17,801 - INFO - Processing 398/579: ride_ride_bow_medium_hard_single_148.mid
2025-07-22 22:01:17,802 - INFO - Processing MIDI file: ride_ride_bow_medium_hard_single_148.mid
2025-07-22 22:01:17,802 - INFO - Loading MIDI file: ride_ride_bow_medium_hard_single_148.mid
2025-07-22 22:01:24,183 - INFO - MIDI file loaded: ride_ride_bow_medium_hard_single_148.mid
2025-07-22 22:01:24,183 - INFO - Rendering audio: ride_ride_bow_medium_hard_single_148
2025-07-22 22:01:58,579 - ERROR - Render timeout for ride_ride_bow_medium_hard_single_148
2025-07-22 22:01:58,585 - ERROR - Failed to process ride_ride_bow_medium_hard_single_148.mid: Failed to render audio
2025-07-22 22:01:58,585 - INFO - Progress: 68.7% (398/579)
2025-07-22 22:01:59,086 - INFO - Processing 399/579: ride_ride_bow_medium_hard_sustained_151.mid
2025-07-22 22:01:59,086 - INFO - Processing MIDI file: ride_ride_bow_medium_hard_sustained_151.mid
2025-07-22 22:01:59,086 - INFO - Loading MIDI file: ride_ride_bow_medium_hard_sustained_151.mid
2025-07-22 22:02:05,469 - INFO - MIDI file loaded: ride_ride_bow_medium_hard_sustained_151.mid
2025-07-22 22:02:05,470 - INFO - Rendering audio: ride_ride_bow_medium_hard_sustained_151
2025-07-22 22:02:39,870 - ERROR - Render timeout for ride_ride_bow_medium_hard_sustained_151
2025-07-22 22:02:39,877 - ERROR - Failed to process ride_ride_bow_medium_hard_sustained_151.mid: Failed to render audio
2025-07-22 22:02:39,877 - INFO - Progress: 68.9% (399/579)
2025-07-22 22:02:40,377 - INFO - Processing 400/579: ride_ride_bow_medium_hard_triplet_150.mid
2025-07-22 22:02:40,377 - INFO - Processing MIDI file: ride_ride_bow_medium_hard_triplet_150.mid
2025-07-22 22:02:40,378 - INFO - Loading MIDI file: ride_ride_bow_medium_hard_triplet_150.mid
2025-07-22 22:02:46,757 - INFO - MIDI file loaded: ride_ride_bow_medium_hard_triplet_150.mid
2025-07-22 22:02:46,758 - INFO - Rendering audio: ride_ride_bow_medium_hard_triplet_150
2025-07-22 22:03:21,155 - ERROR - Render timeout for ride_ride_bow_medium_hard_triplet_150
2025-07-22 22:03:21,161 - ERROR - Failed to process ride_ride_bow_medium_hard_triplet_150.mid: Failed to render audio
2025-07-22 22:03:21,161 - INFO - Progress: 69.1% (400/579)
2025-07-22 22:03:21,662 - INFO - Processing 401/579: ride_ride_bow_medium_single_144.mid
2025-07-22 22:03:21,662 - INFO - Processing MIDI file: ride_ride_bow_medium_single_144.mid
2025-07-22 22:03:21,662 - INFO - Loading MIDI file: ride_ride_bow_medium_single_144.mid
2025-07-22 22:03:28,036 - INFO - MIDI file loaded: ride_ride_bow_medium_single_144.mid
2025-07-22 22:03:28,036 - INFO - Rendering audio: ride_ride_bow_medium_single_144
2025-07-22 22:04:02,428 - ERROR - Render timeout for ride_ride_bow_medium_single_144
2025-07-22 22:04:02,433 - ERROR - Failed to process ride_ride_bow_medium_single_144.mid: Failed to render audio
2025-07-22 22:04:02,434 - INFO - Progress: 69.3% (401/579)
2025-07-22 22:04:02,934 - INFO - Processing 402/579: ride_ride_bow_medium_soft_double_141.mid
2025-07-22 22:04:02,935 - INFO - Processing MIDI file: ride_ride_bow_medium_soft_double_141.mid
2025-07-22 22:04:02,935 - INFO - Loading MIDI file: ride_ride_bow_medium_soft_double_141.mid
2025-07-22 22:04:09,314 - INFO - MIDI file loaded: ride_ride_bow_medium_soft_double_141.mid
2025-07-22 22:04:09,314 - INFO - Rendering audio: ride_ride_bow_medium_soft_double_141
2025-07-22 22:04:43,727 - ERROR - Render timeout for ride_ride_bow_medium_soft_double_141
2025-07-22 22:04:43,732 - ERROR - Failed to process ride_ride_bow_medium_soft_double_141.mid: Failed to render audio
2025-07-22 22:04:43,732 - INFO - Progress: 69.4% (402/579)
2025-07-22 22:04:44,233 - INFO - Processing 403/579: ride_ride_bow_medium_soft_single_140.mid
2025-07-22 22:04:44,233 - INFO - Processing MIDI file: ride_ride_bow_medium_soft_single_140.mid
2025-07-22 22:04:44,233 - INFO - Loading MIDI file: ride_ride_bow_medium_soft_single_140.mid
2025-07-22 22:04:50,613 - INFO - MIDI file loaded: ride_ride_bow_medium_soft_single_140.mid
2025-07-22 22:04:50,613 - INFO - Rendering audio: ride_ride_bow_medium_soft_single_140
2025-07-22 22:05:25,013 - ERROR - Render timeout for ride_ride_bow_medium_soft_single_140
2025-07-22 22:05:25,019 - ERROR - Failed to process ride_ride_bow_medium_soft_single_140.mid: Failed to render audio
2025-07-22 22:05:25,019 - INFO - Progress: 69.6% (403/579)
2025-07-22 22:05:25,520 - INFO - Processing 404/579: ride_ride_bow_medium_soft_sustained_143.mid
2025-07-22 22:05:25,520 - INFO - Processing MIDI file: ride_ride_bow_medium_soft_sustained_143.mid
2025-07-22 22:05:25,520 - INFO - Loading MIDI file: ride_ride_bow_medium_soft_sustained_143.mid
2025-07-22 22:05:31,903 - INFO - MIDI file loaded: ride_ride_bow_medium_soft_sustained_143.mid
2025-07-22 22:05:31,903 - INFO - Rendering audio: ride_ride_bow_medium_soft_sustained_143
2025-07-22 22:06:06,304 - ERROR - Render timeout for ride_ride_bow_medium_soft_sustained_143
2025-07-22 22:06:06,310 - ERROR - Failed to process ride_ride_bow_medium_soft_sustained_143.mid: Failed to render audio
2025-07-22 22:06:06,310 - INFO - Progress: 69.8% (404/579)
2025-07-22 22:06:06,811 - INFO - Processing 405/579: ride_ride_bow_medium_soft_triplet_142.mid
2025-07-22 22:06:06,811 - INFO - Processing MIDI file: ride_ride_bow_medium_soft_triplet_142.mid
2025-07-22 22:06:06,811 - INFO - Loading MIDI file: ride_ride_bow_medium_soft_triplet_142.mid
2025-07-22 22:06:13,191 - INFO - MIDI file loaded: ride_ride_bow_medium_soft_triplet_142.mid
2025-07-22 22:06:13,191 - INFO - Rendering audio: ride_ride_bow_medium_soft_triplet_142
2025-07-22 22:06:47,590 - ERROR - Render timeout for ride_ride_bow_medium_soft_triplet_142
2025-07-22 22:06:47,598 - ERROR - Failed to process ride_ride_bow_medium_soft_triplet_142.mid: Failed to render audio
2025-07-22 22:06:47,598 - INFO - Progress: 69.9% (405/579)
2025-07-22 22:06:48,099 - INFO - Processing 406/579: ride_ride_bow_medium_sustained_147.mid
2025-07-22 22:06:48,099 - INFO - Processing MIDI file: ride_ride_bow_medium_sustained_147.mid
2025-07-22 22:06:48,099 - INFO - Loading MIDI file: ride_ride_bow_medium_sustained_147.mid
2025-07-22 22:06:54,476 - INFO - MIDI file loaded: ride_ride_bow_medium_sustained_147.mid
2025-07-22 22:06:54,476 - INFO - Rendering audio: ride_ride_bow_medium_sustained_147
2025-07-22 22:07:28,872 - ERROR - Render timeout for ride_ride_bow_medium_sustained_147
2025-07-22 22:07:28,878 - ERROR - Failed to process ride_ride_bow_medium_sustained_147.mid: Failed to render audio
2025-07-22 22:07:28,878 - INFO - Progress: 70.1% (406/579)
2025-07-22 22:07:29,379 - INFO - Processing 407/579: ride_ride_bow_medium_triplet_146.mid
2025-07-22 22:07:29,379 - INFO - Processing MIDI file: ride_ride_bow_medium_triplet_146.mid
2025-07-22 22:07:29,379 - INFO - Loading MIDI file: ride_ride_bow_medium_triplet_146.mid
2025-07-22 22:07:35,758 - INFO - MIDI file loaded: ride_ride_bow_medium_triplet_146.mid
2025-07-22 22:07:35,758 - INFO - Rendering audio: ride_ride_bow_medium_triplet_146
2025-07-22 22:08:10,152 - ERROR - Render timeout for ride_ride_bow_medium_triplet_146
2025-07-22 22:08:10,158 - ERROR - Failed to process ride_ride_bow_medium_triplet_146.mid: Failed to render audio
2025-07-22 22:08:10,158 - INFO - Progress: 70.3% (407/579)
2025-07-22 22:08:10,659 - INFO - Processing 408/579: ride_ride_bow_soft_double_137.mid
2025-07-22 22:08:10,659 - INFO - Processing MIDI file: ride_ride_bow_soft_double_137.mid
2025-07-22 22:08:10,660 - INFO - Loading MIDI file: ride_ride_bow_soft_double_137.mid
2025-07-22 22:08:17,033 - INFO - MIDI file loaded: ride_ride_bow_soft_double_137.mid
2025-07-22 22:08:17,033 - INFO - Rendering audio: ride_ride_bow_soft_double_137
2025-07-22 22:08:51,425 - ERROR - Render timeout for ride_ride_bow_soft_double_137
2025-07-22 22:08:51,431 - ERROR - Failed to process ride_ride_bow_soft_double_137.mid: Failed to render audio
2025-07-22 22:08:51,431 - INFO - Progress: 70.5% (408/579)
2025-07-22 22:08:51,932 - INFO - Processing 409/579: ride_ride_bow_soft_single_136.mid
2025-07-22 22:08:51,932 - INFO - Processing MIDI file: ride_ride_bow_soft_single_136.mid
2025-07-22 22:08:51,933 - INFO - Loading MIDI file: ride_ride_bow_soft_single_136.mid
2025-07-22 22:08:58,307 - INFO - MIDI file loaded: ride_ride_bow_soft_single_136.mid
2025-07-22 22:08:58,307 - INFO - Rendering audio: ride_ride_bow_soft_single_136
2025-07-22 22:09:32,694 - ERROR - Render timeout for ride_ride_bow_soft_single_136
2025-07-22 22:09:32,700 - ERROR - Failed to process ride_ride_bow_soft_single_136.mid: Failed to render audio
2025-07-22 22:09:32,700 - INFO - Progress: 70.6% (409/579)
2025-07-22 22:09:33,200 - INFO - Processing 410/579: ride_ride_bow_soft_sustained_139.mid
2025-07-22 22:09:33,201 - INFO - Processing MIDI file: ride_ride_bow_soft_sustained_139.mid
2025-07-22 22:09:33,201 - INFO - Loading MIDI file: ride_ride_bow_soft_sustained_139.mid
2025-07-22 22:09:39,576 - INFO - MIDI file loaded: ride_ride_bow_soft_sustained_139.mid
2025-07-22 22:09:39,576 - INFO - Rendering audio: ride_ride_bow_soft_sustained_139
2025-07-22 22:10:13,970 - ERROR - Render timeout for ride_ride_bow_soft_sustained_139
2025-07-22 22:10:13,976 - ERROR - Failed to process ride_ride_bow_soft_sustained_139.mid: Failed to render audio
2025-07-22 22:10:13,976 - INFO - Progress: 70.8% (410/579)
2025-07-22 22:10:14,476 - INFO - Processing 411/579: ride_ride_bow_soft_triplet_138.mid
2025-07-22 22:10:14,477 - INFO - Processing MIDI file: ride_ride_bow_soft_triplet_138.mid
2025-07-22 22:10:14,477 - INFO - Loading MIDI file: ride_ride_bow_soft_triplet_138.mid
2025-07-22 22:10:20,853 - INFO - MIDI file loaded: ride_ride_bow_soft_triplet_138.mid
2025-07-22 22:10:20,853 - INFO - Rendering audio: ride_ride_bow_soft_triplet_138
2025-07-22 22:10:55,248 - ERROR - Render timeout for ride_ride_bow_soft_triplet_138
2025-07-22 22:10:55,253 - ERROR - Failed to process ride_ride_bow_soft_triplet_138.mid: Failed to render audio
2025-07-22 22:10:55,254 - INFO - Progress: 71.0% (411/579)
2025-07-22 22:10:55,754 - INFO - Processing 412/579: ride_ride_bow_whisper_double_129.mid
2025-07-22 22:10:55,754 - INFO - Processing MIDI file: ride_ride_bow_whisper_double_129.mid
2025-07-22 22:10:55,755 - INFO - Loading MIDI file: ride_ride_bow_whisper_double_129.mid
2025-07-22 22:11:02,133 - INFO - MIDI file loaded: ride_ride_bow_whisper_double_129.mid
2025-07-22 22:11:02,133 - INFO - Rendering audio: ride_ride_bow_whisper_double_129
2025-07-22 22:11:36,528 - ERROR - Render timeout for ride_ride_bow_whisper_double_129
2025-07-22 22:11:36,533 - ERROR - Failed to process ride_ride_bow_whisper_double_129.mid: Failed to render audio
2025-07-22 22:11:36,533 - INFO - Progress: 71.2% (412/579)
2025-07-22 22:11:37,034 - INFO - Processing 413/579: ride_ride_bow_whisper_single_128.mid
2025-07-22 22:11:37,034 - INFO - Processing MIDI file: ride_ride_bow_whisper_single_128.mid
2025-07-22 22:11:37,034 - INFO - Loading MIDI file: ride_ride_bow_whisper_single_128.mid
2025-07-22 22:11:43,409 - INFO - MIDI file loaded: ride_ride_bow_whisper_single_128.mid
2025-07-22 22:11:43,409 - INFO - Rendering audio: ride_ride_bow_whisper_single_128
2025-07-22 22:12:17,802 - ERROR - Render timeout for ride_ride_bow_whisper_single_128
2025-07-22 22:12:17,808 - ERROR - Failed to process ride_ride_bow_whisper_single_128.mid: Failed to render audio
2025-07-22 22:12:17,808 - INFO - Progress: 71.3% (413/579)
2025-07-22 22:12:18,309 - INFO - Processing 414/579: ride_ride_bow_whisper_sustained_131.mid
2025-07-22 22:12:18,309 - INFO - Processing MIDI file: ride_ride_bow_whisper_sustained_131.mid
2025-07-22 22:12:18,309 - INFO - Loading MIDI file: ride_ride_bow_whisper_sustained_131.mid
2025-07-22 22:12:24,687 - INFO - MIDI file loaded: ride_ride_bow_whisper_sustained_131.mid
2025-07-22 22:12:24,688 - INFO - Rendering audio: ride_ride_bow_whisper_sustained_131
2025-07-22 22:12:59,082 - ERROR - Render timeout for ride_ride_bow_whisper_sustained_131
2025-07-22 22:12:59,088 - ERROR - Failed to process ride_ride_bow_whisper_sustained_131.mid: Failed to render audio
2025-07-22 22:12:59,088 - INFO - Progress: 71.5% (414/579)
2025-07-22 22:12:59,588 - INFO - Processing 415/579: ride_ride_bow_whisper_triplet_130.mid
2025-07-22 22:12:59,589 - INFO - Processing MIDI file: ride_ride_bow_whisper_triplet_130.mid
2025-07-22 22:12:59,589 - INFO - Loading MIDI file: ride_ride_bow_whisper_triplet_130.mid
2025-07-22 22:13:05,964 - INFO - MIDI file loaded: ride_ride_bow_whisper_triplet_130.mid
2025-07-22 22:13:05,964 - INFO - Rendering audio: ride_ride_bow_whisper_triplet_130
2025-07-22 22:13:40,358 - ERROR - Render timeout for ride_ride_bow_whisper_triplet_130
2025-07-22 22:13:40,363 - ERROR - Failed to process ride_ride_bow_whisper_triplet_130.mid: Failed to render audio
2025-07-22 22:13:40,364 - INFO - Progress: 71.7% (415/579)
2025-07-22 22:13:40,864 - INFO - Processing 416/579: ride_ride_crash_crash_double_125.mid
2025-07-22 22:13:40,864 - INFO - Processing MIDI file: ride_ride_crash_crash_double_125.mid
2025-07-22 22:13:40,865 - INFO - Loading MIDI file: ride_ride_crash_crash_double_125.mid
2025-07-22 22:13:47,240 - INFO - MIDI file loaded: ride_ride_crash_crash_double_125.mid
2025-07-22 22:13:47,240 - INFO - Rendering audio: ride_ride_crash_crash_double_125
2025-07-22 22:14:21,632 - ERROR - Render timeout for ride_ride_crash_crash_double_125
2025-07-22 22:14:21,637 - ERROR - Failed to process ride_ride_crash_crash_double_125.mid: Failed to render audio
2025-07-22 22:14:21,637 - INFO - Progress: 71.8% (416/579)
2025-07-22 22:14:22,138 - INFO - Processing 417/579: ride_ride_crash_crash_single_124.mid
2025-07-22 22:14:22,138 - INFO - Processing MIDI file: ride_ride_crash_crash_single_124.mid
2025-07-22 22:14:22,139 - INFO - Loading MIDI file: ride_ride_crash_crash_single_124.mid
2025-07-22 22:14:28,520 - INFO - MIDI file loaded: ride_ride_crash_crash_single_124.mid
2025-07-22 22:14:28,521 - INFO - Rendering audio: ride_ride_crash_crash_single_124
2025-07-22 22:15:02,913 - ERROR - Render timeout for ride_ride_crash_crash_single_124
2025-07-22 22:15:02,919 - ERROR - Failed to process ride_ride_crash_crash_single_124.mid: Failed to render audio
2025-07-22 22:15:02,919 - INFO - Progress: 72.0% (417/579)
2025-07-22 22:15:03,419 - INFO - Processing 418/579: ride_ride_crash_crash_sustained_127.mid
2025-07-22 22:15:03,420 - INFO - Processing MIDI file: ride_ride_crash_crash_sustained_127.mid
2025-07-22 22:15:03,420 - INFO - Loading MIDI file: ride_ride_crash_crash_sustained_127.mid
2025-07-22 22:15:09,799 - INFO - MIDI file loaded: ride_ride_crash_crash_sustained_127.mid
2025-07-22 22:15:09,799 - INFO - Rendering audio: ride_ride_crash_crash_sustained_127
2025-07-22 22:15:44,195 - ERROR - Render timeout for ride_ride_crash_crash_sustained_127
2025-07-22 22:15:44,201 - ERROR - Failed to process ride_ride_crash_crash_sustained_127.mid: Failed to render audio
2025-07-22 22:15:44,201 - INFO - Progress: 72.2% (418/579)
2025-07-22 22:15:44,701 - INFO - Processing 419/579: ride_ride_crash_crash_triplet_126.mid
2025-07-22 22:15:44,702 - INFO - Processing MIDI file: ride_ride_crash_crash_triplet_126.mid
2025-07-22 22:15:44,702 - INFO - Loading MIDI file: ride_ride_crash_crash_triplet_126.mid
2025-07-22 22:15:51,079 - INFO - MIDI file loaded: ride_ride_crash_crash_triplet_126.mid
2025-07-22 22:15:51,079 - INFO - Rendering audio: ride_ride_crash_crash_triplet_126
2025-07-22 22:16:25,474 - ERROR - Render timeout for ride_ride_crash_crash_triplet_126
2025-07-22 22:16:25,479 - ERROR - Failed to process ride_ride_crash_crash_triplet_126.mid: Failed to render audio
2025-07-22 22:16:25,480 - INFO - Progress: 72.4% (419/579)
2025-07-22 22:16:25,981 - INFO - Processing 420/579: ride_ride_crash_ghost_double_101.mid
2025-07-22 22:16:25,981 - INFO - Processing MIDI file: ride_ride_crash_ghost_double_101.mid
2025-07-22 22:16:25,982 - INFO - Loading MIDI file: ride_ride_crash_ghost_double_101.mid
2025-07-22 22:16:32,356 - INFO - MIDI file loaded: ride_ride_crash_ghost_double_101.mid
2025-07-22 22:16:32,357 - INFO - Rendering audio: ride_ride_crash_ghost_double_101
2025-07-22 22:17:06,748 - ERROR - Render timeout for ride_ride_crash_ghost_double_101
2025-07-22 22:17:06,753 - ERROR - Failed to process ride_ride_crash_ghost_double_101.mid: Failed to render audio
2025-07-22 22:17:06,753 - INFO - Progress: 72.5% (420/579)
2025-07-22 22:17:07,254 - INFO - Processing 421/579: ride_ride_crash_ghost_single_100.mid
2025-07-22 22:17:07,254 - INFO - Processing MIDI file: ride_ride_crash_ghost_single_100.mid
2025-07-22 22:17:07,255 - INFO - Loading MIDI file: ride_ride_crash_ghost_single_100.mid
2025-07-22 22:17:13,630 - INFO - MIDI file loaded: ride_ride_crash_ghost_single_100.mid
2025-07-22 22:17:13,630 - INFO - Rendering audio: ride_ride_crash_ghost_single_100
2025-07-22 22:17:48,025 - ERROR - Render timeout for ride_ride_crash_ghost_single_100
2025-07-22 22:17:48,030 - ERROR - Failed to process ride_ride_crash_ghost_single_100.mid: Failed to render audio
2025-07-22 22:17:48,030 - INFO - Progress: 72.7% (421/579)
2025-07-22 22:17:48,530 - INFO - Processing 422/579: ride_ride_crash_ghost_sustained_103.mid
2025-07-22 22:17:48,531 - INFO - Processing MIDI file: ride_ride_crash_ghost_sustained_103.mid
2025-07-22 22:17:48,531 - INFO - Loading MIDI file: ride_ride_crash_ghost_sustained_103.mid
2025-07-22 22:17:54,909 - INFO - MIDI file loaded: ride_ride_crash_ghost_sustained_103.mid
2025-07-22 22:17:54,910 - INFO - Rendering audio: ride_ride_crash_ghost_sustained_103
2025-07-22 22:18:29,304 - ERROR - Render timeout for ride_ride_crash_ghost_sustained_103
2025-07-22 22:18:29,310 - ERROR - Failed to process ride_ride_crash_ghost_sustained_103.mid: Failed to render audio
2025-07-22 22:18:29,311 - INFO - Progress: 72.9% (422/579)
2025-07-22 22:18:29,811 - INFO - Processing 423/579: ride_ride_crash_ghost_triplet_102.mid
2025-07-22 22:18:29,812 - INFO - Processing MIDI file: ride_ride_crash_ghost_triplet_102.mid
2025-07-22 22:18:29,812 - INFO - Loading MIDI file: ride_ride_crash_ghost_triplet_102.mid
2025-07-22 22:18:36,189 - INFO - MIDI file loaded: ride_ride_crash_ghost_triplet_102.mid
2025-07-22 22:18:36,189 - INFO - Rendering audio: ride_ride_crash_ghost_triplet_102
2025-07-22 22:19:10,579 - ERROR - Render timeout for ride_ride_crash_ghost_triplet_102
2025-07-22 22:19:10,586 - ERROR - Failed to process ride_ride_crash_ghost_triplet_102.mid: Failed to render audio
2025-07-22 22:19:10,586 - INFO - Progress: 73.1% (423/579)
2025-07-22 22:19:11,086 - INFO - Processing 424/579: ride_ride_crash_hard_double_121.mid
2025-07-22 22:19:11,087 - INFO - Processing MIDI file: ride_ride_crash_hard_double_121.mid
2025-07-22 22:19:11,087 - INFO - Loading MIDI file: ride_ride_crash_hard_double_121.mid
2025-07-22 22:19:17,462 - INFO - MIDI file loaded: ride_ride_crash_hard_double_121.mid
2025-07-22 22:19:17,463 - INFO - Rendering audio: ride_ride_crash_hard_double_121
2025-07-22 22:19:51,856 - ERROR - Render timeout for ride_ride_crash_hard_double_121
2025-07-22 22:19:51,861 - ERROR - Failed to process ride_ride_crash_hard_double_121.mid: Failed to render audio
2025-07-22 22:19:51,861 - INFO - Progress: 73.2% (424/579)
2025-07-22 22:19:52,362 - INFO - Processing 425/579: ride_ride_crash_hard_single_120.mid
2025-07-22 22:19:52,362 - INFO - Processing MIDI file: ride_ride_crash_hard_single_120.mid
2025-07-22 22:19:52,363 - INFO - Loading MIDI file: ride_ride_crash_hard_single_120.mid
2025-07-22 22:19:58,738 - INFO - MIDI file loaded: ride_ride_crash_hard_single_120.mid
2025-07-22 22:19:58,738 - INFO - Rendering audio: ride_ride_crash_hard_single_120
2025-07-22 22:20:33,132 - ERROR - Render timeout for ride_ride_crash_hard_single_120
2025-07-22 22:20:33,137 - ERROR - Failed to process ride_ride_crash_hard_single_120.mid: Failed to render audio
2025-07-22 22:20:33,137 - INFO - Progress: 73.4% (425/579)
2025-07-22 22:20:33,638 - INFO - Processing 426/579: ride_ride_crash_hard_sustained_123.mid
2025-07-22 22:20:33,638 - INFO - Processing MIDI file: ride_ride_crash_hard_sustained_123.mid
2025-07-22 22:20:33,638 - INFO - Loading MIDI file: ride_ride_crash_hard_sustained_123.mid
2025-07-22 22:20:40,017 - INFO - MIDI file loaded: ride_ride_crash_hard_sustained_123.mid
2025-07-22 22:20:40,017 - INFO - Rendering audio: ride_ride_crash_hard_sustained_123
2025-07-22 22:21:14,412 - ERROR - Render timeout for ride_ride_crash_hard_sustained_123
2025-07-22 22:21:14,419 - ERROR - Failed to process ride_ride_crash_hard_sustained_123.mid: Failed to render audio
2025-07-22 22:21:14,419 - INFO - Progress: 73.6% (426/579)
2025-07-22 22:21:14,920 - INFO - Processing 427/579: ride_ride_crash_hard_triplet_122.mid
2025-07-22 22:21:14,920 - INFO - Processing MIDI file: ride_ride_crash_hard_triplet_122.mid
2025-07-22 22:21:14,920 - INFO - Loading MIDI file: ride_ride_crash_hard_triplet_122.mid
2025-07-22 22:21:21,298 - INFO - MIDI file loaded: ride_ride_crash_hard_triplet_122.mid
2025-07-22 22:21:21,298 - INFO - Rendering audio: ride_ride_crash_hard_triplet_122
2025-07-22 22:21:55,692 - ERROR - Render timeout for ride_ride_crash_hard_triplet_122
2025-07-22 22:21:55,697 - ERROR - Failed to process ride_ride_crash_hard_triplet_122.mid: Failed to render audio
2025-07-22 22:21:55,698 - INFO - Progress: 73.7% (427/579)
2025-07-22 22:21:56,199 - INFO - Processing 428/579: ride_ride_crash_medium_double_113.mid
2025-07-22 22:21:56,199 - INFO - Processing MIDI file: ride_ride_crash_medium_double_113.mid
2025-07-22 22:21:56,199 - INFO - Loading MIDI file: ride_ride_crash_medium_double_113.mid
2025-07-22 22:22:02,573 - INFO - MIDI file loaded: ride_ride_crash_medium_double_113.mid
2025-07-22 22:22:02,574 - INFO - Rendering audio: ride_ride_crash_medium_double_113
2025-07-22 22:22:36,969 - ERROR - Render timeout for ride_ride_crash_medium_double_113
2025-07-22 22:22:36,975 - ERROR - Failed to process ride_ride_crash_medium_double_113.mid: Failed to render audio
2025-07-22 22:22:36,976 - INFO - Progress: 73.9% (428/579)
2025-07-22 22:22:37,476 - INFO - Processing 429/579: ride_ride_crash_medium_hard_double_117.mid
2025-07-22 22:22:37,477 - INFO - Processing MIDI file: ride_ride_crash_medium_hard_double_117.mid
2025-07-22 22:22:37,477 - INFO - Loading MIDI file: ride_ride_crash_medium_hard_double_117.mid
2025-07-22 22:22:43,859 - INFO - MIDI file loaded: ride_ride_crash_medium_hard_double_117.mid
2025-07-22 22:22:43,859 - INFO - Rendering audio: ride_ride_crash_medium_hard_double_117
2025-07-22 22:23:18,258 - ERROR - Render timeout for ride_ride_crash_medium_hard_double_117
2025-07-22 22:23:18,263 - ERROR - Failed to process ride_ride_crash_medium_hard_double_117.mid: Failed to render audio
2025-07-22 22:23:18,263 - INFO - Progress: 74.1% (429/579)
2025-07-22 22:23:18,764 - INFO - Processing 430/579: ride_ride_crash_medium_hard_single_116.mid
2025-07-22 22:23:18,764 - INFO - Processing MIDI file: ride_ride_crash_medium_hard_single_116.mid
2025-07-22 22:23:18,765 - INFO - Loading MIDI file: ride_ride_crash_medium_hard_single_116.mid
2025-07-22 22:23:25,145 - INFO - MIDI file loaded: ride_ride_crash_medium_hard_single_116.mid
2025-07-22 22:23:25,146 - INFO - Rendering audio: ride_ride_crash_medium_hard_single_116
2025-07-22 22:23:59,544 - ERROR - Render timeout for ride_ride_crash_medium_hard_single_116
2025-07-22 22:23:59,550 - ERROR - Failed to process ride_ride_crash_medium_hard_single_116.mid: Failed to render audio
2025-07-22 22:23:59,550 - INFO - Progress: 74.3% (430/579)
2025-07-22 22:24:00,051 - INFO - Processing 431/579: ride_ride_crash_medium_hard_sustained_119.mid
2025-07-22 22:24:00,051 - INFO - Processing MIDI file: ride_ride_crash_medium_hard_sustained_119.mid
2025-07-22 22:24:00,051 - INFO - Loading MIDI file: ride_ride_crash_medium_hard_sustained_119.mid
2025-07-22 22:24:06,434 - INFO - MIDI file loaded: ride_ride_crash_medium_hard_sustained_119.mid
2025-07-22 22:24:06,435 - INFO - Rendering audio: ride_ride_crash_medium_hard_sustained_119
2025-07-22 22:24:40,838 - ERROR - Render timeout for ride_ride_crash_medium_hard_sustained_119
2025-07-22 22:24:40,843 - ERROR - Failed to process ride_ride_crash_medium_hard_sustained_119.mid: Failed to render audio
2025-07-22 22:24:40,843 - INFO - Progress: 74.4% (431/579)
2025-07-22 22:24:41,344 - INFO - Processing 432/579: ride_ride_crash_medium_hard_triplet_118.mid
2025-07-22 22:24:41,344 - INFO - Processing MIDI file: ride_ride_crash_medium_hard_triplet_118.mid
2025-07-22 22:24:41,344 - INFO - Loading MIDI file: ride_ride_crash_medium_hard_triplet_118.mid
2025-07-22 22:24:47,725 - INFO - MIDI file loaded: ride_ride_crash_medium_hard_triplet_118.mid
2025-07-22 22:24:47,726 - INFO - Rendering audio: ride_ride_crash_medium_hard_triplet_118
2025-07-22 22:25:22,122 - ERROR - Render timeout for ride_ride_crash_medium_hard_triplet_118
2025-07-22 22:25:22,128 - ERROR - Failed to process ride_ride_crash_medium_hard_triplet_118.mid: Failed to render audio
2025-07-22 22:25:22,128 - INFO - Progress: 74.6% (432/579)
2025-07-22 22:25:22,629 - INFO - Processing 433/579: ride_ride_crash_medium_single_112.mid
2025-07-22 22:25:22,629 - INFO - Processing MIDI file: ride_ride_crash_medium_single_112.mid
2025-07-22 22:25:22,629 - INFO - Loading MIDI file: ride_ride_crash_medium_single_112.mid
2025-07-22 22:25:29,006 - INFO - MIDI file loaded: ride_ride_crash_medium_single_112.mid
2025-07-22 22:25:29,006 - INFO - Rendering audio: ride_ride_crash_medium_single_112
2025-07-22 22:26:03,399 - ERROR - Render timeout for ride_ride_crash_medium_single_112
2025-07-22 22:26:03,404 - ERROR - Failed to process ride_ride_crash_medium_single_112.mid: Failed to render audio
2025-07-22 22:26:03,405 - INFO - Progress: 74.8% (433/579)
2025-07-22 22:26:03,905 - INFO - Processing 434/579: ride_ride_crash_medium_soft_double_109.mid
2025-07-22 22:26:03,905 - INFO - Processing MIDI file: ride_ride_crash_medium_soft_double_109.mid
2025-07-22 22:26:03,906 - INFO - Loading MIDI file: ride_ride_crash_medium_soft_double_109.mid
2025-07-22 22:26:10,285 - INFO - MIDI file loaded: ride_ride_crash_medium_soft_double_109.mid
2025-07-22 22:26:10,285 - INFO - Rendering audio: ride_ride_crash_medium_soft_double_109
2025-07-22 22:26:44,685 - ERROR - Render timeout for ride_ride_crash_medium_soft_double_109
2025-07-22 22:26:44,690 - ERROR - Failed to process ride_ride_crash_medium_soft_double_109.mid: Failed to render audio
2025-07-22 22:26:44,690 - INFO - Progress: 75.0% (434/579)
2025-07-22 22:26:45,191 - INFO - Processing 435/579: ride_ride_crash_medium_soft_single_108.mid
2025-07-22 22:26:45,191 - INFO - Processing MIDI file: ride_ride_crash_medium_soft_single_108.mid
2025-07-22 22:26:45,192 - INFO - Loading MIDI file: ride_ride_crash_medium_soft_single_108.mid
2025-07-22 22:26:51,572 - INFO - MIDI file loaded: ride_ride_crash_medium_soft_single_108.mid
2025-07-22 22:26:51,573 - INFO - Rendering audio: ride_ride_crash_medium_soft_single_108
2025-07-22 22:27:25,975 - ERROR - Render timeout for ride_ride_crash_medium_soft_single_108
2025-07-22 22:27:25,981 - ERROR - Failed to process ride_ride_crash_medium_soft_single_108.mid: Failed to render audio
2025-07-22 22:27:25,981 - INFO - Progress: 75.1% (435/579)
2025-07-22 22:27:26,482 - INFO - Processing 436/579: ride_ride_crash_medium_soft_sustained_111.mid
2025-07-22 22:27:26,482 - INFO - Processing MIDI file: ride_ride_crash_medium_soft_sustained_111.mid
2025-07-22 22:27:26,483 - INFO - Loading MIDI file: ride_ride_crash_medium_soft_sustained_111.mid
2025-07-22 22:27:32,868 - INFO - MIDI file loaded: ride_ride_crash_medium_soft_sustained_111.mid
2025-07-22 22:27:32,868 - INFO - Rendering audio: ride_ride_crash_medium_soft_sustained_111
2025-07-22 22:28:07,270 - ERROR - Render timeout for ride_ride_crash_medium_soft_sustained_111
2025-07-22 22:28:07,276 - ERROR - Failed to process ride_ride_crash_medium_soft_sustained_111.mid: Failed to render audio
2025-07-22 22:28:07,276 - INFO - Progress: 75.3% (436/579)
2025-07-22 22:28:07,776 - INFO - Processing 437/579: ride_ride_crash_medium_soft_triplet_110.mid
2025-07-22 22:28:07,777 - INFO - Processing MIDI file: ride_ride_crash_medium_soft_triplet_110.mid
2025-07-22 22:28:07,777 - INFO - Loading MIDI file: ride_ride_crash_medium_soft_triplet_110.mid
2025-07-22 22:28:14,157 - INFO - MIDI file loaded: ride_ride_crash_medium_soft_triplet_110.mid
2025-07-22 22:28:14,158 - INFO - Rendering audio: ride_ride_crash_medium_soft_triplet_110
2025-07-22 22:28:48,558 - ERROR - Render timeout for ride_ride_crash_medium_soft_triplet_110
2025-07-22 22:28:48,563 - ERROR - Failed to process ride_ride_crash_medium_soft_triplet_110.mid: Failed to render audio
2025-07-22 22:28:48,564 - INFO - Progress: 75.5% (437/579)
2025-07-22 22:28:49,064 - INFO - Processing 438/579: ride_ride_crash_medium_sustained_115.mid
2025-07-22 22:28:49,065 - INFO - Processing MIDI file: ride_ride_crash_medium_sustained_115.mid
2025-07-22 22:28:49,065 - INFO - Loading MIDI file: ride_ride_crash_medium_sustained_115.mid
2025-07-22 22:28:55,447 - INFO - MIDI file loaded: ride_ride_crash_medium_sustained_115.mid
2025-07-22 22:28:55,447 - INFO - Rendering audio: ride_ride_crash_medium_sustained_115
2025-07-22 22:29:29,841 - ERROR - Render timeout for ride_ride_crash_medium_sustained_115
2025-07-22 22:29:29,847 - ERROR - Failed to process ride_ride_crash_medium_sustained_115.mid: Failed to render audio
2025-07-22 22:29:29,847 - INFO - Progress: 75.6% (438/579)
2025-07-22 22:29:30,348 - INFO - Processing 439/579: ride_ride_crash_medium_triplet_114.mid
2025-07-22 22:29:30,348 - INFO - Processing MIDI file: ride_ride_crash_medium_triplet_114.mid
2025-07-22 22:29:30,349 - INFO - Loading MIDI file: ride_ride_crash_medium_triplet_114.mid
2025-07-22 22:29:36,725 - INFO - MIDI file loaded: ride_ride_crash_medium_triplet_114.mid
2025-07-22 22:29:36,726 - INFO - Rendering audio: ride_ride_crash_medium_triplet_114
2025-07-22 22:30:11,119 - ERROR - Render timeout for ride_ride_crash_medium_triplet_114
2025-07-22 22:30:11,125 - ERROR - Failed to process ride_ride_crash_medium_triplet_114.mid: Failed to render audio
2025-07-22 22:30:11,125 - INFO - Progress: 75.8% (439/579)
2025-07-22 22:30:11,625 - INFO - Processing 440/579: ride_ride_crash_soft_double_105.mid
2025-07-22 22:30:11,626 - INFO - Processing MIDI file: ride_ride_crash_soft_double_105.mid
2025-07-22 22:30:11,626 - INFO - Loading MIDI file: ride_ride_crash_soft_double_105.mid
2025-07-22 22:30:18,001 - INFO - MIDI file loaded: ride_ride_crash_soft_double_105.mid
2025-07-22 22:30:18,002 - INFO - Rendering audio: ride_ride_crash_soft_double_105
2025-07-22 22:30:52,392 - ERROR - Render timeout for ride_ride_crash_soft_double_105
2025-07-22 22:30:52,398 - ERROR - Failed to process ride_ride_crash_soft_double_105.mid: Failed to render audio
2025-07-22 22:30:52,398 - INFO - Progress: 76.0% (440/579)
2025-07-22 22:30:52,899 - INFO - Processing 441/579: ride_ride_crash_soft_single_104.mid
2025-07-22 22:30:52,899 - INFO - Processing MIDI file: ride_ride_crash_soft_single_104.mid
2025-07-22 22:30:52,899 - INFO - Loading MIDI file: ride_ride_crash_soft_single_104.mid
2025-07-22 22:30:59,273 - INFO - MIDI file loaded: ride_ride_crash_soft_single_104.mid
2025-07-22 22:30:59,273 - INFO - Rendering audio: ride_ride_crash_soft_single_104
2025-07-22 22:31:33,668 - ERROR - Render timeout for ride_ride_crash_soft_single_104
2025-07-22 22:31:33,673 - ERROR - Failed to process ride_ride_crash_soft_single_104.mid: Failed to render audio
2025-07-22 22:31:33,674 - INFO - Progress: 76.2% (441/579)
2025-07-22 22:31:34,174 - INFO - Processing 442/579: ride_ride_crash_soft_sustained_107.mid
2025-07-22 22:31:34,174 - INFO - Processing MIDI file: ride_ride_crash_soft_sustained_107.mid
2025-07-22 22:31:34,175 - INFO - Loading MIDI file: ride_ride_crash_soft_sustained_107.mid
2025-07-22 22:31:40,551 - INFO - MIDI file loaded: ride_ride_crash_soft_sustained_107.mid
2025-07-22 22:31:40,551 - INFO - Rendering audio: ride_ride_crash_soft_sustained_107
2025-07-22 22:32:14,949 - ERROR - Render timeout for ride_ride_crash_soft_sustained_107
2025-07-22 22:32:14,955 - ERROR - Failed to process ride_ride_crash_soft_sustained_107.mid: Failed to render audio
2025-07-22 22:32:14,955 - INFO - Progress: 76.3% (442/579)
2025-07-22 22:32:15,456 - INFO - Processing 443/579: ride_ride_crash_soft_triplet_106.mid
2025-07-22 22:32:15,457 - INFO - Processing MIDI file: ride_ride_crash_soft_triplet_106.mid
2025-07-22 22:32:15,457 - INFO - Loading MIDI file: ride_ride_crash_soft_triplet_106.mid
2025-07-22 22:32:21,834 - INFO - MIDI file loaded: ride_ride_crash_soft_triplet_106.mid
2025-07-22 22:32:21,834 - INFO - Rendering audio: ride_ride_crash_soft_triplet_106
2025-07-22 22:32:56,228 - ERROR - Render timeout for ride_ride_crash_soft_triplet_106
2025-07-22 22:32:56,234 - ERROR - Failed to process ride_ride_crash_soft_triplet_106.mid: Failed to render audio
2025-07-22 22:32:56,234 - INFO - Progress: 76.5% (443/579)
2025-07-22 22:32:56,735 - INFO - Processing 444/579: ride_ride_crash_whisper_double_097.mid
2025-07-22 22:32:56,735 - INFO - Processing MIDI file: ride_ride_crash_whisper_double_097.mid
2025-07-22 22:32:56,735 - INFO - Loading MIDI file: ride_ride_crash_whisper_double_097.mid
2025-07-22 22:33:03,112 - INFO - MIDI file loaded: ride_ride_crash_whisper_double_097.mid
2025-07-22 22:33:03,112 - INFO - Rendering audio: ride_ride_crash_whisper_double_097
2025-07-22 22:33:37,510 - ERROR - Render timeout for ride_ride_crash_whisper_double_097
2025-07-22 22:33:37,515 - ERROR - Failed to process ride_ride_crash_whisper_double_097.mid: Failed to render audio
2025-07-22 22:33:37,515 - INFO - Progress: 76.7% (444/579)
2025-07-22 22:33:38,016 - INFO - Processing 445/579: ride_ride_crash_whisper_single_096.mid
2025-07-22 22:33:38,016 - INFO - Processing MIDI file: ride_ride_crash_whisper_single_096.mid
2025-07-22 22:33:38,016 - INFO - Loading MIDI file: ride_ride_crash_whisper_single_096.mid
2025-07-22 22:33:44,394 - INFO - MIDI file loaded: ride_ride_crash_whisper_single_096.mid
2025-07-22 22:33:44,394 - INFO - Rendering audio: ride_ride_crash_whisper_single_096
2025-07-22 22:34:18,789 - ERROR - Render timeout for ride_ride_crash_whisper_single_096
2025-07-22 22:34:18,794 - ERROR - Failed to process ride_ride_crash_whisper_single_096.mid: Failed to render audio
2025-07-22 22:34:18,795 - INFO - Progress: 76.9% (445/579)
2025-07-22 22:34:19,295 - INFO - Processing 446/579: ride_ride_crash_whisper_sustained_099.mid
2025-07-22 22:34:19,296 - INFO - Processing MIDI file: ride_ride_crash_whisper_sustained_099.mid
2025-07-22 22:34:19,296 - INFO - Loading MIDI file: ride_ride_crash_whisper_sustained_099.mid
2025-07-22 22:34:25,675 - INFO - MIDI file loaded: ride_ride_crash_whisper_sustained_099.mid
2025-07-22 22:34:25,676 - INFO - Rendering audio: ride_ride_crash_whisper_sustained_099
2025-07-22 22:35:00,081 - ERROR - Render timeout for ride_ride_crash_whisper_sustained_099
2025-07-22 22:35:00,087 - ERROR - Failed to process ride_ride_crash_whisper_sustained_099.mid: Failed to render audio
2025-07-22 22:35:00,088 - INFO - Progress: 77.0% (446/579)
2025-07-22 22:35:00,588 - INFO - Processing 447/579: ride_ride_crash_whisper_triplet_098.mid
2025-07-22 22:35:00,588 - INFO - Processing MIDI file: ride_ride_crash_whisper_triplet_098.mid
2025-07-22 22:35:00,589 - INFO - Loading MIDI file: ride_ride_crash_whisper_triplet_098.mid
2025-07-22 22:35:06,965 - INFO - MIDI file loaded: ride_ride_crash_whisper_triplet_098.mid
2025-07-22 22:35:06,965 - INFO - Rendering audio: ride_ride_crash_whisper_triplet_098
2025-07-22 22:35:41,359 - ERROR - Render timeout for ride_ride_crash_whisper_triplet_098
2025-07-22 22:35:41,364 - ERROR - Failed to process ride_ride_crash_whisper_triplet_098.mid: Failed to render audio
2025-07-22 22:35:41,364 - INFO - Progress: 77.2% (447/579)
2025-07-22 22:35:41,865 - INFO - Processing 448/579: ride_ride_edge_crash_double_061.mid
2025-07-22 22:35:41,865 - INFO - Processing MIDI file: ride_ride_edge_crash_double_061.mid
2025-07-22 22:35:41,865 - INFO - Loading MIDI file: ride_ride_edge_crash_double_061.mid
2025-07-22 22:35:48,240 - INFO - MIDI file loaded: ride_ride_edge_crash_double_061.mid
2025-07-22 22:35:48,240 - INFO - Rendering audio: ride_ride_edge_crash_double_061
2025-07-22 22:36:22,632 - ERROR - Render timeout for ride_ride_edge_crash_double_061
2025-07-22 22:36:22,638 - ERROR - Failed to process ride_ride_edge_crash_double_061.mid: Failed to render audio
2025-07-22 22:36:22,638 - INFO - Progress: 77.4% (448/579)
2025-07-22 22:36:23,139 - INFO - Processing 449/579: ride_ride_edge_crash_single_060.mid
2025-07-22 22:36:23,140 - INFO - Processing MIDI file: ride_ride_edge_crash_single_060.mid
2025-07-22 22:36:23,140 - INFO - Loading MIDI file: ride_ride_edge_crash_single_060.mid
2025-07-22 22:36:29,517 - INFO - MIDI file loaded: ride_ride_edge_crash_single_060.mid
2025-07-22 22:36:29,517 - INFO - Rendering audio: ride_ride_edge_crash_single_060
2025-07-22 22:37:03,913 - ERROR - Render timeout for ride_ride_edge_crash_single_060
2025-07-22 22:37:03,919 - ERROR - Failed to process ride_ride_edge_crash_single_060.mid: Failed to render audio
2025-07-22 22:37:03,919 - INFO - Progress: 77.5% (449/579)
2025-07-22 22:37:04,419 - INFO - Processing 450/579: ride_ride_edge_crash_sustained_063.mid
2025-07-22 22:37:04,420 - INFO - Processing MIDI file: ride_ride_edge_crash_sustained_063.mid
2025-07-22 22:37:04,420 - INFO - Loading MIDI file: ride_ride_edge_crash_sustained_063.mid
2025-07-22 22:37:10,800 - INFO - MIDI file loaded: ride_ride_edge_crash_sustained_063.mid
2025-07-22 22:37:10,800 - INFO - Rendering audio: ride_ride_edge_crash_sustained_063
2025-07-22 22:37:45,194 - ERROR - Render timeout for ride_ride_edge_crash_sustained_063
2025-07-22 22:37:45,200 - ERROR - Failed to process ride_ride_edge_crash_sustained_063.mid: Failed to render audio
2025-07-22 22:37:45,200 - INFO - Progress: 77.7% (450/579)
2025-07-22 22:37:45,701 - INFO - Processing 451/579: ride_ride_edge_crash_triplet_062.mid
2025-07-22 22:37:45,701 - INFO - Processing MIDI file: ride_ride_edge_crash_triplet_062.mid
2025-07-22 22:37:45,701 - INFO - Loading MIDI file: ride_ride_edge_crash_triplet_062.mid
2025-07-22 22:37:52,076 - INFO - MIDI file loaded: ride_ride_edge_crash_triplet_062.mid
2025-07-22 22:37:52,077 - INFO - Rendering audio: ride_ride_edge_crash_triplet_062
2025-07-22 22:38:26,469 - ERROR - Render timeout for ride_ride_edge_crash_triplet_062
2025-07-22 22:38:26,476 - ERROR - Failed to process ride_ride_edge_crash_triplet_062.mid: Failed to render audio
2025-07-22 22:38:26,476 - INFO - Progress: 77.9% (451/579)
2025-07-22 22:38:26,977 - INFO - Processing 452/579: ride_ride_edge_ghost_double_037.mid
2025-07-22 22:38:26,977 - INFO - Processing MIDI file: ride_ride_edge_ghost_double_037.mid
2025-07-22 22:38:26,977 - INFO - Loading MIDI file: ride_ride_edge_ghost_double_037.mid
2025-07-22 22:38:33,351 - INFO - MIDI file loaded: ride_ride_edge_ghost_double_037.mid
2025-07-22 22:38:33,352 - INFO - Rendering audio: ride_ride_edge_ghost_double_037
2025-07-22 22:39:07,742 - ERROR - Render timeout for ride_ride_edge_ghost_double_037
2025-07-22 22:39:07,748 - ERROR - Failed to process ride_ride_edge_ghost_double_037.mid: Failed to render audio
2025-07-22 22:39:07,748 - INFO - Progress: 78.1% (452/579)
2025-07-22 22:39:08,249 - INFO - Processing 453/579: ride_ride_edge_ghost_single_036.mid
2025-07-22 22:39:08,250 - INFO - Processing MIDI file: ride_ride_edge_ghost_single_036.mid
2025-07-22 22:39:08,250 - INFO - Loading MIDI file: ride_ride_edge_ghost_single_036.mid
2025-07-22 22:39:14,625 - INFO - MIDI file loaded: ride_ride_edge_ghost_single_036.mid
2025-07-22 22:39:14,625 - INFO - Rendering audio: ride_ride_edge_ghost_single_036
2025-07-22 22:39:49,020 - ERROR - Render timeout for ride_ride_edge_ghost_single_036
2025-07-22 22:39:49,026 - ERROR - Failed to process ride_ride_edge_ghost_single_036.mid: Failed to render audio
2025-07-22 22:39:49,026 - INFO - Progress: 78.2% (453/579)
2025-07-22 22:39:49,527 - INFO - Processing 454/579: ride_ride_edge_ghost_sustained_039.mid
2025-07-22 22:39:49,527 - INFO - Processing MIDI file: ride_ride_edge_ghost_sustained_039.mid
2025-07-22 22:39:49,527 - INFO - Loading MIDI file: ride_ride_edge_ghost_sustained_039.mid
2025-07-22 22:39:55,905 - INFO - MIDI file loaded: ride_ride_edge_ghost_sustained_039.mid
2025-07-22 22:39:55,906 - INFO - Rendering audio: ride_ride_edge_ghost_sustained_039
2025-07-22 22:40:30,299 - ERROR - Render timeout for ride_ride_edge_ghost_sustained_039
2025-07-22 22:40:30,305 - ERROR - Failed to process ride_ride_edge_ghost_sustained_039.mid: Failed to render audio
2025-07-22 22:40:30,305 - INFO - Progress: 78.4% (454/579)
2025-07-22 22:40:30,805 - INFO - Processing 455/579: ride_ride_edge_ghost_triplet_038.mid
2025-07-22 22:40:30,805 - INFO - Processing MIDI file: ride_ride_edge_ghost_triplet_038.mid
2025-07-22 22:40:30,806 - INFO - Loading MIDI file: ride_ride_edge_ghost_triplet_038.mid
2025-07-22 22:40:37,182 - INFO - MIDI file loaded: ride_ride_edge_ghost_triplet_038.mid
2025-07-22 22:40:37,183 - INFO - Rendering audio: ride_ride_edge_ghost_triplet_038
2025-07-22 22:41:11,578 - ERROR - Render timeout for ride_ride_edge_ghost_triplet_038
2025-07-22 22:41:11,583 - ERROR - Failed to process ride_ride_edge_ghost_triplet_038.mid: Failed to render audio
2025-07-22 22:41:11,583 - INFO - Progress: 78.6% (455/579)
2025-07-22 22:41:12,084 - INFO - Processing 456/579: ride_ride_edge_hard_double_057.mid
2025-07-22 22:41:12,085 - INFO - Processing MIDI file: ride_ride_edge_hard_double_057.mid
2025-07-22 22:41:12,085 - INFO - Loading MIDI file: ride_ride_edge_hard_double_057.mid
2025-07-22 22:41:18,461 - INFO - MIDI file loaded: ride_ride_edge_hard_double_057.mid
2025-07-22 22:41:18,461 - INFO - Rendering audio: ride_ride_edge_hard_double_057
2025-07-22 22:41:52,854 - ERROR - Render timeout for ride_ride_edge_hard_double_057
2025-07-22 22:41:52,859 - ERROR - Failed to process ride_ride_edge_hard_double_057.mid: Failed to render audio
2025-07-22 22:41:52,859 - INFO - Progress: 78.8% (456/579)
2025-07-22 22:41:53,360 - INFO - Processing 457/579: ride_ride_edge_hard_single_056.mid
2025-07-22 22:41:53,361 - INFO - Processing MIDI file: ride_ride_edge_hard_single_056.mid
2025-07-22 22:41:53,361 - INFO - Loading MIDI file: ride_ride_edge_hard_single_056.mid
2025-07-22 22:41:59,737 - INFO - MIDI file loaded: ride_ride_edge_hard_single_056.mid
2025-07-22 22:41:59,737 - INFO - Rendering audio: ride_ride_edge_hard_single_056
2025-07-22 22:42:34,132 - ERROR - Render timeout for ride_ride_edge_hard_single_056
2025-07-22 22:42:34,138 - ERROR - Failed to process ride_ride_edge_hard_single_056.mid: Failed to render audio
2025-07-22 22:42:34,138 - INFO - Progress: 78.9% (457/579)
2025-07-22 22:42:34,639 - INFO - Processing 458/579: ride_ride_edge_hard_sustained_059.mid
2025-07-22 22:42:34,639 - INFO - Processing MIDI file: ride_ride_edge_hard_sustained_059.mid
2025-07-22 22:42:34,640 - INFO - Loading MIDI file: ride_ride_edge_hard_sustained_059.mid
2025-07-22 22:42:41,017 - INFO - MIDI file loaded: ride_ride_edge_hard_sustained_059.mid
2025-07-22 22:42:41,017 - INFO - Rendering audio: ride_ride_edge_hard_sustained_059
2025-07-22 22:43:15,413 - ERROR - Render timeout for ride_ride_edge_hard_sustained_059
2025-07-22 22:43:15,419 - ERROR - Failed to process ride_ride_edge_hard_sustained_059.mid: Failed to render audio
2025-07-22 22:43:15,419 - INFO - Progress: 79.1% (458/579)
2025-07-22 22:43:15,919 - INFO - Processing 459/579: ride_ride_edge_hard_triplet_058.mid
2025-07-22 22:43:15,919 - INFO - Processing MIDI file: ride_ride_edge_hard_triplet_058.mid
2025-07-22 22:43:15,920 - INFO - Loading MIDI file: ride_ride_edge_hard_triplet_058.mid
2025-07-22 22:43:22,295 - INFO - MIDI file loaded: ride_ride_edge_hard_triplet_058.mid
2025-07-22 22:43:22,296 - INFO - Rendering audio: ride_ride_edge_hard_triplet_058
2025-07-22 22:43:56,687 - ERROR - Render timeout for ride_ride_edge_hard_triplet_058
2025-07-22 22:43:56,692 - ERROR - Failed to process ride_ride_edge_hard_triplet_058.mid: Failed to render audio
2025-07-22 22:43:56,693 - INFO - Progress: 79.3% (459/579)
2025-07-22 22:43:57,194 - INFO - Processing 460/579: ride_ride_edge_medium_double_049.mid
2025-07-22 22:43:57,194 - INFO - Processing MIDI file: ride_ride_edge_medium_double_049.mid
2025-07-22 22:43:57,194 - INFO - Loading MIDI file: ride_ride_edge_medium_double_049.mid
2025-07-22 22:44:03,572 - INFO - MIDI file loaded: ride_ride_edge_medium_double_049.mid
2025-07-22 22:44:03,572 - INFO - Rendering audio: ride_ride_edge_medium_double_049
2025-07-22 22:44:37,965 - ERROR - Render timeout for ride_ride_edge_medium_double_049
2025-07-22 22:44:37,971 - ERROR - Failed to process ride_ride_edge_medium_double_049.mid: Failed to render audio
2025-07-22 22:44:37,972 - INFO - Progress: 79.4% (460/579)
2025-07-22 22:44:38,472 - INFO - Processing 461/579: ride_ride_edge_medium_hard_double_053.mid
2025-07-22 22:44:38,472 - INFO - Processing MIDI file: ride_ride_edge_medium_hard_double_053.mid
2025-07-22 22:44:38,473 - INFO - Loading MIDI file: ride_ride_edge_medium_hard_double_053.mid
2025-07-22 22:44:44,855 - INFO - MIDI file loaded: ride_ride_edge_medium_hard_double_053.mid
2025-07-22 22:44:44,855 - INFO - Rendering audio: ride_ride_edge_medium_hard_double_053
2025-07-22 22:45:19,252 - ERROR - Render timeout for ride_ride_edge_medium_hard_double_053
2025-07-22 22:45:19,258 - ERROR - Failed to process ride_ride_edge_medium_hard_double_053.mid: Failed to render audio
2025-07-22 22:45:19,259 - INFO - Progress: 79.6% (461/579)
2025-07-22 22:45:19,759 - INFO - Processing 462/579: ride_ride_edge_medium_hard_single_052.mid
2025-07-22 22:45:19,760 - INFO - Processing MIDI file: ride_ride_edge_medium_hard_single_052.mid
2025-07-22 22:45:19,760 - INFO - Loading MIDI file: ride_ride_edge_medium_hard_single_052.mid
2025-07-22 22:45:26,143 - INFO - MIDI file loaded: ride_ride_edge_medium_hard_single_052.mid
2025-07-22 22:45:26,143 - INFO - Rendering audio: ride_ride_edge_medium_hard_single_052
2025-07-22 22:46:00,541 - ERROR - Render timeout for ride_ride_edge_medium_hard_single_052
2025-07-22 22:46:00,547 - ERROR - Failed to process ride_ride_edge_medium_hard_single_052.mid: Failed to render audio
2025-07-22 22:46:00,547 - INFO - Progress: 79.8% (462/579)
2025-07-22 22:46:01,048 - INFO - Processing 463/579: ride_ride_edge_medium_hard_sustained_055.mid
2025-07-22 22:46:01,048 - INFO - Processing MIDI file: ride_ride_edge_medium_hard_sustained_055.mid
2025-07-22 22:46:01,048 - INFO - Loading MIDI file: ride_ride_edge_medium_hard_sustained_055.mid
2025-07-22 22:46:07,432 - INFO - MIDI file loaded: ride_ride_edge_medium_hard_sustained_055.mid
2025-07-22 22:46:07,432 - INFO - Rendering audio: ride_ride_edge_medium_hard_sustained_055
2025-07-22 22:46:41,831 - ERROR - Render timeout for ride_ride_edge_medium_hard_sustained_055
2025-07-22 22:46:41,837 - ERROR - Failed to process ride_ride_edge_medium_hard_sustained_055.mid: Failed to render audio
2025-07-22 22:46:41,837 - INFO - Progress: 80.0% (463/579)
2025-07-22 22:46:42,337 - INFO - Processing 464/579: ride_ride_edge_medium_hard_triplet_054.mid
2025-07-22 22:46:42,338 - INFO - Processing MIDI file: ride_ride_edge_medium_hard_triplet_054.mid
2025-07-22 22:46:42,338 - INFO - Loading MIDI file: ride_ride_edge_medium_hard_triplet_054.mid
2025-07-22 22:46:48,720 - INFO - MIDI file loaded: ride_ride_edge_medium_hard_triplet_054.mid
2025-07-22 22:46:48,720 - INFO - Rendering audio: ride_ride_edge_medium_hard_triplet_054
2025-07-22 22:47:23,122 - ERROR - Render timeout for ride_ride_edge_medium_hard_triplet_054
2025-07-22 22:47:23,128 - ERROR - Failed to process ride_ride_edge_medium_hard_triplet_054.mid: Failed to render audio
2025-07-22 22:47:23,128 - INFO - Progress: 80.1% (464/579)
2025-07-22 22:47:23,628 - INFO - Processing 465/579: ride_ride_edge_medium_single_048.mid
2025-07-22 22:47:23,629 - INFO - Processing MIDI file: ride_ride_edge_medium_single_048.mid
2025-07-22 22:47:23,629 - INFO - Loading MIDI file: ride_ride_edge_medium_single_048.mid
2025-07-22 22:47:30,005 - INFO - MIDI file loaded: ride_ride_edge_medium_single_048.mid
2025-07-22 22:47:30,005 - INFO - Rendering audio: ride_ride_edge_medium_single_048
2025-07-22 22:48:04,402 - ERROR - Render timeout for ride_ride_edge_medium_single_048
2025-07-22 22:48:04,407 - ERROR - Failed to process ride_ride_edge_medium_single_048.mid: Failed to render audio
2025-07-22 22:48:04,407 - INFO - Progress: 80.3% (465/579)
2025-07-22 22:48:04,908 - INFO - Processing 466/579: ride_ride_edge_medium_soft_double_045.mid
2025-07-22 22:48:04,908 - INFO - Processing MIDI file: ride_ride_edge_medium_soft_double_045.mid
2025-07-22 22:48:04,908 - INFO - Loading MIDI file: ride_ride_edge_medium_soft_double_045.mid
2025-07-22 22:48:11,290 - INFO - MIDI file loaded: ride_ride_edge_medium_soft_double_045.mid
2025-07-22 22:48:11,290 - INFO - Rendering audio: ride_ride_edge_medium_soft_double_045
2025-07-22 22:48:45,687 - ERROR - Render timeout for ride_ride_edge_medium_soft_double_045
2025-07-22 22:48:45,693 - ERROR - Failed to process ride_ride_edge_medium_soft_double_045.mid: Failed to render audio
2025-07-22 22:48:45,693 - INFO - Progress: 80.5% (466/579)
2025-07-22 22:48:46,193 - INFO - Processing 467/579: ride_ride_edge_medium_soft_single_044.mid
2025-07-22 22:48:46,194 - INFO - Processing MIDI file: ride_ride_edge_medium_soft_single_044.mid
2025-07-22 22:48:46,194 - INFO - Loading MIDI file: ride_ride_edge_medium_soft_single_044.mid
2025-07-22 22:48:52,576 - INFO - MIDI file loaded: ride_ride_edge_medium_soft_single_044.mid
2025-07-22 22:48:52,576 - INFO - Rendering audio: ride_ride_edge_medium_soft_single_044
2025-07-22 22:49:26,975 - ERROR - Render timeout for ride_ride_edge_medium_soft_single_044
2025-07-22 22:49:26,981 - ERROR - Failed to process ride_ride_edge_medium_soft_single_044.mid: Failed to render audio
2025-07-22 22:49:26,981 - INFO - Progress: 80.7% (467/579)
2025-07-22 22:49:27,482 - INFO - Processing 468/579: ride_ride_edge_medium_soft_sustained_047.mid
2025-07-22 22:49:27,482 - INFO - Processing MIDI file: ride_ride_edge_medium_soft_sustained_047.mid
2025-07-22 22:49:27,482 - INFO - Loading MIDI file: ride_ride_edge_medium_soft_sustained_047.mid
2025-07-22 22:49:33,867 - INFO - MIDI file loaded: ride_ride_edge_medium_soft_sustained_047.mid
2025-07-22 22:49:33,867 - INFO - Rendering audio: ride_ride_edge_medium_soft_sustained_047
2025-07-22 22:50:08,267 - ERROR - Render timeout for ride_ride_edge_medium_soft_sustained_047
2025-07-22 22:50:08,272 - ERROR - Failed to process ride_ride_edge_medium_soft_sustained_047.mid: Failed to render audio
2025-07-22 22:50:08,273 - INFO - Progress: 80.8% (468/579)
2025-07-22 22:50:08,773 - INFO - Processing 469/579: ride_ride_edge_medium_soft_triplet_046.mid
2025-07-22 22:50:08,774 - INFO - Processing MIDI file: ride_ride_edge_medium_soft_triplet_046.mid
2025-07-22 22:50:08,774 - INFO - Loading MIDI file: ride_ride_edge_medium_soft_triplet_046.mid
2025-07-22 22:50:15,156 - INFO - MIDI file loaded: ride_ride_edge_medium_soft_triplet_046.mid
2025-07-22 22:50:15,157 - INFO - Rendering audio: ride_ride_edge_medium_soft_triplet_046
2025-07-22 22:50:49,555 - ERROR - Render timeout for ride_ride_edge_medium_soft_triplet_046
2025-07-22 22:50:49,560 - ERROR - Failed to process ride_ride_edge_medium_soft_triplet_046.mid: Failed to render audio
2025-07-22 22:50:49,560 - INFO - Progress: 81.0% (469/579)
2025-07-22 22:50:50,061 - INFO - Processing 470/579: ride_ride_edge_medium_sustained_051.mid
2025-07-22 22:50:50,061 - INFO - Processing MIDI file: ride_ride_edge_medium_sustained_051.mid
2025-07-22 22:50:50,062 - INFO - Loading MIDI file: ride_ride_edge_medium_sustained_051.mid
2025-07-22 22:50:56,441 - INFO - MIDI file loaded: ride_ride_edge_medium_sustained_051.mid
2025-07-22 22:50:56,441 - INFO - Rendering audio: ride_ride_edge_medium_sustained_051
2025-07-22 22:51:30,837 - ERROR - Render timeout for ride_ride_edge_medium_sustained_051
2025-07-22 22:51:30,843 - ERROR - Failed to process ride_ride_edge_medium_sustained_051.mid: Failed to render audio
2025-07-22 22:51:30,843 - INFO - Progress: 81.2% (470/579)
2025-07-22 22:51:31,344 - INFO - Processing 471/579: ride_ride_edge_medium_triplet_050.mid
2025-07-22 22:51:31,344 - INFO - Processing MIDI file: ride_ride_edge_medium_triplet_050.mid
2025-07-22 22:51:31,344 - INFO - Loading MIDI file: ride_ride_edge_medium_triplet_050.mid
2025-07-22 22:51:37,722 - INFO - MIDI file loaded: ride_ride_edge_medium_triplet_050.mid
2025-07-22 22:51:37,722 - INFO - Rendering audio: ride_ride_edge_medium_triplet_050
2025-07-22 22:52:12,118 - ERROR - Render timeout for ride_ride_edge_medium_triplet_050
2025-07-22 22:52:12,124 - ERROR - Failed to process ride_ride_edge_medium_triplet_050.mid: Failed to render audio
2025-07-22 22:52:12,124 - INFO - Progress: 81.3% (471/579)
2025-07-22 22:52:12,624 - INFO - Processing 472/579: ride_ride_edge_soft_double_041.mid
2025-07-22 22:52:12,625 - INFO - Processing MIDI file: ride_ride_edge_soft_double_041.mid
2025-07-22 22:52:12,625 - INFO - Loading MIDI file: ride_ride_edge_soft_double_041.mid
2025-07-22 22:52:19,002 - INFO - MIDI file loaded: ride_ride_edge_soft_double_041.mid
2025-07-22 22:52:19,002 - INFO - Rendering audio: ride_ride_edge_soft_double_041
2025-07-22 22:52:53,395 - ERROR - Render timeout for ride_ride_edge_soft_double_041
2025-07-22 22:52:53,400 - ERROR - Failed to process ride_ride_edge_soft_double_041.mid: Failed to render audio
2025-07-22 22:52:53,401 - INFO - Progress: 81.5% (472/579)
2025-07-22 22:52:53,901 - INFO - Processing 473/579: ride_ride_edge_soft_single_040.mid
2025-07-22 22:52:53,901 - INFO - Processing MIDI file: ride_ride_edge_soft_single_040.mid
2025-07-22 22:52:53,902 - INFO - Loading MIDI file: ride_ride_edge_soft_single_040.mid
2025-07-22 22:53:00,277 - INFO - MIDI file loaded: ride_ride_edge_soft_single_040.mid
2025-07-22 22:53:00,277 - INFO - Rendering audio: ride_ride_edge_soft_single_040
2025-07-22 22:53:34,673 - ERROR - Render timeout for ride_ride_edge_soft_single_040
2025-07-22 22:53:34,678 - ERROR - Failed to process ride_ride_edge_soft_single_040.mid: Failed to render audio
2025-07-22 22:53:34,678 - INFO - Progress: 81.7% (473/579)
2025-07-22 22:53:35,179 - INFO - Processing 474/579: ride_ride_edge_soft_sustained_043.mid
2025-07-22 22:53:35,180 - INFO - Processing MIDI file: ride_ride_edge_soft_sustained_043.mid
2025-07-22 22:53:35,180 - INFO - Loading MIDI file: ride_ride_edge_soft_sustained_043.mid
2025-07-22 22:53:41,556 - INFO - MIDI file loaded: ride_ride_edge_soft_sustained_043.mid
2025-07-22 22:53:41,557 - INFO - Rendering audio: ride_ride_edge_soft_sustained_043
2025-07-22 22:54:15,951 - ERROR - Render timeout for ride_ride_edge_soft_sustained_043
2025-07-22 22:54:15,957 - ERROR - Failed to process ride_ride_edge_soft_sustained_043.mid: Failed to render audio
2025-07-22 22:54:15,957 - INFO - Progress: 81.9% (474/579)
2025-07-22 22:54:16,457 - INFO - Processing 475/579: ride_ride_edge_soft_triplet_042.mid
2025-07-22 22:54:16,458 - INFO - Processing MIDI file: ride_ride_edge_soft_triplet_042.mid
2025-07-22 22:54:16,458 - INFO - Loading MIDI file: ride_ride_edge_soft_triplet_042.mid
2025-07-22 22:54:22,838 - INFO - MIDI file loaded: ride_ride_edge_soft_triplet_042.mid
2025-07-22 22:54:22,838 - INFO - Rendering audio: ride_ride_edge_soft_triplet_042
2025-07-22 22:54:57,232 - ERROR - Render timeout for ride_ride_edge_soft_triplet_042
2025-07-22 22:54:57,238 - ERROR - Failed to process ride_ride_edge_soft_triplet_042.mid: Failed to render audio
2025-07-22 22:54:57,238 - INFO - Progress: 82.0% (475/579)
2025-07-22 22:54:57,738 - INFO - Processing 476/579: ride_ride_edge_whisper_double_033.mid
2025-07-22 22:54:57,739 - INFO - Processing MIDI file: ride_ride_edge_whisper_double_033.mid
2025-07-22 22:54:57,739 - INFO - Loading MIDI file: ride_ride_edge_whisper_double_033.mid
2025-07-22 22:55:04,115 - INFO - MIDI file loaded: ride_ride_edge_whisper_double_033.mid
2025-07-22 22:55:04,116 - INFO - Rendering audio: ride_ride_edge_whisper_double_033
2025-07-22 22:55:38,511 - ERROR - Render timeout for ride_ride_edge_whisper_double_033
2025-07-22 22:55:38,517 - ERROR - Failed to process ride_ride_edge_whisper_double_033.mid: Failed to render audio
2025-07-22 22:55:38,517 - INFO - Progress: 82.2% (476/579)
2025-07-22 22:55:39,018 - INFO - Processing 477/579: ride_ride_edge_whisper_single_032.mid
2025-07-22 22:55:39,018 - INFO - Processing MIDI file: ride_ride_edge_whisper_single_032.mid
2025-07-22 22:55:39,019 - INFO - Loading MIDI file: ride_ride_edge_whisper_single_032.mid
2025-07-22 22:55:45,396 - INFO - MIDI file loaded: ride_ride_edge_whisper_single_032.mid
2025-07-22 22:55:45,397 - INFO - Rendering audio: ride_ride_edge_whisper_single_032
2025-07-22 22:56:19,791 - ERROR - Render timeout for ride_ride_edge_whisper_single_032
2025-07-22 22:56:19,796 - ERROR - Failed to process ride_ride_edge_whisper_single_032.mid: Failed to render audio
2025-07-22 22:56:19,797 - INFO - Progress: 82.4% (477/579)
2025-07-22 22:56:20,298 - INFO - Processing 478/579: ride_ride_edge_whisper_sustained_035.mid
2025-07-22 22:56:20,298 - INFO - Processing MIDI file: ride_ride_edge_whisper_sustained_035.mid
2025-07-22 22:56:20,298 - INFO - Loading MIDI file: ride_ride_edge_whisper_sustained_035.mid
2025-07-22 22:56:26,678 - INFO - MIDI file loaded: ride_ride_edge_whisper_sustained_035.mid
2025-07-22 22:56:26,678 - INFO - Rendering audio: ride_ride_edge_whisper_sustained_035
2025-07-22 22:57:01,076 - ERROR - Render timeout for ride_ride_edge_whisper_sustained_035
2025-07-22 22:57:01,081 - ERROR - Failed to process ride_ride_edge_whisper_sustained_035.mid: Failed to render audio
2025-07-22 22:57:01,081 - INFO - Progress: 82.6% (478/579)
2025-07-22 22:57:01,582 - INFO - Processing 479/579: ride_ride_edge_whisper_triplet_034.mid
2025-07-22 22:57:01,582 - INFO - Processing MIDI file: ride_ride_edge_whisper_triplet_034.mid
2025-07-22 22:57:01,582 - INFO - Loading MIDI file: ride_ride_edge_whisper_triplet_034.mid
2025-07-22 22:57:07,961 - INFO - MIDI file loaded: ride_ride_edge_whisper_triplet_034.mid
2025-07-22 22:57:07,962 - INFO - Rendering audio: ride_ride_edge_whisper_triplet_034
2025-07-22 22:57:42,357 - ERROR - Render timeout for ride_ride_edge_whisper_triplet_034
2025-07-22 22:57:42,363 - ERROR - Failed to process ride_ride_edge_whisper_triplet_034.mid: Failed to render audio
2025-07-22 22:57:42,363 - INFO - Progress: 82.7% (479/579)
2025-07-22 22:57:42,864 - INFO - Processing 480/579: ride_ride_shoulder_crash_double_189.mid
2025-07-22 22:57:42,864 - INFO - Processing MIDI file: ride_ride_shoulder_crash_double_189.mid
2025-07-22 22:57:42,864 - INFO - Loading MIDI file: ride_ride_shoulder_crash_double_189.mid
2025-07-22 22:57:49,245 - INFO - MIDI file loaded: ride_ride_shoulder_crash_double_189.mid
2025-07-22 22:57:49,245 - INFO - Rendering audio: ride_ride_shoulder_crash_double_189
2025-07-22 22:58:23,641 - ERROR - Render timeout for ride_ride_shoulder_crash_double_189
2025-07-22 22:58:23,647 - ERROR - Failed to process ride_ride_shoulder_crash_double_189.mid: Failed to render audio
2025-07-22 22:58:23,647 - INFO - Progress: 82.9% (480/579)
2025-07-22 22:58:24,148 - INFO - Processing 481/579: ride_ride_shoulder_crash_single_188.mid
2025-07-22 22:58:24,148 - INFO - Processing MIDI file: ride_ride_shoulder_crash_single_188.mid
2025-07-22 22:58:24,148 - INFO - Loading MIDI file: ride_ride_shoulder_crash_single_188.mid
2025-07-22 22:58:30,526 - INFO - MIDI file loaded: ride_ride_shoulder_crash_single_188.mid
2025-07-22 22:58:30,526 - INFO - Rendering audio: ride_ride_shoulder_crash_single_188
2025-07-22 22:59:04,923 - ERROR - Render timeout for ride_ride_shoulder_crash_single_188
2025-07-22 22:59:04,929 - ERROR - Failed to process ride_ride_shoulder_crash_single_188.mid: Failed to render audio
2025-07-22 22:59:04,929 - INFO - Progress: 83.1% (481/579)
2025-07-22 22:59:05,429 - INFO - Processing 482/579: ride_ride_shoulder_crash_sustained_191.mid
2025-07-22 22:59:05,430 - INFO - Processing MIDI file: ride_ride_shoulder_crash_sustained_191.mid
2025-07-22 22:59:05,430 - INFO - Loading MIDI file: ride_ride_shoulder_crash_sustained_191.mid
2025-07-22 22:59:11,812 - INFO - MIDI file loaded: ride_ride_shoulder_crash_sustained_191.mid
2025-07-22 22:59:11,812 - INFO - Rendering audio: ride_ride_shoulder_crash_sustained_191
2025-07-22 22:59:46,209 - ERROR - Render timeout for ride_ride_shoulder_crash_sustained_191
2025-07-22 22:59:46,215 - ERROR - Failed to process ride_ride_shoulder_crash_sustained_191.mid: Failed to render audio
2025-07-22 22:59:46,215 - INFO - Progress: 83.2% (482/579)
2025-07-22 22:59:46,716 - INFO - Processing 483/579: ride_ride_shoulder_crash_triplet_190.mid
2025-07-22 22:59:46,716 - INFO - Processing MIDI file: ride_ride_shoulder_crash_triplet_190.mid
2025-07-22 22:59:46,717 - INFO - Loading MIDI file: ride_ride_shoulder_crash_triplet_190.mid
2025-07-22 22:59:53,097 - INFO - MIDI file loaded: ride_ride_shoulder_crash_triplet_190.mid
2025-07-22 22:59:53,097 - INFO - Rendering audio: ride_ride_shoulder_crash_triplet_190
2025-07-22 23:00:27,493 - ERROR - Render timeout for ride_ride_shoulder_crash_triplet_190
2025-07-22 23:00:27,498 - ERROR - Failed to process ride_ride_shoulder_crash_triplet_190.mid: Failed to render audio
2025-07-22 23:00:27,498 - INFO - Progress: 83.4% (483/579)
2025-07-22 23:00:27,999 - INFO - Processing 484/579: ride_ride_shoulder_ghost_double_165.mid
2025-07-22 23:00:27,999 - INFO - Processing MIDI file: ride_ride_shoulder_ghost_double_165.mid
2025-07-22 23:00:28,000 - INFO - Loading MIDI file: ride_ride_shoulder_ghost_double_165.mid
2025-07-22 23:00:34,379 - INFO - MIDI file loaded: ride_ride_shoulder_ghost_double_165.mid
2025-07-22 23:00:34,379 - INFO - Rendering audio: ride_ride_shoulder_ghost_double_165
2025-07-22 23:01:08,779 - ERROR - Render timeout for ride_ride_shoulder_ghost_double_165
2025-07-22 23:01:08,785 - ERROR - Failed to process ride_ride_shoulder_ghost_double_165.mid: Failed to render audio
2025-07-22 23:01:08,785 - INFO - Progress: 83.6% (484/579)
2025-07-22 23:01:09,286 - INFO - Processing 485/579: ride_ride_shoulder_ghost_single_164.mid
2025-07-22 23:01:09,286 - INFO - Processing MIDI file: ride_ride_shoulder_ghost_single_164.mid
2025-07-22 23:01:09,286 - INFO - Loading MIDI file: ride_ride_shoulder_ghost_single_164.mid
2025-07-22 23:01:15,668 - INFO - MIDI file loaded: ride_ride_shoulder_ghost_single_164.mid
2025-07-22 23:01:15,668 - INFO - Rendering audio: ride_ride_shoulder_ghost_single_164
2025-07-22 23:01:50,066 - ERROR - Render timeout for ride_ride_shoulder_ghost_single_164
2025-07-22 23:01:50,072 - ERROR - Failed to process ride_ride_shoulder_ghost_single_164.mid: Failed to render audio
2025-07-22 23:01:50,072 - INFO - Progress: 83.8% (485/579)
2025-07-22 23:01:50,573 - INFO - Processing 486/579: ride_ride_shoulder_ghost_sustained_167.mid
2025-07-22 23:01:50,573 - INFO - Processing MIDI file: ride_ride_shoulder_ghost_sustained_167.mid
2025-07-22 23:01:50,573 - INFO - Loading MIDI file: ride_ride_shoulder_ghost_sustained_167.mid
2025-07-22 23:01:56,953 - INFO - MIDI file loaded: ride_ride_shoulder_ghost_sustained_167.mid
2025-07-22 23:01:56,954 - INFO - Rendering audio: ride_ride_shoulder_ghost_sustained_167
2025-07-22 23:02:31,354 - ERROR - Render timeout for ride_ride_shoulder_ghost_sustained_167
2025-07-22 23:02:31,359 - ERROR - Failed to process ride_ride_shoulder_ghost_sustained_167.mid: Failed to render audio
2025-07-22 23:02:31,360 - INFO - Progress: 83.9% (486/579)
2025-07-22 23:02:31,860 - INFO - Processing 487/579: ride_ride_shoulder_ghost_triplet_166.mid
2025-07-22 23:02:31,860 - INFO - Processing MIDI file: ride_ride_shoulder_ghost_triplet_166.mid
2025-07-22 23:02:31,861 - INFO - Loading MIDI file: ride_ride_shoulder_ghost_triplet_166.mid
2025-07-22 23:02:38,241 - INFO - MIDI file loaded: ride_ride_shoulder_ghost_triplet_166.mid
2025-07-22 23:02:38,242 - INFO - Rendering audio: ride_ride_shoulder_ghost_triplet_166
2025-07-22 23:03:12,640 - ERROR - Render timeout for ride_ride_shoulder_ghost_triplet_166
2025-07-22 23:03:12,646 - ERROR - Failed to process ride_ride_shoulder_ghost_triplet_166.mid: Failed to render audio
2025-07-22 23:03:12,646 - INFO - Progress: 84.1% (487/579)
2025-07-22 23:03:13,147 - INFO - Processing 488/579: ride_ride_shoulder_hard_double_185.mid
2025-07-22 23:03:13,147 - INFO - Processing MIDI file: ride_ride_shoulder_hard_double_185.mid
2025-07-22 23:03:13,148 - INFO - Loading MIDI file: ride_ride_shoulder_hard_double_185.mid
2025-07-22 23:03:19,527 - INFO - MIDI file loaded: ride_ride_shoulder_hard_double_185.mid
2025-07-22 23:03:19,528 - INFO - Rendering audio: ride_ride_shoulder_hard_double_185
2025-07-22 23:03:53,924 - ERROR - Render timeout for ride_ride_shoulder_hard_double_185
2025-07-22 23:03:53,930 - ERROR - Failed to process ride_ride_shoulder_hard_double_185.mid: Failed to render audio
2025-07-22 23:03:53,931 - INFO - Progress: 84.3% (488/579)
2025-07-22 23:03:54,431 - INFO - Processing 489/579: ride_ride_shoulder_hard_single_184.mid
2025-07-22 23:03:54,431 - INFO - Processing MIDI file: ride_ride_shoulder_hard_single_184.mid
2025-07-22 23:03:54,432 - INFO - Loading MIDI file: ride_ride_shoulder_hard_single_184.mid
2025-07-22 23:04:00,810 - INFO - MIDI file loaded: ride_ride_shoulder_hard_single_184.mid
2025-07-22 23:04:00,811 - INFO - Rendering audio: ride_ride_shoulder_hard_single_184
2025-07-22 23:04:35,207 - ERROR - Render timeout for ride_ride_shoulder_hard_single_184
2025-07-22 23:04:35,213 - ERROR - Failed to process ride_ride_shoulder_hard_single_184.mid: Failed to render audio
2025-07-22 23:04:35,213 - INFO - Progress: 84.5% (489/579)
2025-07-22 23:04:35,714 - INFO - Processing 490/579: ride_ride_shoulder_hard_sustained_187.mid
2025-07-22 23:04:35,714 - INFO - Processing MIDI file: ride_ride_shoulder_hard_sustained_187.mid
2025-07-22 23:04:35,714 - INFO - Loading MIDI file: ride_ride_shoulder_hard_sustained_187.mid
2025-07-22 23:04:42,095 - INFO - MIDI file loaded: ride_ride_shoulder_hard_sustained_187.mid
2025-07-22 23:04:42,095 - INFO - Rendering audio: ride_ride_shoulder_hard_sustained_187
2025-07-22 23:05:16,492 - ERROR - Render timeout for ride_ride_shoulder_hard_sustained_187
2025-07-22 23:05:16,497 - ERROR - Failed to process ride_ride_shoulder_hard_sustained_187.mid: Failed to render audio
2025-07-22 23:05:16,498 - INFO - Progress: 84.6% (490/579)
2025-07-22 23:05:16,998 - INFO - Processing 491/579: ride_ride_shoulder_hard_triplet_186.mid
2025-07-22 23:05:16,998 - INFO - Processing MIDI file: ride_ride_shoulder_hard_triplet_186.mid
2025-07-22 23:05:16,999 - INFO - Loading MIDI file: ride_ride_shoulder_hard_triplet_186.mid
2025-07-22 23:05:23,377 - INFO - MIDI file loaded: ride_ride_shoulder_hard_triplet_186.mid
2025-07-22 23:05:23,377 - INFO - Rendering audio: ride_ride_shoulder_hard_triplet_186
2025-07-22 23:05:57,776 - ERROR - Render timeout for ride_ride_shoulder_hard_triplet_186
2025-07-22 23:05:57,782 - ERROR - Failed to process ride_ride_shoulder_hard_triplet_186.mid: Failed to render audio
2025-07-22 23:05:57,782 - INFO - Progress: 84.8% (491/579)
2025-07-22 23:05:58,283 - INFO - Processing 492/579: ride_ride_shoulder_medium_double_177.mid
2025-07-22 23:05:58,283 - INFO - Processing MIDI file: ride_ride_shoulder_medium_double_177.mid
2025-07-22 23:05:58,283 - INFO - Loading MIDI file: ride_ride_shoulder_medium_double_177.mid
2025-07-22 23:06:04,665 - INFO - MIDI file loaded: ride_ride_shoulder_medium_double_177.mid
2025-07-22 23:06:04,665 - INFO - Rendering audio: ride_ride_shoulder_medium_double_177
2025-07-22 23:06:39,062 - ERROR - Render timeout for ride_ride_shoulder_medium_double_177
2025-07-22 23:06:39,067 - ERROR - Failed to process ride_ride_shoulder_medium_double_177.mid: Failed to render audio
2025-07-22 23:06:39,067 - INFO - Progress: 85.0% (492/579)
2025-07-22 23:06:39,568 - INFO - Processing 493/579: ride_ride_shoulder_medium_hard_double_181.mid
2025-07-22 23:06:39,569 - INFO - Processing MIDI file: ride_ride_shoulder_medium_hard_double_181.mid
2025-07-22 23:06:39,569 - INFO - Loading MIDI file: ride_ride_shoulder_medium_hard_double_181.mid
2025-07-22 23:06:45,953 - INFO - MIDI file loaded: ride_ride_shoulder_medium_hard_double_181.mid
2025-07-22 23:06:45,953 - INFO - Rendering audio: ride_ride_shoulder_medium_hard_double_181
2025-07-22 23:07:20,359 - ERROR - Render timeout for ride_ride_shoulder_medium_hard_double_181
2025-07-22 23:07:20,365 - ERROR - Failed to process ride_ride_shoulder_medium_hard_double_181.mid: Failed to render audio
2025-07-22 23:07:20,365 - INFO - Progress: 85.1% (493/579)
2025-07-22 23:07:20,866 - INFO - Processing 494/579: ride_ride_shoulder_medium_hard_single_180.mid
2025-07-22 23:07:20,866 - INFO - Processing MIDI file: ride_ride_shoulder_medium_hard_single_180.mid
2025-07-22 23:07:20,867 - INFO - Loading MIDI file: ride_ride_shoulder_medium_hard_single_180.mid
2025-07-22 23:07:27,252 - INFO - MIDI file loaded: ride_ride_shoulder_medium_hard_single_180.mid
2025-07-22 23:07:27,252 - INFO - Rendering audio: ride_ride_shoulder_medium_hard_single_180
2025-07-22 23:08:01,655 - ERROR - Render timeout for ride_ride_shoulder_medium_hard_single_180
2025-07-22 23:08:01,661 - ERROR - Failed to process ride_ride_shoulder_medium_hard_single_180.mid: Failed to render audio
2025-07-22 23:08:01,661 - INFO - Progress: 85.3% (494/579)
2025-07-22 23:08:02,161 - INFO - Processing 495/579: ride_ride_shoulder_medium_hard_sustained_183.mid
2025-07-22 23:08:02,162 - INFO - Processing MIDI file: ride_ride_shoulder_medium_hard_sustained_183.mid
2025-07-22 23:08:02,162 - INFO - Loading MIDI file: ride_ride_shoulder_medium_hard_sustained_183.mid
2025-07-22 23:08:08,547 - INFO - MIDI file loaded: ride_ride_shoulder_medium_hard_sustained_183.mid
2025-07-22 23:08:08,547 - INFO - Rendering audio: ride_ride_shoulder_medium_hard_sustained_183
2025-07-22 23:08:42,951 - ERROR - Render timeout for ride_ride_shoulder_medium_hard_sustained_183
2025-07-22 23:08:42,957 - ERROR - Failed to process ride_ride_shoulder_medium_hard_sustained_183.mid: Failed to render audio
2025-07-22 23:08:42,957 - INFO - Progress: 85.5% (495/579)
2025-07-22 23:08:43,458 - INFO - Processing 496/579: ride_ride_shoulder_medium_hard_triplet_182.mid
2025-07-22 23:08:43,458 - INFO - Processing MIDI file: ride_ride_shoulder_medium_hard_triplet_182.mid
2025-07-22 23:08:43,459 - INFO - Loading MIDI file: ride_ride_shoulder_medium_hard_triplet_182.mid
2025-07-22 23:08:49,847 - INFO - MIDI file loaded: ride_ride_shoulder_medium_hard_triplet_182.mid
2025-07-22 23:08:49,847 - INFO - Rendering audio: ride_ride_shoulder_medium_hard_triplet_182
2025-07-22 23:09:24,248 - ERROR - Render timeout for ride_ride_shoulder_medium_hard_triplet_182
2025-07-22 23:09:24,253 - ERROR - Failed to process ride_ride_shoulder_medium_hard_triplet_182.mid: Failed to render audio
2025-07-22 23:09:24,253 - INFO - Progress: 85.7% (496/579)
2025-07-22 23:09:24,754 - INFO - Processing 497/579: ride_ride_shoulder_medium_single_176.mid
2025-07-22 23:09:24,754 - INFO - Processing MIDI file: ride_ride_shoulder_medium_single_176.mid
2025-07-22 23:09:24,755 - INFO - Loading MIDI file: ride_ride_shoulder_medium_single_176.mid
2025-07-22 23:09:31,134 - INFO - MIDI file loaded: ride_ride_shoulder_medium_single_176.mid
2025-07-22 23:09:31,134 - INFO - Rendering audio: ride_ride_shoulder_medium_single_176
2025-07-22 23:10:05,532 - ERROR - Render timeout for ride_ride_shoulder_medium_single_176
2025-07-22 23:10:05,538 - ERROR - Failed to process ride_ride_shoulder_medium_single_176.mid: Failed to render audio
2025-07-22 23:10:05,538 - INFO - Progress: 85.8% (497/579)
2025-07-22 23:10:06,039 - INFO - Processing 498/579: ride_ride_shoulder_medium_soft_double_173.mid
2025-07-22 23:10:06,039 - INFO - Processing MIDI file: ride_ride_shoulder_medium_soft_double_173.mid
2025-07-22 23:10:06,039 - INFO - Loading MIDI file: ride_ride_shoulder_medium_soft_double_173.mid
2025-07-22 23:10:12,423 - INFO - MIDI file loaded: ride_ride_shoulder_medium_soft_double_173.mid
2025-07-22 23:10:12,423 - INFO - Rendering audio: ride_ride_shoulder_medium_soft_double_173
2025-07-22 23:10:46,827 - ERROR - Render timeout for ride_ride_shoulder_medium_soft_double_173
2025-07-22 23:10:46,833 - ERROR - Failed to process ride_ride_shoulder_medium_soft_double_173.mid: Failed to render audio
2025-07-22 23:10:46,833 - INFO - Progress: 86.0% (498/579)
2025-07-22 23:10:47,333 - INFO - Processing 499/579: ride_ride_shoulder_medium_soft_single_172.mid
2025-07-22 23:10:47,334 - INFO - Processing MIDI file: ride_ride_shoulder_medium_soft_single_172.mid
2025-07-22 23:10:47,334 - INFO - Loading MIDI file: ride_ride_shoulder_medium_soft_single_172.mid
2025-07-22 23:10:53,718 - INFO - MIDI file loaded: ride_ride_shoulder_medium_soft_single_172.mid
2025-07-22 23:10:53,718 - INFO - Rendering audio: ride_ride_shoulder_medium_soft_single_172
2025-07-22 23:11:28,124 - ERROR - Render timeout for ride_ride_shoulder_medium_soft_single_172
2025-07-22 23:11:28,129 - ERROR - Failed to process ride_ride_shoulder_medium_soft_single_172.mid: Failed to render audio
2025-07-22 23:11:28,130 - INFO - Progress: 86.2% (499/579)
2025-07-22 23:11:28,631 - INFO - Processing 500/579: ride_ride_shoulder_medium_soft_sustained_175.mid
2025-07-22 23:11:28,631 - INFO - Processing MIDI file: ride_ride_shoulder_medium_soft_sustained_175.mid
2025-07-22 23:11:28,631 - INFO - Loading MIDI file: ride_ride_shoulder_medium_soft_sustained_175.mid
2025-07-22 23:11:35,019 - INFO - MIDI file loaded: ride_ride_shoulder_medium_soft_sustained_175.mid
2025-07-22 23:11:35,020 - INFO - Rendering audio: ride_ride_shoulder_medium_soft_sustained_175
2025-07-22 23:12:09,427 - ERROR - Render timeout for ride_ride_shoulder_medium_soft_sustained_175
2025-07-22 23:12:09,432 - ERROR - Failed to process ride_ride_shoulder_medium_soft_sustained_175.mid: Failed to render audio
2025-07-22 23:12:09,432 - INFO - Progress: 86.4% (500/579)
2025-07-22 23:12:09,933 - INFO - Processing 501/579: ride_ride_shoulder_medium_soft_triplet_174.mid
2025-07-22 23:12:09,933 - INFO - Processing MIDI file: ride_ride_shoulder_medium_soft_triplet_174.mid
2025-07-22 23:12:09,934 - INFO - Loading MIDI file: ride_ride_shoulder_medium_soft_triplet_174.mid
2025-07-22 23:12:16,318 - INFO - MIDI file loaded: ride_ride_shoulder_medium_soft_triplet_174.mid
2025-07-22 23:12:16,319 - INFO - Rendering audio: ride_ride_shoulder_medium_soft_triplet_174
2025-07-22 23:12:50,722 - ERROR - Render timeout for ride_ride_shoulder_medium_soft_triplet_174
2025-07-22 23:12:50,728 - ERROR - Failed to process ride_ride_shoulder_medium_soft_triplet_174.mid: Failed to render audio
2025-07-22 23:12:50,728 - INFO - Progress: 86.5% (501/579)
2025-07-22 23:12:51,229 - INFO - Processing 502/579: ride_ride_shoulder_medium_sustained_179.mid
2025-07-22 23:12:51,229 - INFO - Processing MIDI file: ride_ride_shoulder_medium_sustained_179.mid
2025-07-22 23:12:51,230 - INFO - Loading MIDI file: ride_ride_shoulder_medium_sustained_179.mid
2025-07-22 23:12:57,612 - INFO - MIDI file loaded: ride_ride_shoulder_medium_sustained_179.mid
2025-07-22 23:12:57,612 - INFO - Rendering audio: ride_ride_shoulder_medium_sustained_179
2025-07-22 23:13:32,011 - ERROR - Render timeout for ride_ride_shoulder_medium_sustained_179
2025-07-22 23:13:32,017 - ERROR - Failed to process ride_ride_shoulder_medium_sustained_179.mid: Failed to render audio
2025-07-22 23:13:32,017 - INFO - Progress: 86.7% (502/579)
2025-07-22 23:13:32,518 - INFO - Processing 503/579: ride_ride_shoulder_medium_triplet_178.mid
2025-07-22 23:13:32,518 - INFO - Processing MIDI file: ride_ride_shoulder_medium_triplet_178.mid
2025-07-22 23:13:32,518 - INFO - Loading MIDI file: ride_ride_shoulder_medium_triplet_178.mid
2025-07-22 23:13:38,899 - INFO - MIDI file loaded: ride_ride_shoulder_medium_triplet_178.mid
2025-07-22 23:13:38,899 - INFO - Rendering audio: ride_ride_shoulder_medium_triplet_178
2025-07-22 23:14:13,297 - ERROR - Render timeout for ride_ride_shoulder_medium_triplet_178
2025-07-22 23:14:13,302 - ERROR - Failed to process ride_ride_shoulder_medium_triplet_178.mid: Failed to render audio
2025-07-22 23:14:13,303 - INFO - Progress: 86.9% (503/579)
2025-07-22 23:14:13,803 - INFO - Processing 504/579: ride_ride_shoulder_soft_double_169.mid
2025-07-22 23:14:13,803 - INFO - Processing MIDI file: ride_ride_shoulder_soft_double_169.mid
2025-07-22 23:14:13,804 - INFO - Loading MIDI file: ride_ride_shoulder_soft_double_169.mid
2025-07-22 23:14:20,184 - INFO - MIDI file loaded: ride_ride_shoulder_soft_double_169.mid
2025-07-22 23:14:20,185 - INFO - Rendering audio: ride_ride_shoulder_soft_double_169
2025-07-22 23:14:54,585 - ERROR - Render timeout for ride_ride_shoulder_soft_double_169
2025-07-22 23:14:54,591 - ERROR - Failed to process ride_ride_shoulder_soft_double_169.mid: Failed to render audio
2025-07-22 23:14:54,591 - INFO - Progress: 87.0% (504/579)
2025-07-22 23:14:55,092 - INFO - Processing 505/579: ride_ride_shoulder_soft_single_168.mid
2025-07-22 23:14:55,092 - INFO - Processing MIDI file: ride_ride_shoulder_soft_single_168.mid
2025-07-22 23:14:55,093 - INFO - Loading MIDI file: ride_ride_shoulder_soft_single_168.mid
2025-07-22 23:15:01,472 - INFO - MIDI file loaded: ride_ride_shoulder_soft_single_168.mid
2025-07-22 23:15:01,472 - INFO - Rendering audio: ride_ride_shoulder_soft_single_168
2025-07-22 23:15:35,872 - ERROR - Render timeout for ride_ride_shoulder_soft_single_168
2025-07-22 23:15:35,891 - ERROR - Failed to process ride_ride_shoulder_soft_single_168.mid: Failed to render audio
2025-07-22 23:15:35,891 - INFO - Progress: 87.2% (505/579)
2025-07-22 23:15:36,392 - INFO - Processing 506/579: ride_ride_shoulder_soft_sustained_171.mid
2025-07-22 23:15:36,393 - INFO - Processing MIDI file: ride_ride_shoulder_soft_sustained_171.mid
2025-07-22 23:15:36,393 - INFO - Loading MIDI file: ride_ride_shoulder_soft_sustained_171.mid
2025-07-22 23:15:42,775 - INFO - MIDI file loaded: ride_ride_shoulder_soft_sustained_171.mid
2025-07-22 23:15:42,776 - INFO - Rendering audio: ride_ride_shoulder_soft_sustained_171
2025-07-22 23:16:17,175 - ERROR - Render timeout for ride_ride_shoulder_soft_sustained_171
2025-07-22 23:16:17,181 - ERROR - Failed to process ride_ride_shoulder_soft_sustained_171.mid: Failed to render audio
2025-07-22 23:16:17,181 - INFO - Progress: 87.4% (506/579)
2025-07-22 23:16:17,682 - INFO - Processing 507/579: ride_ride_shoulder_soft_triplet_170.mid
2025-07-22 23:16:17,683 - INFO - Processing MIDI file: ride_ride_shoulder_soft_triplet_170.mid
2025-07-22 23:16:17,683 - INFO - Loading MIDI file: ride_ride_shoulder_soft_triplet_170.mid
2025-07-22 23:16:24,062 - INFO - MIDI file loaded: ride_ride_shoulder_soft_triplet_170.mid
2025-07-22 23:16:24,063 - INFO - Rendering audio: ride_ride_shoulder_soft_triplet_170
2025-07-22 23:16:58,464 - ERROR - Render timeout for ride_ride_shoulder_soft_triplet_170
2025-07-22 23:16:58,469 - ERROR - Failed to process ride_ride_shoulder_soft_triplet_170.mid: Failed to render audio
2025-07-22 23:16:58,469 - INFO - Progress: 87.6% (507/579)
2025-07-22 23:16:58,969 - INFO - Processing 508/579: ride_ride_shoulder_whisper_double_161.mid
2025-07-22 23:16:58,970 - INFO - Processing MIDI file: ride_ride_shoulder_whisper_double_161.mid
2025-07-22 23:16:58,970 - INFO - Loading MIDI file: ride_ride_shoulder_whisper_double_161.mid
2025-07-22 23:17:05,351 - INFO - MIDI file loaded: ride_ride_shoulder_whisper_double_161.mid
2025-07-22 23:17:05,351 - INFO - Rendering audio: ride_ride_shoulder_whisper_double_161
2025-07-22 23:17:39,751 - ERROR - Render timeout for ride_ride_shoulder_whisper_double_161
2025-07-22 23:17:39,757 - ERROR - Failed to process ride_ride_shoulder_whisper_double_161.mid: Failed to render audio
2025-07-22 23:17:39,757 - INFO - Progress: 87.7% (508/579)
2025-07-22 23:17:40,258 - INFO - Processing 509/579: ride_ride_shoulder_whisper_single_160.mid
2025-07-22 23:17:40,258 - INFO - Processing MIDI file: ride_ride_shoulder_whisper_single_160.mid
2025-07-22 23:17:40,259 - INFO - Loading MIDI file: ride_ride_shoulder_whisper_single_160.mid
2025-07-22 23:17:46,639 - INFO - MIDI file loaded: ride_ride_shoulder_whisper_single_160.mid
2025-07-22 23:17:46,639 - INFO - Rendering audio: ride_ride_shoulder_whisper_single_160
2025-07-22 23:18:21,034 - ERROR - Render timeout for ride_ride_shoulder_whisper_single_160
2025-07-22 23:18:21,040 - ERROR - Failed to process ride_ride_shoulder_whisper_single_160.mid: Failed to render audio
2025-07-22 23:18:21,041 - INFO - Progress: 87.9% (509/579)
2025-07-22 23:18:21,541 - INFO - Processing 510/579: ride_ride_shoulder_whisper_sustained_163.mid
2025-07-22 23:18:21,541 - INFO - Processing MIDI file: ride_ride_shoulder_whisper_sustained_163.mid
2025-07-22 23:18:21,542 - INFO - Loading MIDI file: ride_ride_shoulder_whisper_sustained_163.mid
2025-07-22 23:18:27,924 - INFO - MIDI file loaded: ride_ride_shoulder_whisper_sustained_163.mid
2025-07-22 23:18:27,925 - INFO - Rendering audio: ride_ride_shoulder_whisper_sustained_163
2025-07-22 23:19:02,324 - ERROR - Render timeout for ride_ride_shoulder_whisper_sustained_163
2025-07-22 23:19:02,330 - ERROR - Failed to process ride_ride_shoulder_whisper_sustained_163.mid: Failed to render audio
2025-07-22 23:19:02,330 - INFO - Progress: 88.1% (510/579)
2025-07-22 23:19:02,831 - INFO - Processing 511/579: ride_ride_shoulder_whisper_triplet_162.mid
2025-07-22 23:19:02,831 - INFO - Processing MIDI file: ride_ride_shoulder_whisper_triplet_162.mid
2025-07-22 23:19:02,832 - INFO - Loading MIDI file: ride_ride_shoulder_whisper_triplet_162.mid
2025-07-22 23:19:09,214 - INFO - MIDI file loaded: ride_ride_shoulder_whisper_triplet_162.mid
2025-07-22 23:19:09,214 - INFO - Rendering audio: ride_ride_shoulder_whisper_triplet_162
2025-07-22 23:19:43,616 - ERROR - Render timeout for ride_ride_shoulder_whisper_triplet_162
2025-07-22 23:19:43,622 - ERROR - Failed to process ride_ride_shoulder_whisper_triplet_162.mid: Failed to render audio
2025-07-22 23:19:43,622 - INFO - Progress: 88.3% (511/579)
2025-07-22 23:19:44,122 - INFO - Processing 512/579: ride_ride_tip_crash_double_029.mid
2025-07-22 23:19:44,122 - INFO - Processing MIDI file: ride_ride_tip_crash_double_029.mid
2025-07-22 23:19:44,123 - INFO - Loading MIDI file: ride_ride_tip_crash_double_029.mid
2025-07-22 23:19:50,499 - INFO - MIDI file loaded: ride_ride_tip_crash_double_029.mid
2025-07-22 23:19:50,500 - INFO - Rendering audio: ride_ride_tip_crash_double_029
2025-07-22 23:20:24,891 - ERROR - Render timeout for ride_ride_tip_crash_double_029
2025-07-22 23:20:24,896 - ERROR - Failed to process ride_ride_tip_crash_double_029.mid: Failed to render audio
2025-07-22 23:20:24,897 - INFO - Progress: 88.4% (512/579)
2025-07-22 23:20:25,397 - INFO - Processing 513/579: ride_ride_tip_crash_single_028.mid
2025-07-22 23:20:25,397 - INFO - Processing MIDI file: ride_ride_tip_crash_single_028.mid
2025-07-22 23:20:25,398 - INFO - Loading MIDI file: ride_ride_tip_crash_single_028.mid
2025-07-22 23:20:31,775 - INFO - MIDI file loaded: ride_ride_tip_crash_single_028.mid
2025-07-22 23:20:31,776 - INFO - Rendering audio: ride_ride_tip_crash_single_028
2025-07-22 23:21:06,171 - ERROR - Render timeout for ride_ride_tip_crash_single_028
2025-07-22 23:21:06,176 - ERROR - Failed to process ride_ride_tip_crash_single_028.mid: Failed to render audio
2025-07-22 23:21:06,176 - INFO - Progress: 88.6% (513/579)
2025-07-22 23:21:06,677 - INFO - Processing 514/579: ride_ride_tip_crash_sustained_031.mid
2025-07-22 23:21:06,677 - INFO - Processing MIDI file: ride_ride_tip_crash_sustained_031.mid
2025-07-22 23:21:06,677 - INFO - Loading MIDI file: ride_ride_tip_crash_sustained_031.mid
2025-07-22 23:21:13,056 - INFO - MIDI file loaded: ride_ride_tip_crash_sustained_031.mid
2025-07-22 23:21:13,057 - INFO - Rendering audio: ride_ride_tip_crash_sustained_031
2025-07-22 23:21:47,449 - ERROR - Render timeout for ride_ride_tip_crash_sustained_031
2025-07-22 23:21:47,455 - ERROR - Failed to process ride_ride_tip_crash_sustained_031.mid: Failed to render audio
2025-07-22 23:21:47,455 - INFO - Progress: 88.8% (514/579)
2025-07-22 23:21:47,956 - INFO - Processing 515/579: ride_ride_tip_crash_triplet_030.mid
2025-07-22 23:21:47,956 - INFO - Processing MIDI file: ride_ride_tip_crash_triplet_030.mid
2025-07-22 23:21:47,956 - INFO - Loading MIDI file: ride_ride_tip_crash_triplet_030.mid
2025-07-22 23:21:54,333 - INFO - MIDI file loaded: ride_ride_tip_crash_triplet_030.mid
2025-07-22 23:21:54,334 - INFO - Rendering audio: ride_ride_tip_crash_triplet_030
2025-07-22 23:22:28,727 - ERROR - Render timeout for ride_ride_tip_crash_triplet_030
2025-07-22 23:22:28,733 - ERROR - Failed to process ride_ride_tip_crash_triplet_030.mid: Failed to render audio
2025-07-22 23:22:28,733 - INFO - Progress: 88.9% (515/579)
2025-07-22 23:22:29,234 - INFO - Processing 516/579: ride_ride_tip_ghost_double_005.mid
2025-07-22 23:22:29,234 - INFO - Processing MIDI file: ride_ride_tip_ghost_double_005.mid
2025-07-22 23:22:29,234 - INFO - Loading MIDI file: ride_ride_tip_ghost_double_005.mid
2025-07-22 23:22:35,612 - INFO - MIDI file loaded: ride_ride_tip_ghost_double_005.mid
2025-07-22 23:22:35,612 - INFO - Rendering audio: ride_ride_tip_ghost_double_005
2025-07-22 23:23:10,005 - ERROR - Render timeout for ride_ride_tip_ghost_double_005
2025-07-22 23:23:10,011 - ERROR - Failed to process ride_ride_tip_ghost_double_005.mid: Failed to render audio
2025-07-22 23:23:10,011 - INFO - Progress: 89.1% (516/579)
2025-07-22 23:23:10,511 - INFO - Processing 517/579: ride_ride_tip_ghost_single_004.mid
2025-07-22 23:23:10,512 - INFO - Processing MIDI file: ride_ride_tip_ghost_single_004.mid
2025-07-22 23:23:10,512 - INFO - Loading MIDI file: ride_ride_tip_ghost_single_004.mid
2025-07-22 23:23:16,889 - INFO - MIDI file loaded: ride_ride_tip_ghost_single_004.mid
2025-07-22 23:23:16,889 - INFO - Rendering audio: ride_ride_tip_ghost_single_004
2025-07-22 23:23:51,279 - ERROR - Render timeout for ride_ride_tip_ghost_single_004
2025-07-22 23:23:51,284 - ERROR - Failed to process ride_ride_tip_ghost_single_004.mid: Failed to render audio
2025-07-22 23:23:51,284 - INFO - Progress: 89.3% (517/579)
2025-07-22 23:23:51,785 - INFO - Processing 518/579: ride_ride_tip_ghost_sustained_007.mid
2025-07-22 23:23:51,785 - INFO - Processing MIDI file: ride_ride_tip_ghost_sustained_007.mid
2025-07-22 23:23:51,786 - INFO - Loading MIDI file: ride_ride_tip_ghost_sustained_007.mid
2025-07-22 23:23:58,164 - INFO - MIDI file loaded: ride_ride_tip_ghost_sustained_007.mid
2025-07-22 23:23:58,165 - INFO - Rendering audio: ride_ride_tip_ghost_sustained_007
2025-07-22 23:24:32,565 - ERROR - Render timeout for ride_ride_tip_ghost_sustained_007
2025-07-22 23:24:32,571 - ERROR - Failed to process ride_ride_tip_ghost_sustained_007.mid: Failed to render audio
2025-07-22 23:24:32,571 - INFO - Progress: 89.5% (518/579)
2025-07-22 23:24:33,072 - INFO - Processing 519/579: ride_ride_tip_ghost_triplet_006.mid
2025-07-22 23:24:33,072 - INFO - Processing MIDI file: ride_ride_tip_ghost_triplet_006.mid
2025-07-22 23:24:33,072 - INFO - Loading MIDI file: ride_ride_tip_ghost_triplet_006.mid
2025-07-22 23:24:39,448 - INFO - MIDI file loaded: ride_ride_tip_ghost_triplet_006.mid
2025-07-22 23:24:39,448 - INFO - Rendering audio: ride_ride_tip_ghost_triplet_006
2025-07-22 23:25:13,837 - ERROR - Render timeout for ride_ride_tip_ghost_triplet_006
2025-07-22 23:25:13,843 - ERROR - Failed to process ride_ride_tip_ghost_triplet_006.mid: Failed to render audio
2025-07-22 23:25:13,843 - INFO - Progress: 89.6% (519/579)
2025-07-22 23:25:14,344 - INFO - Processing 520/579: ride_ride_tip_hard_double_025.mid
2025-07-22 23:25:14,344 - INFO - Processing MIDI file: ride_ride_tip_hard_double_025.mid
2025-07-22 23:25:14,345 - INFO - Loading MIDI file: ride_ride_tip_hard_double_025.mid
2025-07-22 23:25:20,719 - INFO - MIDI file loaded: ride_ride_tip_hard_double_025.mid
2025-07-22 23:25:20,720 - INFO - Rendering audio: ride_ride_tip_hard_double_025
2025-07-22 23:25:55,109 - ERROR - Render timeout for ride_ride_tip_hard_double_025
2025-07-22 23:25:55,115 - ERROR - Failed to process ride_ride_tip_hard_double_025.mid: Failed to render audio
2025-07-22 23:25:55,115 - INFO - Progress: 89.8% (520/579)
2025-07-22 23:25:55,615 - INFO - Processing 521/579: ride_ride_tip_hard_single_024.mid
2025-07-22 23:25:55,616 - INFO - Processing MIDI file: ride_ride_tip_hard_single_024.mid
2025-07-22 23:25:55,616 - INFO - Loading MIDI file: ride_ride_tip_hard_single_024.mid
2025-07-22 23:26:01,993 - INFO - MIDI file loaded: ride_ride_tip_hard_single_024.mid
2025-07-22 23:26:01,993 - INFO - Rendering audio: ride_ride_tip_hard_single_024
2025-07-22 23:26:36,377 - ERROR - Render timeout for ride_ride_tip_hard_single_024
2025-07-22 23:26:36,382 - ERROR - Failed to process ride_ride_tip_hard_single_024.mid: Failed to render audio
2025-07-22 23:26:36,383 - INFO - Progress: 90.0% (521/579)
2025-07-22 23:26:36,884 - INFO - Processing 522/579: ride_ride_tip_hard_sustained_027.mid
2025-07-22 23:26:36,884 - INFO - Processing MIDI file: ride_ride_tip_hard_sustained_027.mid
2025-07-22 23:26:36,884 - INFO - Loading MIDI file: ride_ride_tip_hard_sustained_027.mid
2025-07-22 23:26:43,260 - INFO - MIDI file loaded: ride_ride_tip_hard_sustained_027.mid
2025-07-22 23:26:43,260 - INFO - Rendering audio: ride_ride_tip_hard_sustained_027
2025-07-22 23:27:17,651 - ERROR - Render timeout for ride_ride_tip_hard_sustained_027
2025-07-22 23:27:17,656 - ERROR - Failed to process ride_ride_tip_hard_sustained_027.mid: Failed to render audio
2025-07-22 23:27:17,656 - INFO - Progress: 90.2% (522/579)
2025-07-22 23:27:18,157 - INFO - Processing 523/579: ride_ride_tip_hard_triplet_026.mid
2025-07-22 23:27:18,157 - INFO - Processing MIDI file: ride_ride_tip_hard_triplet_026.mid
2025-07-22 23:27:18,157 - INFO - Loading MIDI file: ride_ride_tip_hard_triplet_026.mid
2025-07-22 23:27:24,533 - INFO - MIDI file loaded: ride_ride_tip_hard_triplet_026.mid
2025-07-22 23:27:24,533 - INFO - Rendering audio: ride_ride_tip_hard_triplet_026
2025-07-22 23:27:58,921 - ERROR - Render timeout for ride_ride_tip_hard_triplet_026
2025-07-22 23:27:58,927 - ERROR - Failed to process ride_ride_tip_hard_triplet_026.mid: Failed to render audio
2025-07-22 23:27:58,927 - INFO - Progress: 90.3% (523/579)
2025-07-22 23:27:59,428 - INFO - Processing 524/579: ride_ride_tip_medium_double_017.mid
2025-07-22 23:27:59,428 - INFO - Processing MIDI file: ride_ride_tip_medium_double_017.mid
2025-07-22 23:27:59,428 - INFO - Loading MIDI file: ride_ride_tip_medium_double_017.mid
2025-07-22 23:28:05,804 - INFO - MIDI file loaded: ride_ride_tip_medium_double_017.mid
2025-07-22 23:28:05,804 - INFO - Rendering audio: ride_ride_tip_medium_double_017
2025-07-22 23:28:40,193 - ERROR - Render timeout for ride_ride_tip_medium_double_017
2025-07-22 23:28:40,199 - ERROR - Failed to process ride_ride_tip_medium_double_017.mid: Failed to render audio
2025-07-22 23:28:40,199 - INFO - Progress: 90.5% (524/579)
2025-07-22 23:28:40,699 - INFO - Processing 525/579: ride_ride_tip_medium_hard_double_021.mid
2025-07-22 23:28:40,699 - INFO - Processing MIDI file: ride_ride_tip_medium_hard_double_021.mid
2025-07-22 23:28:40,700 - INFO - Loading MIDI file: ride_ride_tip_medium_hard_double_021.mid
2025-07-22 23:28:47,081 - INFO - MIDI file loaded: ride_ride_tip_medium_hard_double_021.mid
2025-07-22 23:28:47,081 - INFO - Rendering audio: ride_ride_tip_medium_hard_double_021
2025-07-22 23:29:21,475 - ERROR - Render timeout for ride_ride_tip_medium_hard_double_021
2025-07-22 23:29:21,480 - ERROR - Failed to process ride_ride_tip_medium_hard_double_021.mid: Failed to render audio
2025-07-22 23:29:21,481 - INFO - Progress: 90.7% (525/579)
2025-07-22 23:29:21,981 - INFO - Processing 526/579: ride_ride_tip_medium_hard_single_020.mid
2025-07-22 23:29:21,981 - INFO - Processing MIDI file: ride_ride_tip_medium_hard_single_020.mid
2025-07-22 23:29:21,981 - INFO - Loading MIDI file: ride_ride_tip_medium_hard_single_020.mid
2025-07-22 23:29:28,363 - INFO - MIDI file loaded: ride_ride_tip_medium_hard_single_020.mid
2025-07-22 23:29:28,363 - INFO - Rendering audio: ride_ride_tip_medium_hard_single_020
2025-07-22 23:30:02,754 - ERROR - Render timeout for ride_ride_tip_medium_hard_single_020
2025-07-22 23:30:02,760 - ERROR - Failed to process ride_ride_tip_medium_hard_single_020.mid: Failed to render audio
2025-07-22 23:30:02,760 - INFO - Progress: 90.8% (526/579)
2025-07-22 23:30:03,261 - INFO - Processing 527/579: ride_ride_tip_medium_hard_sustained_023.mid
2025-07-22 23:30:03,261 - INFO - Processing MIDI file: ride_ride_tip_medium_hard_sustained_023.mid
2025-07-22 23:30:03,261 - INFO - Loading MIDI file: ride_ride_tip_medium_hard_sustained_023.mid
2025-07-22 23:30:09,642 - INFO - MIDI file loaded: ride_ride_tip_medium_hard_sustained_023.mid
2025-07-22 23:30:09,643 - INFO - Rendering audio: ride_ride_tip_medium_hard_sustained_023
2025-07-22 23:30:44,038 - ERROR - Render timeout for ride_ride_tip_medium_hard_sustained_023
2025-07-22 23:30:44,044 - ERROR - Failed to process ride_ride_tip_medium_hard_sustained_023.mid: Failed to render audio
2025-07-22 23:30:44,044 - INFO - Progress: 91.0% (527/579)
2025-07-22 23:30:44,545 - INFO - Processing 528/579: ride_ride_tip_medium_hard_triplet_022.mid
2025-07-22 23:30:44,545 - INFO - Processing MIDI file: ride_ride_tip_medium_hard_triplet_022.mid
2025-07-22 23:30:44,545 - INFO - Loading MIDI file: ride_ride_tip_medium_hard_triplet_022.mid
2025-07-22 23:30:50,926 - INFO - MIDI file loaded: ride_ride_tip_medium_hard_triplet_022.mid
2025-07-22 23:30:50,926 - INFO - Rendering audio: ride_ride_tip_medium_hard_triplet_022
2025-07-22 23:31:25,318 - ERROR - Render timeout for ride_ride_tip_medium_hard_triplet_022
2025-07-22 23:31:25,324 - ERROR - Failed to process ride_ride_tip_medium_hard_triplet_022.mid: Failed to render audio
2025-07-22 23:31:25,325 - INFO - Progress: 91.2% (528/579)
2025-07-22 23:31:25,825 - INFO - Processing 529/579: ride_ride_tip_medium_single_016.mid
2025-07-22 23:31:25,826 - INFO - Processing MIDI file: ride_ride_tip_medium_single_016.mid
2025-07-22 23:31:25,826 - INFO - Loading MIDI file: ride_ride_tip_medium_single_016.mid
2025-07-22 23:31:32,202 - INFO - MIDI file loaded: ride_ride_tip_medium_single_016.mid
2025-07-22 23:31:32,202 - INFO - Rendering audio: ride_ride_tip_medium_single_016
2025-07-22 23:32:06,599 - ERROR - Render timeout for ride_ride_tip_medium_single_016
2025-07-22 23:32:06,606 - ERROR - Failed to process ride_ride_tip_medium_single_016.mid: Failed to render audio
2025-07-22 23:32:06,606 - INFO - Progress: 91.4% (529/579)
2025-07-22 23:32:07,107 - INFO - Processing 530/579: ride_ride_tip_medium_soft_double_013.mid
2025-07-22 23:32:07,107 - INFO - Processing MIDI file: ride_ride_tip_medium_soft_double_013.mid
2025-07-22 23:32:07,107 - INFO - Loading MIDI file: ride_ride_tip_medium_soft_double_013.mid
2025-07-22 23:32:13,489 - INFO - MIDI file loaded: ride_ride_tip_medium_soft_double_013.mid
2025-07-22 23:32:13,489 - INFO - Rendering audio: ride_ride_tip_medium_soft_double_013
2025-07-22 23:32:47,882 - ERROR - Render timeout for ride_ride_tip_medium_soft_double_013
2025-07-22 23:32:47,888 - ERROR - Failed to process ride_ride_tip_medium_soft_double_013.mid: Failed to render audio
2025-07-22 23:32:47,888 - INFO - Progress: 91.5% (530/579)
2025-07-22 23:32:48,389 - INFO - Processing 531/579: ride_ride_tip_medium_soft_single_012.mid
2025-07-22 23:32:48,389 - INFO - Processing MIDI file: ride_ride_tip_medium_soft_single_012.mid
2025-07-22 23:32:48,390 - INFO - Loading MIDI file: ride_ride_tip_medium_soft_single_012.mid
2025-07-22 23:32:54,770 - INFO - MIDI file loaded: ride_ride_tip_medium_soft_single_012.mid
2025-07-22 23:32:54,771 - INFO - Rendering audio: ride_ride_tip_medium_soft_single_012
2025-07-22 23:33:29,162 - ERROR - Render timeout for ride_ride_tip_medium_soft_single_012
2025-07-22 23:33:29,168 - ERROR - Failed to process ride_ride_tip_medium_soft_single_012.mid: Failed to render audio
2025-07-22 23:33:29,168 - INFO - Progress: 91.7% (531/579)
2025-07-22 23:33:29,669 - INFO - Processing 532/579: ride_ride_tip_medium_soft_sustained_015.mid
2025-07-22 23:33:29,669 - INFO - Processing MIDI file: ride_ride_tip_medium_soft_sustained_015.mid
2025-07-22 23:33:29,669 - INFO - Loading MIDI file: ride_ride_tip_medium_soft_sustained_015.mid
2025-07-22 23:33:36,052 - INFO - MIDI file loaded: ride_ride_tip_medium_soft_sustained_015.mid
2025-07-22 23:33:36,052 - INFO - Rendering audio: ride_ride_tip_medium_soft_sustained_015
2025-07-22 23:34:10,449 - ERROR - Render timeout for ride_ride_tip_medium_soft_sustained_015
2025-07-22 23:34:10,454 - ERROR - Failed to process ride_ride_tip_medium_soft_sustained_015.mid: Failed to render audio
2025-07-22 23:34:10,454 - INFO - Progress: 91.9% (532/579)
2025-07-22 23:34:10,955 - INFO - Processing 533/579: ride_ride_tip_medium_soft_triplet_014.mid
2025-07-22 23:34:10,956 - INFO - Processing MIDI file: ride_ride_tip_medium_soft_triplet_014.mid
2025-07-22 23:34:10,956 - INFO - Loading MIDI file: ride_ride_tip_medium_soft_triplet_014.mid
2025-07-22 23:34:17,350 - INFO - MIDI file loaded: ride_ride_tip_medium_soft_triplet_014.mid
2025-07-22 23:34:17,351 - INFO - Rendering audio: ride_ride_tip_medium_soft_triplet_014
2025-07-22 23:34:51,741 - ERROR - Render timeout for ride_ride_tip_medium_soft_triplet_014
2025-07-22 23:34:51,746 - ERROR - Failed to process ride_ride_tip_medium_soft_triplet_014.mid: Failed to render audio
2025-07-22 23:34:51,746 - INFO - Progress: 92.1% (533/579)
2025-07-22 23:34:52,247 - INFO - Processing 534/579: ride_ride_tip_medium_sustained_019.mid
2025-07-22 23:34:52,247 - INFO - Processing MIDI file: ride_ride_tip_medium_sustained_019.mid
2025-07-22 23:34:52,248 - INFO - Loading MIDI file: ride_ride_tip_medium_sustained_019.mid
2025-07-22 23:34:58,625 - INFO - MIDI file loaded: ride_ride_tip_medium_sustained_019.mid
2025-07-22 23:34:58,626 - INFO - Rendering audio: ride_ride_tip_medium_sustained_019
2025-07-22 23:35:33,015 - ERROR - Render timeout for ride_ride_tip_medium_sustained_019
2025-07-22 23:35:33,021 - ERROR - Failed to process ride_ride_tip_medium_sustained_019.mid: Failed to render audio
2025-07-22 23:35:33,021 - INFO - Progress: 92.2% (534/579)
2025-07-22 23:35:33,521 - INFO - Processing 535/579: ride_ride_tip_medium_triplet_018.mid
2025-07-22 23:35:33,522 - INFO - Processing MIDI file: ride_ride_tip_medium_triplet_018.mid
2025-07-22 23:35:33,522 - INFO - Loading MIDI file: ride_ride_tip_medium_triplet_018.mid
2025-07-22 23:35:39,899 - INFO - MIDI file loaded: ride_ride_tip_medium_triplet_018.mid
2025-07-22 23:35:39,899 - INFO - Rendering audio: ride_ride_tip_medium_triplet_018
2025-07-22 23:36:14,286 - ERROR - Render timeout for ride_ride_tip_medium_triplet_018
2025-07-22 23:36:14,291 - ERROR - Failed to process ride_ride_tip_medium_triplet_018.mid: Failed to render audio
2025-07-22 23:36:14,292 - INFO - Progress: 92.4% (535/579)
2025-07-22 23:36:14,792 - INFO - Processing 536/579: ride_ride_tip_soft_double_009.mid
2025-07-22 23:36:14,793 - INFO - Processing MIDI file: ride_ride_tip_soft_double_009.mid
2025-07-22 23:36:14,793 - INFO - Loading MIDI file: ride_ride_tip_soft_double_009.mid
2025-07-22 23:36:21,167 - INFO - MIDI file loaded: ride_ride_tip_soft_double_009.mid
2025-07-22 23:36:21,168 - INFO - Rendering audio: ride_ride_tip_soft_double_009
2025-07-22 23:36:55,553 - ERROR - Render timeout for ride_ride_tip_soft_double_009
2025-07-22 23:36:55,558 - ERROR - Failed to process ride_ride_tip_soft_double_009.mid: Failed to render audio
2025-07-22 23:36:55,558 - INFO - Progress: 92.6% (536/579)
2025-07-22 23:36:56,059 - INFO - Processing 537/579: ride_ride_tip_soft_single_008.mid
2025-07-22 23:36:56,059 - INFO - Processing MIDI file: ride_ride_tip_soft_single_008.mid
2025-07-22 23:36:56,059 - INFO - Loading MIDI file: ride_ride_tip_soft_single_008.mid
2025-07-22 23:37:02,433 - INFO - MIDI file loaded: ride_ride_tip_soft_single_008.mid
2025-07-22 23:37:02,434 - INFO - Rendering audio: ride_ride_tip_soft_single_008
2025-07-22 23:37:36,821 - ERROR - Render timeout for ride_ride_tip_soft_single_008
2025-07-22 23:37:36,826 - ERROR - Failed to process ride_ride_tip_soft_single_008.mid: Failed to render audio
2025-07-22 23:37:36,826 - INFO - Progress: 92.7% (537/579)
2025-07-22 23:37:37,326 - INFO - Processing 538/579: ride_ride_tip_soft_sustained_011.mid
2025-07-22 23:37:37,327 - INFO - Processing MIDI file: ride_ride_tip_soft_sustained_011.mid
2025-07-22 23:37:37,327 - INFO - Loading MIDI file: ride_ride_tip_soft_sustained_011.mid
2025-07-22 23:37:43,701 - INFO - MIDI file loaded: ride_ride_tip_soft_sustained_011.mid
2025-07-22 23:37:43,702 - INFO - Rendering audio: ride_ride_tip_soft_sustained_011
2025-07-22 23:38:18,090 - ERROR - Render timeout for ride_ride_tip_soft_sustained_011
2025-07-22 23:38:18,096 - ERROR - Failed to process ride_ride_tip_soft_sustained_011.mid: Failed to render audio
2025-07-22 23:38:18,096 - INFO - Progress: 92.9% (538/579)
2025-07-22 23:38:18,596 - INFO - Processing 539/579: ride_ride_tip_soft_triplet_010.mid
2025-07-22 23:38:18,597 - INFO - Processing MIDI file: ride_ride_tip_soft_triplet_010.mid
2025-07-22 23:38:18,597 - INFO - Loading MIDI file: ride_ride_tip_soft_triplet_010.mid
2025-07-22 23:38:24,970 - INFO - MIDI file loaded: ride_ride_tip_soft_triplet_010.mid
2025-07-22 23:38:24,970 - INFO - Rendering audio: ride_ride_tip_soft_triplet_010
2025-07-22 23:38:59,356 - ERROR - Render timeout for ride_ride_tip_soft_triplet_010
2025-07-22 23:38:59,363 - ERROR - Failed to process ride_ride_tip_soft_triplet_010.mid: Failed to render audio
2025-07-22 23:38:59,363 - INFO - Progress: 93.1% (539/579)
2025-07-22 23:38:59,864 - INFO - Processing 540/579: ride_ride_tip_whisper_double_001.mid
2025-07-22 23:38:59,864 - INFO - Processing MIDI file: ride_ride_tip_whisper_double_001.mid
2025-07-22 23:38:59,864 - INFO - Loading MIDI file: ride_ride_tip_whisper_double_001.mid
2025-07-22 23:39:06,242 - INFO - MIDI file loaded: ride_ride_tip_whisper_double_001.mid
2025-07-22 23:39:06,243 - INFO - Rendering audio: ride_ride_tip_whisper_double_001
2025-07-22 23:39:40,630 - ERROR - Render timeout for ride_ride_tip_whisper_double_001
2025-07-22 23:39:40,636 - ERROR - Failed to process ride_ride_tip_whisper_double_001.mid: Failed to render audio
2025-07-22 23:39:40,637 - INFO - Progress: 93.3% (540/579)
2025-07-22 23:39:41,137 - INFO - Processing 541/579: ride_ride_tip_whisper_single_000.mid
2025-07-22 23:39:41,137 - INFO - Processing MIDI file: ride_ride_tip_whisper_single_000.mid
2025-07-22 23:39:41,137 - INFO - Loading MIDI file: ride_ride_tip_whisper_single_000.mid
2025-07-22 23:39:47,515 - INFO - MIDI file loaded: ride_ride_tip_whisper_single_000.mid
2025-07-22 23:39:47,515 - INFO - Rendering audio: ride_ride_tip_whisper_single_000
2025-07-22 23:40:21,905 - ERROR - Render timeout for ride_ride_tip_whisper_single_000
2025-07-22 23:40:21,911 - ERROR - Failed to process ride_ride_tip_whisper_single_000.mid: Failed to render audio
2025-07-22 23:40:21,911 - INFO - Progress: 93.4% (541/579)
2025-07-22 23:40:22,411 - INFO - Processing 542/579: ride_ride_tip_whisper_sustained_003.mid
2025-07-22 23:40:22,412 - INFO - Processing MIDI file: ride_ride_tip_whisper_sustained_003.mid
2025-07-22 23:40:22,412 - INFO - Loading MIDI file: ride_ride_tip_whisper_sustained_003.mid
2025-07-22 23:40:28,789 - INFO - MIDI file loaded: ride_ride_tip_whisper_sustained_003.mid
2025-07-22 23:40:28,789 - INFO - Rendering audio: ride_ride_tip_whisper_sustained_003
2025-07-22 23:41:03,179 - ERROR - Render timeout for ride_ride_tip_whisper_sustained_003
2025-07-22 23:41:03,184 - ERROR - Failed to process ride_ride_tip_whisper_sustained_003.mid: Failed to render audio
2025-07-22 23:41:03,185 - INFO - Progress: 93.6% (542/579)
2025-07-22 23:41:03,685 - INFO - Processing 543/579: ride_ride_tip_whisper_triplet_002.mid
2025-07-22 23:41:03,686 - INFO - Processing MIDI file: ride_ride_tip_whisper_triplet_002.mid
2025-07-22 23:41:03,686 - INFO - Loading MIDI file: ride_ride_tip_whisper_triplet_002.mid
2025-07-22 23:41:10,062 - INFO - MIDI file loaded: ride_ride_tip_whisper_triplet_002.mid
2025-07-22 23:41:10,062 - INFO - Rendering audio: ride_ride_tip_whisper_triplet_002
2025-07-22 23:41:44,456 - ERROR - Render timeout for ride_ride_tip_whisper_triplet_002
2025-07-22 23:41:44,461 - ERROR - Failed to process ride_ride_tip_whisper_triplet_002.mid: Failed to render audio
2025-07-22 23:41:44,461 - INFO - Progress: 93.8% (543/579)
2025-07-22 23:41:44,962 - INFO - Processing 544/579: snare_snare_buzz_hard_023.mid
2025-07-22 23:41:44,962 - INFO - Processing MIDI file: snare_snare_buzz_hard_023.mid
2025-07-22 23:41:44,962 - INFO - Loading MIDI file: snare_snare_buzz_hard_023.mid
2025-07-22 23:41:51,331 - INFO - MIDI file loaded: snare_snare_buzz_hard_023.mid
2025-07-22 23:41:51,331 - INFO - Rendering audio: snare_snare_buzz_hard_023
2025-07-22 23:42:25,718 - ERROR - Render timeout for snare_snare_buzz_hard_023
2025-07-22 23:42:25,724 - ERROR - Failed to process snare_snare_buzz_hard_023.mid: Failed to render audio
2025-07-22 23:42:25,725 - INFO - Progress: 94.0% (544/579)
2025-07-22 23:42:26,225 - INFO - Processing 545/579: snare_snare_buzz_medium_022.mid
2025-07-22 23:42:26,226 - INFO - Processing MIDI file: snare_snare_buzz_medium_022.mid
2025-07-22 23:42:26,226 - INFO - Loading MIDI file: snare_snare_buzz_medium_022.mid
2025-07-22 23:42:32,598 - INFO - MIDI file loaded: snare_snare_buzz_medium_022.mid
2025-07-22 23:42:32,599 - INFO - Rendering audio: snare_snare_buzz_medium_022
2025-07-22 23:43:06,984 - ERROR - Render timeout for snare_snare_buzz_medium_022
2025-07-22 23:43:06,989 - ERROR - Failed to process snare_snare_buzz_medium_022.mid: Failed to render audio
2025-07-22 23:43:06,989 - INFO - Progress: 94.1% (545/579)
2025-07-22 23:43:07,490 - INFO - Processing 546/579: snare_snare_buzz_soft_021.mid
2025-07-22 23:43:07,490 - INFO - Processing MIDI file: snare_snare_buzz_soft_021.mid
2025-07-22 23:43:07,490 - INFO - Loading MIDI file: snare_snare_buzz_soft_021.mid
2025-07-22 23:43:13,858 - INFO - MIDI file loaded: snare_snare_buzz_soft_021.mid
2025-07-22 23:43:13,858 - INFO - Rendering audio: snare_snare_buzz_soft_021
2025-07-22 23:43:48,242 - ERROR - Render timeout for snare_snare_buzz_soft_021
2025-07-22 23:43:48,248 - ERROR - Failed to process snare_snare_buzz_soft_021.mid: Failed to render audio
2025-07-22 23:43:48,248 - INFO - Progress: 94.3% (546/579)
2025-07-22 23:43:48,748 - INFO - Processing 547/579: snare_snare_center_hard_008.mid
2025-07-22 23:43:48,749 - INFO - Processing MIDI file: snare_snare_center_hard_008.mid
2025-07-22 23:43:48,749 - INFO - Loading MIDI file: snare_snare_center_hard_008.mid
2025-07-22 23:43:55,122 - INFO - MIDI file loaded: snare_snare_center_hard_008.mid
2025-07-22 23:43:55,122 - INFO - Rendering audio: snare_snare_center_hard_008
2025-07-22 23:44:29,507 - ERROR - Render timeout for snare_snare_center_hard_008
2025-07-22 23:44:29,512 - ERROR - Failed to process snare_snare_center_hard_008.mid: Failed to render audio
2025-07-22 23:44:29,513 - INFO - Progress: 94.5% (547/579)
2025-07-22 23:44:30,013 - INFO - Processing 548/579: snare_snare_center_hard_011.mid
2025-07-22 23:44:30,013 - INFO - Processing MIDI file: snare_snare_center_hard_011.mid
2025-07-22 23:44:30,014 - INFO - Loading MIDI file: snare_snare_center_hard_011.mid
2025-07-22 23:44:36,383 - INFO - MIDI file loaded: snare_snare_center_hard_011.mid
2025-07-22 23:44:36,384 - INFO - Rendering audio: snare_snare_center_hard_011
2025-07-22 23:45:10,772 - ERROR - Render timeout for snare_snare_center_hard_011
2025-07-22 23:45:10,777 - ERROR - Failed to process snare_snare_center_hard_011.mid: Failed to render audio
2025-07-22 23:45:10,777 - INFO - Progress: 94.6% (548/579)
2025-07-22 23:45:11,278 - INFO - Processing 549/579: snare_snare_center_medium_007.mid
2025-07-22 23:45:11,278 - INFO - Processing MIDI file: snare_snare_center_medium_007.mid
2025-07-22 23:45:11,278 - INFO - Loading MIDI file: snare_snare_center_medium_007.mid
2025-07-22 23:45:17,650 - INFO - MIDI file loaded: snare_snare_center_medium_007.mid
2025-07-22 23:45:17,650 - INFO - Rendering audio: snare_snare_center_medium_007
2025-07-22 23:45:52,036 - ERROR - Render timeout for snare_snare_center_medium_007
2025-07-22 23:45:52,041 - ERROR - Failed to process snare_snare_center_medium_007.mid: Failed to render audio
2025-07-22 23:45:52,041 - INFO - Progress: 94.8% (549/579)
2025-07-22 23:45:52,541 - INFO - Processing 550/579: snare_snare_center_medium_010.mid
2025-07-22 23:45:52,542 - INFO - Processing MIDI file: snare_snare_center_medium_010.mid
2025-07-22 23:45:52,542 - INFO - Loading MIDI file: snare_snare_center_medium_010.mid
2025-07-22 23:45:58,913 - INFO - MIDI file loaded: snare_snare_center_medium_010.mid
2025-07-22 23:45:58,914 - INFO - Rendering audio: snare_snare_center_medium_010
2025-07-22 23:46:33,301 - ERROR - Render timeout for snare_snare_center_medium_010
2025-07-22 23:46:33,307 - ERROR - Failed to process snare_snare_center_medium_010.mid: Failed to render audio
2025-07-22 23:46:33,307 - INFO - Progress: 95.0% (550/579)
2025-07-22 23:46:33,808 - INFO - Processing 551/579: snare_snare_center_soft_006.mid
2025-07-22 23:46:33,808 - INFO - Processing MIDI file: snare_snare_center_soft_006.mid
2025-07-22 23:46:33,808 - INFO - Loading MIDI file: snare_snare_center_soft_006.mid
2025-07-22 23:46:40,179 - INFO - MIDI file loaded: snare_snare_center_soft_006.mid
2025-07-22 23:46:40,179 - INFO - Rendering audio: snare_snare_center_soft_006
2025-07-22 23:47:14,567 - ERROR - Render timeout for snare_snare_center_soft_006
2025-07-22 23:47:14,572 - ERROR - Failed to process snare_snare_center_soft_006.mid: Failed to render audio
2025-07-22 23:47:14,573 - INFO - Progress: 95.2% (551/579)
2025-07-22 23:47:15,073 - INFO - Processing 552/579: snare_snare_center_soft_009.mid
2025-07-22 23:47:15,073 - INFO - Processing MIDI file: snare_snare_center_soft_009.mid
2025-07-22 23:47:15,073 - INFO - Loading MIDI file: snare_snare_center_soft_009.mid
2025-07-22 23:47:21,445 - INFO - MIDI file loaded: snare_snare_center_soft_009.mid
2025-07-22 23:47:21,445 - INFO - Rendering audio: snare_snare_center_soft_009
2025-07-22 23:47:55,831 - ERROR - Render timeout for snare_snare_center_soft_009
2025-07-22 23:47:55,837 - ERROR - Failed to process snare_snare_center_soft_009.mid: Failed to render audio
2025-07-22 23:47:55,838 - INFO - Progress: 95.3% (552/579)
2025-07-22 23:47:56,339 - INFO - Processing 553/579: snare_snare_cross_stick_hard_017.mid
2025-07-22 23:47:56,339 - INFO - Processing MIDI file: snare_snare_cross_stick_hard_017.mid
2025-07-22 23:47:56,339 - INFO - Loading MIDI file: snare_snare_cross_stick_hard_017.mid
2025-07-22 23:48:02,715 - INFO - MIDI file loaded: snare_snare_cross_stick_hard_017.mid
2025-07-22 23:48:02,716 - INFO - Rendering audio: snare_snare_cross_stick_hard_017
2025-07-22 23:48:37,106 - ERROR - Render timeout for snare_snare_cross_stick_hard_017
2025-07-22 23:48:37,112 - ERROR - Failed to process snare_snare_cross_stick_hard_017.mid: Failed to render audio
2025-07-22 23:48:37,112 - INFO - Progress: 95.5% (553/579)
2025-07-22 23:48:37,613 - INFO - Processing 554/579: snare_snare_cross_stick_medium_016.mid
2025-07-22 23:48:37,613 - INFO - Processing MIDI file: snare_snare_cross_stick_medium_016.mid
2025-07-22 23:48:37,613 - INFO - Loading MIDI file: snare_snare_cross_stick_medium_016.mid
2025-07-22 23:48:43,991 - INFO - MIDI file loaded: snare_snare_cross_stick_medium_016.mid
2025-07-22 23:48:43,991 - INFO - Rendering audio: snare_snare_cross_stick_medium_016
2025-07-22 23:49:18,384 - ERROR - Render timeout for snare_snare_cross_stick_medium_016
2025-07-22 23:49:18,389 - ERROR - Failed to process snare_snare_cross_stick_medium_016.mid: Failed to render audio
2025-07-22 23:49:18,390 - INFO - Progress: 95.7% (554/579)
2025-07-22 23:49:18,890 - INFO - Processing 555/579: snare_snare_cross_stick_soft_015.mid
2025-07-22 23:49:18,890 - INFO - Processing MIDI file: snare_snare_cross_stick_soft_015.mid
2025-07-22 23:49:18,891 - INFO - Loading MIDI file: snare_snare_cross_stick_soft_015.mid
2025-07-22 23:49:25,267 - INFO - MIDI file loaded: snare_snare_cross_stick_soft_015.mid
2025-07-22 23:49:25,267 - INFO - Rendering audio: snare_snare_cross_stick_soft_015
2025-07-22 23:49:59,654 - ERROR - Render timeout for snare_snare_cross_stick_soft_015
2025-07-22 23:49:59,659 - ERROR - Failed to process snare_snare_cross_stick_soft_015.mid: Failed to render audio
2025-07-22 23:49:59,659 - INFO - Progress: 95.9% (555/579)
2025-07-22 23:50:00,160 - INFO - Processing 556/579: snare_snare_ghost_hard_020.mid
2025-07-22 23:50:00,160 - INFO - Processing MIDI file: snare_snare_ghost_hard_020.mid
2025-07-22 23:50:00,161 - INFO - Loading MIDI file: snare_snare_ghost_hard_020.mid
2025-07-22 23:50:06,531 - INFO - MIDI file loaded: snare_snare_ghost_hard_020.mid
2025-07-22 23:50:06,531 - INFO - Rendering audio: snare_snare_ghost_hard_020
2025-07-22 23:50:40,915 - ERROR - Render timeout for snare_snare_ghost_hard_020
2025-07-22 23:50:40,920 - ERROR - Failed to process snare_snare_ghost_hard_020.mid: Failed to render audio
2025-07-22 23:50:40,920 - INFO - Progress: 96.0% (556/579)
2025-07-22 23:50:41,420 - INFO - Processing 557/579: snare_snare_ghost_medium_019.mid
2025-07-22 23:50:41,421 - INFO - Processing MIDI file: snare_snare_ghost_medium_019.mid
2025-07-22 23:50:41,421 - INFO - Loading MIDI file: snare_snare_ghost_medium_019.mid
2025-07-22 23:50:47,792 - INFO - MIDI file loaded: snare_snare_ghost_medium_019.mid
2025-07-22 23:50:47,792 - INFO - Rendering audio: snare_snare_ghost_medium_019
2025-07-22 23:51:22,176 - ERROR - Render timeout for snare_snare_ghost_medium_019
2025-07-22 23:51:22,182 - ERROR - Failed to process snare_snare_ghost_medium_019.mid: Failed to render audio
2025-07-22 23:51:22,182 - INFO - Progress: 96.2% (557/579)
2025-07-22 23:51:22,683 - INFO - Processing 558/579: snare_snare_ghost_soft_018.mid
2025-07-22 23:51:22,683 - INFO - Processing MIDI file: snare_snare_ghost_soft_018.mid
2025-07-22 23:51:22,683 - INFO - Loading MIDI file: snare_snare_ghost_soft_018.mid
2025-07-22 23:51:29,052 - INFO - MIDI file loaded: snare_snare_ghost_soft_018.mid
2025-07-22 23:51:29,053 - INFO - Rendering audio: snare_snare_ghost_soft_018
2025-07-22 23:52:03,438 - ERROR - Render timeout for snare_snare_ghost_soft_018
2025-07-22 23:52:03,443 - ERROR - Failed to process snare_snare_ghost_soft_018.mid: Failed to render audio
2025-07-22 23:52:03,443 - INFO - Progress: 96.4% (558/579)
2025-07-22 23:52:03,945 - INFO - Processing 559/579: snare_snare_rim_shot_hard_014.mid
2025-07-22 23:52:03,945 - INFO - Processing MIDI file: snare_snare_rim_shot_hard_014.mid
2025-07-22 23:52:03,945 - INFO - Loading MIDI file: snare_snare_rim_shot_hard_014.mid
2025-07-22 23:52:10,320 - INFO - MIDI file loaded: snare_snare_rim_shot_hard_014.mid
2025-07-22 23:52:10,320 - INFO - Rendering audio: snare_snare_rim_shot_hard_014
2025-07-22 23:52:44,710 - ERROR - Render timeout for snare_snare_rim_shot_hard_014
2025-07-22 23:52:44,718 - ERROR - Failed to process snare_snare_rim_shot_hard_014.mid: Failed to render audio
2025-07-22 23:52:44,718 - INFO - Progress: 96.5% (559/579)
2025-07-22 23:52:45,219 - INFO - Processing 560/579: snare_snare_rim_shot_medium_013.mid
2025-07-22 23:52:45,219 - INFO - Processing MIDI file: snare_snare_rim_shot_medium_013.mid
2025-07-22 23:52:45,219 - INFO - Loading MIDI file: snare_snare_rim_shot_medium_013.mid
2025-07-22 23:52:51,594 - INFO - MIDI file loaded: snare_snare_rim_shot_medium_013.mid
2025-07-22 23:52:51,595 - INFO - Rendering audio: snare_snare_rim_shot_medium_013
2025-07-22 23:53:25,985 - ERROR - Render timeout for snare_snare_rim_shot_medium_013
2025-07-22 23:53:25,991 - ERROR - Failed to process snare_snare_rim_shot_medium_013.mid: Failed to render audio
2025-07-22 23:53:25,991 - INFO - Progress: 96.7% (560/579)
2025-07-22 23:53:26,491 - INFO - Processing 561/579: snare_snare_rim_shot_soft_012.mid
2025-07-22 23:53:26,492 - INFO - Processing MIDI file: snare_snare_rim_shot_soft_012.mid
2025-07-22 23:53:26,492 - INFO - Loading MIDI file: snare_snare_rim_shot_soft_012.mid
2025-07-22 23:53:32,867 - INFO - MIDI file loaded: snare_snare_rim_shot_soft_012.mid
2025-07-22 23:53:32,867 - INFO - Rendering audio: snare_snare_rim_shot_soft_012
2025-07-22 23:54:07,254 - ERROR - Render timeout for snare_snare_rim_shot_soft_012
2025-07-22 23:54:07,259 - ERROR - Failed to process snare_snare_rim_shot_soft_012.mid: Failed to render audio
2025-07-22 23:54:07,260 - INFO - Progress: 96.9% (561/579)
2025-07-22 23:54:07,761 - INFO - Processing 562/579: splash_splash_hard_050.mid
2025-07-22 23:54:07,761 - INFO - Processing MIDI file: splash_splash_hard_050.mid
2025-07-22 23:54:07,762 - INFO - Loading MIDI file: splash_splash_hard_050.mid
2025-07-22 23:54:14,130 - INFO - MIDI file loaded: splash_splash_hard_050.mid
2025-07-22 23:54:14,130 - INFO - Rendering audio: splash_splash_hard_050
2025-07-22 23:54:48,515 - ERROR - Render timeout for splash_splash_hard_050
2025-07-22 23:54:48,520 - ERROR - Failed to process splash_splash_hard_050.mid: Failed to render audio
2025-07-22 23:54:48,521 - INFO - Progress: 97.1% (562/579)
2025-07-22 23:54:49,021 - INFO - Processing 563/579: splash_splash_medium_049.mid
2025-07-22 23:54:49,022 - INFO - Processing MIDI file: splash_splash_medium_049.mid
2025-07-22 23:54:49,022 - INFO - Loading MIDI file: splash_splash_medium_049.mid
2025-07-22 23:54:55,390 - INFO - MIDI file loaded: splash_splash_medium_049.mid
2025-07-22 23:54:55,390 - INFO - Rendering audio: splash_splash_medium_049
2025-07-22 23:55:29,772 - ERROR - Render timeout for splash_splash_medium_049
2025-07-22 23:55:29,777 - ERROR - Failed to process splash_splash_medium_049.mid: Failed to render audio
2025-07-22 23:55:29,777 - INFO - Progress: 97.2% (563/579)
2025-07-22 23:55:30,279 - INFO - Processing 564/579: splash_splash_soft_048.mid
2025-07-22 23:55:30,279 - INFO - Processing MIDI file: splash_splash_soft_048.mid
2025-07-22 23:55:30,279 - INFO - Loading MIDI file: splash_splash_soft_048.mid
2025-07-22 23:55:36,644 - INFO - MIDI file loaded: splash_splash_soft_048.mid
2025-07-22 23:55:36,645 - INFO - Rendering audio: splash_splash_soft_048
2025-07-22 23:56:11,026 - ERROR - Render timeout for splash_splash_soft_048
2025-07-22 23:56:11,032 - ERROR - Failed to process splash_splash_soft_048.mid: Failed to render audio
2025-07-22 23:56:11,032 - INFO - Progress: 97.4% (564/579)
2025-07-22 23:56:11,533 - INFO - Processing 565/579: tom_tom_floor_hard_038.mid
2025-07-22 23:56:11,533 - INFO - Processing MIDI file: tom_tom_floor_hard_038.mid
2025-07-22 23:56:11,534 - INFO - Loading MIDI file: tom_tom_floor_hard_038.mid
2025-07-22 23:56:17,902 - INFO - MIDI file loaded: tom_tom_floor_hard_038.mid
2025-07-22 23:56:17,902 - INFO - Rendering audio: tom_tom_floor_hard_038
2025-07-22 23:56:52,283 - ERROR - Render timeout for tom_tom_floor_hard_038
2025-07-22 23:56:52,288 - ERROR - Failed to process tom_tom_floor_hard_038.mid: Failed to render audio
2025-07-22 23:56:52,289 - INFO - Progress: 97.6% (565/579)
2025-07-22 23:56:52,790 - INFO - Processing 566/579: tom_tom_floor_soft_036.mid
2025-07-22 23:56:52,790 - INFO - Processing MIDI file: tom_tom_floor_soft_036.mid
2025-07-22 23:56:52,791 - INFO - Loading MIDI file: tom_tom_floor_soft_036.mid
2025-07-22 23:56:59,159 - INFO - MIDI file loaded: tom_tom_floor_soft_036.mid
2025-07-22 23:56:59,160 - INFO - Rendering audio: tom_tom_floor_soft_036
2025-07-22 23:57:33,543 - ERROR - Render timeout for tom_tom_floor_soft_036
2025-07-22 23:57:33,548 - ERROR - Failed to process tom_tom_floor_soft_036.mid: Failed to render audio
2025-07-22 23:57:33,548 - INFO - Progress: 97.8% (566/579)
2025-07-22 23:57:34,049 - INFO - Processing 567/579: tom_tom_floor_soft_039.mid
2025-07-22 23:57:34,049 - INFO - Processing MIDI file: tom_tom_floor_soft_039.mid
2025-07-22 23:57:34,050 - INFO - Loading MIDI file: tom_tom_floor_soft_039.mid
2025-07-22 23:57:40,420 - INFO - MIDI file loaded: tom_tom_floor_soft_039.mid
2025-07-22 23:57:40,421 - INFO - Rendering audio: tom_tom_floor_soft_039
2025-07-22 23:58:14,800 - ERROR - Render timeout for tom_tom_floor_soft_039
2025-07-22 23:58:14,805 - ERROR - Failed to process tom_tom_floor_soft_039.mid: Failed to render audio
2025-07-22 23:58:14,806 - INFO - Progress: 97.9% (567/579)
2025-07-22 23:58:15,306 - INFO - Processing 568/579: tom_tom_high_hard_026.mid
2025-07-22 23:58:15,306 - INFO - Processing MIDI file: tom_tom_high_hard_026.mid
2025-07-22 23:58:15,306 - INFO - Loading MIDI file: tom_tom_high_hard_026.mid
2025-07-22 23:58:21,674 - INFO - MIDI file loaded: tom_tom_high_hard_026.mid
2025-07-22 23:58:21,674 - INFO - Rendering audio: tom_tom_high_hard_026
2025-07-22 23:58:56,052 - ERROR - Render timeout for tom_tom_high_hard_026
2025-07-22 23:58:56,058 - ERROR - Failed to process tom_tom_high_hard_026.mid: Failed to render audio
2025-07-22 23:58:56,058 - INFO - Progress: 98.1% (568/579)
2025-07-22 23:58:56,558 - INFO - Processing 569/579: tom_tom_high_hard_029.mid
2025-07-22 23:58:56,559 - INFO - Processing MIDI file: tom_tom_high_hard_029.mid
2025-07-22 23:58:56,559 - INFO - Loading MIDI file: tom_tom_high_hard_029.mid
2025-07-22 23:59:02,926 - INFO - MIDI file loaded: tom_tom_high_hard_029.mid
2025-07-22 23:59:02,927 - INFO - Rendering audio: tom_tom_high_hard_029
2025-07-22 23:59:37,309 - ERROR - Render timeout for tom_tom_high_hard_029
2025-07-22 23:59:37,315 - ERROR - Failed to process tom_tom_high_hard_029.mid: Failed to render audio
2025-07-22 23:59:37,315 - INFO - Progress: 98.3% (569/579)
2025-07-22 23:59:37,815 - INFO - Processing 570/579: tom_tom_high_medium_025.mid
2025-07-22 23:59:37,816 - INFO - Processing MIDI file: tom_tom_high_medium_025.mid
2025-07-22 23:59:37,816 - INFO - Loading MIDI file: tom_tom_high_medium_025.mid
2025-07-22 23:59:44,184 - INFO - MIDI file loaded: tom_tom_high_medium_025.mid
2025-07-22 23:59:44,184 - INFO - Rendering audio: tom_tom_high_medium_025
2025-07-23 00:00:18,568 - ERROR - Render timeout for tom_tom_high_medium_025
2025-07-23 00:00:18,573 - ERROR - Failed to process tom_tom_high_medium_025.mid: Failed to render audio
2025-07-23 00:00:18,573 - INFO - Progress: 98.4% (570/579)
2025-07-23 00:00:19,074 - INFO - Processing 571/579: tom_tom_high_medium_028.mid
2025-07-23 00:00:19,074 - INFO - Processing MIDI file: tom_tom_high_medium_028.mid
2025-07-23 00:00:19,074 - INFO - Loading MIDI file: tom_tom_high_medium_028.mid
2025-07-23 00:00:25,443 - INFO - MIDI file loaded: tom_tom_high_medium_028.mid
2025-07-23 00:00:25,443 - INFO - Rendering audio: tom_tom_high_medium_028
2025-07-23 00:00:59,825 - ERROR - Render timeout for tom_tom_high_medium_028
2025-07-23 00:00:59,830 - ERROR - Failed to process tom_tom_high_medium_028.mid: Failed to render audio
2025-07-23 00:00:59,830 - INFO - Progress: 98.6% (571/579)
2025-07-23 00:01:00,331 - INFO - Processing 572/579: tom_tom_high_soft_024.mid
2025-07-23 00:01:00,331 - INFO - Processing MIDI file: tom_tom_high_soft_024.mid
2025-07-23 00:01:00,331 - INFO - Loading MIDI file: tom_tom_high_soft_024.mid
2025-07-23 00:01:06,702 - INFO - MIDI file loaded: tom_tom_high_soft_024.mid
2025-07-23 00:01:06,702 - INFO - Rendering audio: tom_tom_high_soft_024
2025-07-23 00:01:41,083 - ERROR - Render timeout for tom_tom_high_soft_024
2025-07-23 00:01:41,088 - ERROR - Failed to process tom_tom_high_soft_024.mid: Failed to render audio
2025-07-23 00:01:41,088 - INFO - Progress: 98.8% (572/579)
2025-07-23 00:01:41,589 - INFO - Processing 573/579: tom_tom_high_soft_027.mid
2025-07-23 00:01:41,589 - INFO - Processing MIDI file: tom_tom_high_soft_027.mid
2025-07-23 00:01:41,589 - INFO - Loading MIDI file: tom_tom_high_soft_027.mid
2025-07-23 00:01:47,958 - INFO - MIDI file loaded: tom_tom_high_soft_027.mid
2025-07-23 00:01:47,959 - INFO - Rendering audio: tom_tom_high_soft_027
2025-07-23 00:02:22,340 - ERROR - Render timeout for tom_tom_high_soft_027
2025-07-23 00:02:22,345 - ERROR - Failed to process tom_tom_high_soft_027.mid: Failed to render audio
2025-07-23 00:02:22,345 - INFO - Progress: 99.0% (573/579)
2025-07-23 00:02:22,846 - INFO - Processing 574/579: tom_tom_mid_hard_032.mid
2025-07-23 00:02:22,846 - INFO - Processing MIDI file: tom_tom_mid_hard_032.mid
2025-07-23 00:02:22,847 - INFO - Loading MIDI file: tom_tom_mid_hard_032.mid
2025-07-23 00:02:29,216 - INFO - MIDI file loaded: tom_tom_mid_hard_032.mid
2025-07-23 00:02:29,216 - INFO - Rendering audio: tom_tom_mid_hard_032
2025-07-23 00:03:03,601 - ERROR - Render timeout for tom_tom_mid_hard_032
2025-07-23 00:03:03,607 - ERROR - Failed to process tom_tom_mid_hard_032.mid: Failed to render audio
2025-07-23 00:03:03,608 - INFO - Progress: 99.1% (574/579)
2025-07-23 00:03:04,108 - INFO - Processing 575/579: tom_tom_mid_hard_035.mid
2025-07-23 00:03:04,109 - INFO - Processing MIDI file: tom_tom_mid_hard_035.mid
2025-07-23 00:03:04,109 - INFO - Loading MIDI file: tom_tom_mid_hard_035.mid
2025-07-23 00:03:10,476 - INFO - MIDI file loaded: tom_tom_mid_hard_035.mid
2025-07-23 00:03:10,476 - INFO - Rendering audio: tom_tom_mid_hard_035
2025-07-23 00:03:44,856 - ERROR - Render timeout for tom_tom_mid_hard_035
2025-07-23 00:03:44,862 - ERROR - Failed to process tom_tom_mid_hard_035.mid: Failed to render audio
2025-07-23 00:03:44,862 - INFO - Progress: 99.3% (575/579)
2025-07-23 00:03:45,362 - INFO - Processing 576/579: tom_tom_mid_medium_031.mid
2025-07-23 00:03:45,363 - INFO - Processing MIDI file: tom_tom_mid_medium_031.mid
2025-07-23 00:03:45,363 - INFO - Loading MIDI file: tom_tom_mid_medium_031.mid
2025-07-23 00:03:51,731 - INFO - MIDI file loaded: tom_tom_mid_medium_031.mid
2025-07-23 00:03:51,731 - INFO - Rendering audio: tom_tom_mid_medium_031
2025-07-23 00:04:26,112 - ERROR - Render timeout for tom_tom_mid_medium_031
2025-07-23 00:04:26,118 - ERROR - Failed to process tom_tom_mid_medium_031.mid: Failed to render audio
2025-07-23 00:04:26,118 - INFO - Progress: 99.5% (576/579)
2025-07-23 00:04:26,618 - INFO - Processing 577/579: tom_tom_mid_medium_034.mid
2025-07-23 00:04:26,619 - INFO - Processing MIDI file: tom_tom_mid_medium_034.mid
2025-07-23 00:04:26,619 - INFO - Loading MIDI file: tom_tom_mid_medium_034.mid
2025-07-23 00:04:32,986 - INFO - MIDI file loaded: tom_tom_mid_medium_034.mid
2025-07-23 00:04:32,986 - INFO - Rendering audio: tom_tom_mid_medium_034
2025-07-23 00:05:07,370 - ERROR - Render timeout for tom_tom_mid_medium_034
2025-07-23 00:05:07,375 - ERROR - Failed to process tom_tom_mid_medium_034.mid: Failed to render audio
2025-07-23 00:05:07,375 - INFO - Progress: 99.7% (577/579)
2025-07-23 00:05:07,876 - INFO - Processing 578/579: tom_tom_mid_soft_030.mid
2025-07-23 00:05:07,876 - INFO - Processing MIDI file: tom_tom_mid_soft_030.mid
2025-07-23 00:05:07,877 - INFO - Loading MIDI file: tom_tom_mid_soft_030.mid
2025-07-23 00:05:14,243 - INFO - MIDI file loaded: tom_tom_mid_soft_030.mid
2025-07-23 00:05:14,244 - INFO - Rendering audio: tom_tom_mid_soft_030
2025-07-23 00:05:48,629 - ERROR - Render timeout for tom_tom_mid_soft_030
2025-07-23 00:05:48,635 - ERROR - Failed to process tom_tom_mid_soft_030.mid: Failed to render audio
2025-07-23 00:05:48,635 - INFO - Progress: 99.8% (578/579)
2025-07-23 00:05:49,136 - INFO - Processing 579/579: tom_tom_mid_soft_033.mid
2025-07-23 00:05:49,136 - INFO - Processing MIDI file: tom_tom_mid_soft_033.mid
2025-07-23 00:05:49,136 - INFO - Loading MIDI file: tom_tom_mid_soft_033.mid
2025-07-23 00:05:55,502 - INFO - MIDI file loaded: tom_tom_mid_soft_033.mid
2025-07-23 00:05:55,502 - INFO - Rendering audio: tom_tom_mid_soft_033
2025-07-23 00:06:29,883 - ERROR - Render timeout for tom_tom_mid_soft_033
2025-07-23 00:06:29,888 - ERROR - Failed to process tom_tom_mid_soft_033.mid: Failed to render audio
2025-07-23 00:06:29,888 - INFO - Progress: 100.0% (579/579)
2025-07-23 00:06:30,389 - INFO - Automated extraction completed
2025-07-23 00:06:30,389 - INFO - Results: {
  "total_patterns": 579,
  "processed_patterns": 579,
  "successful_extractions": 0,
  "failed_extractions": 579,
  "success_rate": 0.0,
  "total_time_seconds": 23906.723039150238,
  "average_time_per_sample": 41.28967709697796
}
